sample_id,price
217392,27.98453812163159
209156,19.193268903819728
262333,12.928474574685575
295979,19.365053083173713
50604,14.39556310446574
184343,14.803193852232232
11241,16.705888971369635
17551,19.262147373964364
13187,14.064921902248221
55004,14.570358190622628
182180,18.615003013594716
104303,17.684690542702167
21764,33.957121981028976
70671,18.846051361593414
165919,23.66167055552075
261335,21.45458036289805
18662,20.31605607488617
72584,28.906796577773967
143166,25.676806112577378
186882,21.87569002118044
39645,20.94579963797356
159533,17.123891864841774
60187,21.965484199171915
170797,11.941393509202518
66314,22.434326352545877
51091,19.323297327736576
287788,21.71687546658639
164102,26.425402427955948
84407,27.49710305399792
222817,22.350981591338993
82351,19.366900624499582
146107,76.20207444840068
288989,27.90598631591344
237589,15.853920055719811
76467,15.050778779491552
140742,15.210180879471306
113002,12.2888136572342
233032,25.356189946041475
195259,33.558650676244575
62879,25.687578707020293
80530,36.52436755438999
137179,19.657534222785927
33905,21.49673383423441
133818,25.730275658050168
77796,15.081437137879714
36107,16.24147951376407
154665,16.731785058364082
37027,23.129795964330054
240232,14.466105323397647
245432,22.107797552764232
127312,29.099426094726585
171816,18.72156067033017
16997,28.57208615859953
240492,22.101565633586453
288383,15.424687484881739
13764,32.984381485692
187870,22.586762727351303
11448,24.387353467373654
43719,23.15682975716057
232550,23.39282669803731
115910,37.126314743119885
60725,17.001239866705546
104621,33.70906358035671
22217,25.517048834511975
120241,12.317842389332117
216080,24.241591971697886
73501,17.917821102649164
214869,21.030112793008538
275959,18.09434687593218
267698,21.71097347586018
149544,45.87513460888012
176733,16.868677602913056
17129,32.71302639581449
269085,35.25655512500963
29960,20.056276225085476
93964,31.793037791798277
68575,17.868546501763653
243936,26.33569121704857
85054,19.8048447633052
220124,14.807638368800104
92050,18.859804246110578
160003,21.980967762907547
110326,29.07269378669062
143699,79.28842713699004
66426,16.08340759243546
297010,20.761812597329335
221734,17.99831313022579
57696,20.146669831354203
151150,22.949797580539673
17929,74.26636974639375
16136,28.432588412593297
221234,20.125926431302673
252779,24.394633978673006
269532,24.413379456163206
77067,15.859859471342181
289489,21.166975117625064
297033,24.421287954613682
79518,16.22095065505865
262905,15.209285828848815
231581,17.377409399457328
24842,29.383466917260527
194737,17.30769754675693
17048,31.09375123951329
19304,53.349691747395674
159190,14.511934512419767
84200,17.027996465032942
21863,17.406661982169844
50428,20.281564276366815
207183,32.39624992191729
14949,27.712927097007423
108463,16.773939790712742
68199,20.5044122611516
297507,14.82723459348459
95999,29.127539691149547
157981,22.717355580566917
98207,18.89054417999189
38542,21.762669267966835
202324,22.66913500710084
276948,22.679332021532
282057,19.018125888661594
28414,22.068305667508916
18416,29.66139893373487
238691,34.4282435127017
176004,36.322344269283725
166670,53.94450628336705
270044,23.61666378022527
110286,14.031142319233362
37731,34.4338319599468
78993,19.43268096575805
42975,13.347826423731476
176190,31.337762473500533
246946,29.335049534707327
250749,20.470111161986377
274858,23.417623392864176
228655,21.36354428004072
38576,12.579369561950099
93850,28.552633138452183
231108,22.754826131362954
241821,36.57540479156416
28416,18.467576501763652
22459,24.576354336611892
260245,13.116543678469515
106387,23.522495861161346
162718,17.012129272669988
13385,15.612197752561935
95381,19.875674345296854
19984,38.63753775919161
204327,18.83673593180196
53918,39.594432565254166
79525,17.3470763796205
137499,18.17354761088705
145265,49.66812792644592
224857,16.327981127450048
63242,16.912662129129796
145346,29.127539691149547
108457,17.648799512937718
296602,24.34510241351267
12884,19.405691866104522
34330,24.03595567219074
104900,24.697968157937794
162440,21.29205130436206
297326,18.46746280834601
187811,17.386117718415353
59161,16.70335753400451
140555,29.673982696325787
164623,23.98267775375654
266433,27.46223623330951
15264,25.975408263193124
107909,28.921516206264744
104129,22.035459576542603
3315,26.5706845429424
232110,62.216140711134116
15259,17.499240497933435
122489,22.99797334282395
114162,17.388128391957657
53002,24.084297512632524
226361,39.39098233609629
37491,20.7781258117654
106568,26.25084900851308
246474,13.71598399916932
129799,20.40585100060058
249306,16.68215005508991
25628,15.998023390207376
298333,18.133710063663266
34576,15.70200491799569
218694,16.11378904246069
98657,26.37948355286725
234444,12.881254189996511
111376,25.221441209439625
240749,26.299387467747522
67239,29.78873689153853
126960,25.839116358841295
230813,15.84055924523555
260101,17.353706430004657
186300,24.470015006329017
63175,22.23871575969743
121274,14.280897851358906
121158,20.691803135452364
257797,15.89752103143952
17424,17.313149918681333
268537,20.73937119714958
42630,38.68610735480013
210931,20.62496617728233
219877,35.852124371502114
52060,22.687558154321078
148816,45.747265643011
29944,17.117207867508863
163353,19.679042587417143
74225,17.192156409210547
110469,15.57854730809466
270145,21.46110201022861
288311,19.73909366198637
290872,23.27796339967774
70721,14.497153879154343
202720,29.89429978408445
147945,62.78399634570006
223980,28.12939022137302
80488,19.654523997143336
226518,21.759732292184005
295186,12.48960501545188
22783,14.60819882464491
125488,25.516411365758465
40762,14.871623965136513
137021,23.47819799619553
8621,15.378589199893998
155090,24.026486052169368
219461,24.68064668841601
140828,18.99233503022088
140260,21.263399699908284
178339,30.58068749904259
46780,13.763830676427244
75476,24.632536917737053
152527,20.183118653122634
248763,28.373864217033837
54851,18.09750599064387
134967,15.87289044927707
262156,14.681739470137384
97673,37.774894665530525
45825,13.068080174717371
213235,18.739651298772536
236835,22.277620838925777
186829,20.72607997881942
297098,22.889000355876938
49119,21.440584590497423
28273,20.49431731799778
43551,21.607037259860117
15870,18.325071642721937
186429,25.529617748992585
216138,29.806651417718495
265947,11.851594403868196
23860,23.95181016518067
257643,24.896763926988932
284735,18.854881318128367
80127,50.368390723069695
229108,26.47570132185292
45313,10.664865133945462
274302,19.723965190275486
180413,22.581334668913076
248948,24.709381404001697
223382,27.79630765012943
196177,37.91915179740421
162606,16.214222071844198
38485,16.440839043562924
110997,27.327254698727984
199785,15.394607719296932
47782,29.127539691149547
188266,13.584512491400854
276766,13.822677927841607
229080,36.13885381919462
155032,32.13230135634835
241232,20.19307789472662
86063,27.25775143771707
133153,14.618640834596047
262851,22.234731588560415
249425,29.400344907202204
109804,28.218374726619185
15776,27.935998796566327
19225,37.86476474113257
170296,21.078231767204365
231193,20.115305798155415
15787,31.865293942908487
245561,13.649117087616494
183367,30.657568205852613
248907,25.303431059927465
5312,48.47240939899599
194345,20.006698823305765
66141,19.21533804051573
36214,27.094413964130307
204169,34.338900229209266
124045,25.39659628910639
99740,15.353774962188496
102026,16.31181535892869
6446,15.167447335069676
228010,16.27234177418925
55078,21.13709388513313
276022,30.511410627246658
219985,13.87938053259955
76530,23.84254688003545
43553,13.882939568199458
238834,35.07320688266334
287170,34.67856824028992
177574,24.214864741434674
286353,16.024205211332198
295293,25.133436040093596
55607,24.68807491039313
11219,20.128230950642404
18008,28.604085098039565
260120,22.332798855549438
145119,33.6755935150244
41348,30.174734595277954
297690,26.500678396072168
116440,15.913447633880637
92491,21.842213853179068
167162,19.709060510985346
84534,29.909570918456854
234402,23.899458026646148
20209,49.56674677975104
250480,20.02094119891244
36411,21.476516506235242
209767,30.63482303891779
61100,33.59596198102898
282007,13.882939568199458
154658,17.500628998120536
242760,17.237535325109114
108754,20.630678966458504
142031,34.40542610729476
228532,25.401153420738755
25171,30.896413678892525
246096,21.5762955732862
136437,26.611643003055793
6954,15.61808039488921
87168,14.916936337602479
266988,18.509343524264395
1453,30.875290948598128
187774,23.448063021178776
1217,14.91374845757052
110388,22.651162590555256
36659,20.2259039872524
241675,27.803025543193474
5476,30.195398602276477
40853,29.71326915380097
97118,25.983184588937075
291044,24.00018231950748
172356,19.58657376120872
328,20.459755545373184
218730,38.454212659205574
283619,21.83541359267922
141307,27.201286725681815
99642,34.01308084148636
91851,19.532748047385393
60574,23.46674722531572
167157,14.677235724358109
286153,26.5706845429424
261201,52.04983294370739
278362,19.995993482900133
70258,16.6996140760021
103117,14.192437508623224
109888,29.326444187178527
160922,24.516928796036826
260244,13.802362080123373
68510,19.85118346108376
290132,32.13904129091162
152384,58.037537856300844
52298,17.27296686382692
274724,17.300880013962026
16733,36.57040830227665
93763,21.68649777070113
120815,20.31459266592197
174764,23.679297250888265
111879,20.88382457486996
282275,16.225240198150225
153963,13.684064682822873
25153,13.073763502346248
291467,24.010099311329903
34841,21.25887261488571
82687,25.159662419499217
177553,13.751044239779082
156805,21.22185343542993
258611,16.121964093993007
255884,24.480578555723763
97974,20.91064515468811
91099,19.616660716828118
234194,18.504410905240753
168901,20.830695196877794
149144,30.83877412982334
176677,9.829485295812846
177184,23.24603563124195
116600,21.066491470590258
2962,23.02967263113583
76098,26.040023863549038
125317,20.807194513705824
280263,13.27841712171563
29803,17.19190130148321
297694,14.621698169944983
174648,21.501494699350783
34400,17.581077663195906
209537,31.589113614497627
139880,23.826996223274158
214188,14.369485786868106
62154,29.345630265092478
61695,17.42060627441157
92731,22.079509548314277
124030,13.2815137956189
204861,31.224197537374483
112854,19.649846988996963
129372,22.880073950064205
27378,27.135875642461166
19752,31.774995171235588
288904,22.38386763734872
108050,20.517293700131876
98597,35.26732136105909
272754,12.782591196668436
43633,28.71082626473709
266438,29.75355138076394
230136,25.505767145628123
189378,23.75698478853018
56151,24.357255023603866
61424,25.09853425126489
7005,24.691131285583012
216155,17.915012377910955
101621,22.152445460753867
103835,31.642709612925966
295945,16.192035864061715
88951,16.396177113873943
1367,60.28995754526579
196772,26.216216632518126
241079,28.789455669420835
131546,14.915372584586432
219420,13.365710517333785
69772,24.753165732479925
175954,24.75863093939428
78660,20.819508579961088
16267,23.219067216324234
63129,28.305374726765763
133911,25.88254494019295
55223,44.508533345426805
161384,17.60812901866829
108680,26.931736751089993
14501,17.00712456592246
168360,25.013400162985796
108606,18.92292321471006
49745,20.385437194659293
289420,22.03336185873831
249657,12.446567548034654
120376,19.688407373231485
177475,16.84794529889954
153404,21.765777068636304
191270,21.09880254006537
285597,26.528363278177018
60105,18.79457514747059
162716,18.940618306038992
757,20.62067815759509
136153,23.20016492698894
92284,17.380844234511596
36017,32.6945388860815
294676,43.93502723570257
63137,31.046418273247117
28670,18.361798147478563
9143,26.82844451275081
151346,20.039861372061843
105154,36.89811389270882
139472,36.1532478395081
81440,18.039858184249166
33788,15.291331784985644
77294,15.974003397790417
227407,22.160994181424332
121174,13.055196304691346
101338,31.5772536434811
119652,28.66538536364731
85247,18.234145012730146
34239,18.673318930796363
58468,25.310393030897874
139535,17.923999615822485
92600,17.748030378004202
176980,13.249543138481002
173313,11.739156499920984
10208,20.733122276179962
118494,34.52944851271673
179952,38.24772023563336
226488,27.25681071734464
268145,21.155724002151196
51109,25.180084800348894
84575,19.032365031715493
26172,19.477623995589894
246066,25.71838322289009
156624,26.318609375201458
106847,20.457188509692596
26333,17.91563451701709
200106,22.548937996225007
63966,17.81829727347299
280188,18.924202503195758
154390,21.387486348501803
62750,21.999834175884562
237955,17.792008420643477
120841,45.16967954428342
169289,29.077132365768676
102605,16.840099003636546
264047,14.165648601024802
19324,49.166891305139906
230346,35.51748938873697
213473,26.055332874874466
3652,15.990592663472711
238809,41.903162300329996
196546,36.90184554451788
102135,29.184802962177162
79500,23.020748739480617
22091,29.07843351332797
104434,19.969677995466036
24402,32.18637757944403
260460,25.306384700155366
140105,22.041959483109796
263903,17.23966869280364
262396,27.303632717536527
215275,23.241080984581806
58814,24.050204982179068
166918,19.094274120599273
27483,16.26470222031808
249168,21.119947156674446
146532,41.83204589328745
280328,21.17668030017191
264055,14.581063732661955
4458,15.293165375664435
239134,13.34392816302244
277635,15.864797097609408
79927,18.911120818150856
139381,12.892871528965363
148254,20.92468339843118
274239,25.143796812669176
266720,19.40511713538323
52519,33.86469758565929
25925,23.18815975969286
26064,17.310416606885276
65069,15.148801709727186
259272,21.133377555827433
232275,27.734201487097522
130721,31.35373424416453
143353,22.08568321198879
180898,21.636272356968284
240508,35.41235244195044
254047,33.4738979991825
74303,21.328261280540726
1312,21.951248510183508
59473,16.06312798327631
77246,31.68459991137639
206602,25.56759088736387
240171,15.300490100552485
282657,23.916444799150305
90846,19.80645069377966
46388,16.320821416255427
97463,21.02782414790652
40535,16.469536237092793
291353,17.22847403800714
272253,17.369028570938205
47248,25.6756049241552
151826,24.275911438370066
3545,16.949608631711904
75411,19.59129340591963
109809,21.4764604741572
89549,14.67659800062433
90787,24.463223828473097
33828,29.157264865953113
273823,22.70431901770562
173335,15.490654733547093
138528,30.432555187843292
65276,21.38716956663203
243634,41.49463091756586
31743,20.85300474628804
74629,19.37735858061464
222281,12.400252641843059
29461,22.098135695045887
280861,30.476884906845516
146969,51.8578358417149
247473,10.496936238438375
38697,11.565002914961864
30431,16.100101971689806
201924,23.138531609489043
128115,22.82838587342693
126415,11.305733030746302
290942,15.182595898770074
243545,21.61382053270668
265469,23.33130186928964
196172,41.183421640351725
186647,20.639915725297406
229890,10.880609725487489
128435,15.071832615737941
289656,21.01174673287072
5316,50.68739095986719
123685,18.70813731417146
277894,21.234897768951654
261001,25.838734342759267
259012,13.277966054462945
172610,27.699317914321114
53489,27.26305121704857
235777,34.08387358288536
54513,25.9693288605239
237815,22.00396031957887
107188,34.44480831899667
177757,26.708598813664214
6076,23.833671674136532
199514,14.787356839475882
209962,23.041105356036933
94869,24.426159908944676
190722,24.46248635622568
108999,39.44933630597285
213412,25.56174987174436
157244,21.26763833111655
59796,23.176955137707147
258468,21.19337475760999
138633,15.152507955924452
190910,20.76405842821101
275652,14.199198466860988
85773,16.004178392673587
193336,24.649337351615635
139990,19.982965417941934
42410,21.81139513635666
88072,22.543663579117027
120673,14.553479735556646
169262,20.06442280569737
167097,17.588678549247
55772,26.805946646023877
182584,23.479790476982124
260784,18.362963816747154
106327,18.670156088519043
231231,18.918141010528952
47734,14.331688007115025
190370,15.911187433573224
283383,25.851106499805944
152590,18.152392480026315
153819,12.541189372867201
298080,12.839404163162524
40247,20.688827691410168
81574,16.02458392737524
220415,23.068808491493094
128618,23.381106140237684
247392,22.96092309929073
18024,28.95371430299763
61989,28.421259996550436
279820,18.253058142888612
141737,23.596530833760628
51683,36.77568136895651
211302,20.23014257702718
20004,29.367611557617693
132133,14.579806905849043
256908,29.755391635329875
131063,19.282492512172546
136282,14.773360233065285
226236,21.187277558370972
148754,47.895343157302726
121703,23.92268051798312
85460,15.522589030359608
117430,42.700663718315674
71677,15.350510156041247
215581,20.7217904091732
257959,26.193794927894338
243037,15.58050878143483
188202,20.68108986235464
51378,24.02364674030225
250832,19.319523214420343
263330,19.379035225797622
143611,49.196512879068415
137737,18.0487356978033
149295,14.944910972383866
100983,35.07401686351041
172239,14.196897888019212
196716,35.015067047550815
94653,24.56131174409196
253438,20.270808405919627
165895,22.382241863273503
142674,29.507846316613488
276247,19.997836390756202
178947,38.50853093411375
128896,15.473493115862308
214,18.45965295238299
147681,47.179483047077085
282811,23.174799974772103
251665,20.12377322323345
260800,36.75595475458027
158374,22.95451102355785
287024,11.81027677302574
240490,26.634927869258252
206024,29.89430254367225
103427,16.64277111070973
165962,13.348902104985376
267859,14.397864959079973
76041,18.01622736936296
92747,23.156939875942555
18079,56.536377366476074
222685,24.808617344399124
78291,20.823884955357528
39332,30.667939877943457
238926,16.02749365301951
10809,25.409887168914107
263575,13.608924053639189
195903,49.82187070618339
202805,32.19943488069429
258819,29.946034091535456
191398,27.720721478939396
296817,11.912483975292746
126196,39.4871984415764
67339,32.42512250917438
215783,29.642005073303995
192675,24.59591580459081
255231,17.89334341853613
233259,15.41573511919863
285751,27.84112873460627
53630,46.12151384563733
113764,20.451266689581256
251944,19.554948842302316
199839,13.857604446343085
206615,23.252746695354844
102083,13.57991180897233
183345,20.616021880094333
101213,26.411762674962215
265625,12.811066158837372
248323,22.6871942460002
161281,17.890241101242477
193907,38.653605436359875
190068,29.62646384615288
206737,26.24416690889804
227822,15.461075658768166
119670,12.720029491008834
170192,28.557977603848677
54458,18.009054393366238
260843,26.954461881865836
96792,26.612532703805208
115401,16.35423861546974
157248,19.209453039579397
109906,27.91773877914257
268058,16.293246758367772
3511,27.02132258552617
205382,28.572017870400337
140925,23.91034538079345
66905,22.23683483662989
59281,30.187397947309044
207538,25.02638615385336
72220,20.1577216741526
258714,18.598360793717525
26648,23.221071710694453
45718,13.071385414549525
88653,21.813890877917554
137497,26.05659770060236
158718,18.938077050900592
254324,24.531700246731255
49911,26.385618075488992
69389,26.695988904874845
217809,15.088407485166291
281866,40.78374989354079
155760,25.306142001170006
47971,18.78970379285706
167382,23.20398767716669
164261,21.333265186434737
169817,25.91917874930063
38801,16.074473077245848
79958,22.86746167023458
150877,20.22537370771667
99971,23.918826165803743
83588,20.651713783142092
95113,19.679042587417143
207410,28.42090705752682
100325,25.438724465519414
103442,18.552521787339714
83695,20.038620848703783
251781,22.352332503924018
121301,15.767563189229474
258942,20.941859210628653
291279,17.972422244739704
177896,17.770877384647253
137662,25.22887850934689
206618,38.37115856298205
153660,16.620220164159072
234476,18.470094808566714
62344,19.427975785681955
5754,22.40930129533501
170750,17.4014639989299
157285,31.22590908903811
172648,18.40781584159878
205013,16.392333541896967
154440,41.77432457458787
276270,15.12941811824253
252535,16.862947464812347
268125,19.475293822879387
12238,22.709872455862758
145666,82.17192166628301
25152,18.0799154076474
227824,22.236815776100066
255621,26.35118582551354
263021,20.941709465471252
42474,14.370525257910327
144420,17.01840687789779
169595,12.12558244346351
52711,31.987030081243415
137947,20.795773215572485
22664,26.47981473927492
109415,26.89102392574295
18063,38.77405567465469
60124,27.095840841725227
223530,40.057195555291095
262692,40.6200909861283
133309,17.449317952999184
219608,17.072621504560125
7270,23.69526623555986
17115,23.814448495290687
13658,18.63443611763234
239179,39.12976844036274
154399,22.96498676657735
76758,16.483847323469686
34772,16.544645305896033
5529,52.5685304107349
42264,20.79589938087562
108776,27.28962637107124
34855,12.51452264894791
182392,20.366436577228775
220459,22.55033997081321
210717,23.907336379297156
122456,23.459614241456432
91699,31.28462523563338
111727,27.700089136842877
242409,45.60902103805593
165744,22.065383343539125
128504,22.927793852545868
25709,14.200403408748418
138826,19.549963060149132
156768,24.14524685066737
117936,23.347200300171913
217869,14.616104623684304
141242,14.599197192580888
85444,25.21664178879917
80893,21.66783806358786
86748,26.423960993783247
218806,29.080277281741434
81903,13.575848736836079
39008,19.394158397626132
280365,24.424283189889863
92226,15.203747545397226
188699,26.13733363062596
55972,20.97001938563109
139148,23.38173074030226
170072,24.524985861007227
223877,18.070812999883305
208580,21.74054114984766
271197,29.180998034817684
83429,24.442540306029663
192743,25.728203239979372
267480,17.143777634543135
212546,24.160032013953646
118777,40.26879251865374
34876,17.298859884623973
244520,17.892495988334236
226045,20.521111805498336
132976,14.649122853849018
2536,28.881971929699752
237699,25.796996971755796
113822,15.242795522482186
81739,18.795220596364054
218421,19.436581073479122
130390,18.487865189338613
266879,16.198561860188097
133917,19.353231597693622
236541,20.90205304664186
235737,26.750718409285163
105998,23.8514950192799
8063,29.903500713457095
157642,20.630705701197634
285272,13.030665906296665
21568,24.678695490344996
125274,13.524200878226287
48762,18.996420566373466
231732,21.587839528788628
291082,32.09945629994145
136841,26.014627899028376
151240,31.560935805659625
262002,19.424496271099265
142161,80.99633990020932
96265,22.883433956851835
232091,27.263332901836844
235664,39.7539374280379
53316,18.746727394884417
118683,24.492951278299998
254850,16.567912414945432
191205,23.692602071861625
163977,14.072871696282883
159162,23.963814529316675
254395,31.381468247524925
174537,30.194869754547796
62582,40.84840168497952
216948,14.022566559538422
157133,20.022738684155133
125324,26.786801021836425
244910,25.475583483016493
47000,17.15502484771173
101896,17.729927162756518
61664,22.349384665543703
53472,14.806801624481642
211136,23.929171785133406
277223,42.57320390280837
53149,21.035099857158773
152643,22.06628612448423
236968,22.41451150298394
183069,25.295184338856963
213556,16.99070268650865
76056,22.170856432932197
170860,21.22185343542993
246091,17.885312148261146
166631,19.03393867728233
50103,10.805892428237001
9088,24.61064064746506
44368,15.826771663620857
44121,19.751423391582215
72529,34.69846473284219
108453,29.100065127022283
11195,19.81274493627718
217454,12.715970428982654
11872,33.02838265707887
128809,18.579479291717337
268120,18.44469709071086
65218,40.61126386365096
222946,30.492405164862372
72681,21.264208214190568
150724,18.305335618752892
189133,23.826996223274158
254060,17.41987793798615
277200,17.423009289719282
233123,25.316097361427293
106195,25.254882967718594
253016,30.188415060233588
31994,29.28747370017923
277163,18.107830789609388
111750,21.05659091604958
162685,27.270424852063705
88611,22.179455528706036
52904,46.87317790095868
247086,32.03688251518919
48,18.127562705437956
28989,14.624050012529755
138371,37.99436410874607
53092,25.442250972720192
250924,11.200306859596614
26697,17.743668277785755
70928,24.69142110003001
8290,20.59363546653686
113409,14.755435539424681
67493,30.310837279008105
128647,22.409460975717174
145088,42.094822513161674
10572,38.50097722892485
217354,31.76677781332637
297462,20.568349598210286
276415,28.618148462467893
81560,22.02476558924687
12386,31.016594695860043
66031,22.901145438387303
162210,27.953115292773
247228,25.99968515956159
226824,20.499072511441693
65420,15.97898283548582
11944,19.463941422986416
6357,21.22185343542993
198468,22.690461496864756
185679,23.519755956725685
116014,31.089589933934537
127526,16.187112479483854
260822,21.23199044272112
12274,26.6472201439421
20492,33.357815907692796
215330,26.638272275321793
136608,20.923127774166307
273838,22.626334741256127
225405,21.648608306647326
273652,18.789127394884414
118549,19.866720171048037
132383,20.40942642660712
90959,13.244254480573137
268302,11.452992168741812
179788,21.19337475760999
205199,25.17706648322029
121788,21.349976374032096
93322,29.67902902632944
120809,20.28295266592197
100458,16.76577909188142
53863,39.58308323446839
218960,21.15700533490159
120344,29.65294653653921
89817,15.651137904707772
120149,20.66679186719183
131365,9.876847928654124
274608,21.491614159345886
151662,16.859505901588083
65792,17.075046801279502
189946,21.918098506080057
176142,28.557977603848677
211713,21.115262341344867
149872,29.37644954010821
293124,23.598485102768596
103461,16.878012729503546
291139,13.196064834948533
106289,14.224418050808964
256018,22.106136296698917
265089,36.232604987049434
105500,17.005724731809746
128209,24.700749179703827
63069,18.313776961527502
135368,15.275725238050455
64419,21.72973027222929
275026,18.444761367759575
268472,9.471147323816918
194986,21.783194298210283
7400,21.361613523687847
14585,21.306844046190864
218014,32.46787677256431
16577,15.443032400770454
43902,22.668659954814636
70510,14.825783199714953
51485,24.323414042514674
45168,22.909068315818068
120558,26.054683170025204
187387,15.53517529132668
19804,48.19699310349405
157423,26.445455357850523
19507,48.74270192731958
209789,18.013858639217027
212038,24.549974450746976
21929,14.608778664941203
141583,18.3341290162475
102144,27.86492289648213
138829,13.092586698278982
126342,14.915052383181509
173355,32.40018540391172
44941,27.812081265937838
132076,42.758564176634096
207105,26.80320122039793
181037,21.61552680815668
162837,14.58368850024209
149254,48.110146436410076
19307,59.726711409394646
18695,16.24952301224652
35605,17.536879611586947
229693,30.41708834072159
102629,33.65140969736266
46659,20.42419502084945
196193,32.93489053110951
272893,23.1444441084485
141407,27.97110223233735
157812,18.88050516890853
271534,12.401991030138447
33212,18.60146885349379
189254,31.959673930129743
241056,19.534340317424427
265878,18.967258119450534
261951,12.615617590944218
136067,9.584259759641025
112446,25.02199791192725
129813,16.659693145670488
179102,22.40107468989755
65320,31.951893163869876
65596,23.2427202356519
155741,19.748016737434376
94464,32.33089173251208
104372,20.695075005549377
138015,18.313776961527502
219135,26.276257211087785
273329,13.30221371156324
9524,14.818863531027924
94740,19.88008383656453
115258,17.68407502057087
175072,16.7255554272837
49193,22.71315918986903
279985,21.797129375996132
121883,18.87957528574821
246524,14.590016826941499
199826,20.7123143424658
221369,14.017808998637808
279051,18.1989742494672
230897,14.321565327570829
296971,22.919649854867455
78497,24.589117902768628
217815,14.880998226748591
161672,28.046487888627468
266998,30.60741251436597
33985,26.244032476417026
201247,23.016598652874045
86969,25.510769800348893
50388,15.439772253430224
201010,28.969229453133558
186451,22.77020705627179
154351,25.47040900244904
275046,22.591119655300705
280021,20.655311384702916
241436,23.269181141085852
247857,34.59107125099793
10657,18.60146885349379
213261,28.372816755710783
95884,22.902550615235704
96789,30.964143397107172
205770,24.175679043244962
153792,18.045080618148724
110806,28.282474393523927
177159,19.835501747865532
108200,34.97730144970964
90516,19.669143438053002
285640,13.395236112197287
157077,22.150568029751533
24892,17.281019502466034
128959,12.389798746731241
194320,22.239983858627568
97933,18.696112731625426
297181,19.34179643397719
268241,21.815198385077373
249683,19.130732704474095
46334,19.171786352446865
240126,22.841454901969637
51151,27.512258893964827
152963,19.735441466035965
156532,10.038594625573264
37773,15.974003397790417
160711,13.023671463423593
187144,35.2668415150842
209728,15.281733848326741
245004,34.86687811613158
3765,24.233703271325176
278764,31.648365268150997
229832,13.904614398370342
136898,17.129725151866374
266146,17.80962507729013
145492,34.38541604012539
114730,19.83570796310402
37655,17.15502484771173
4746,25.309830046561714
51784,15.661078591064674
148111,24.298067335280265
97484,17.802715597315444
132294,25.868502467747522
88475,37.49225272667396
39839,26.87277316014276
138435,20.81359812307675
254612,21.29655770602738
110407,25.03334367919195
216201,22.748791909788984
198973,25.637536891267843
47270,15.375151541143822
81845,18.305335618752892
265067,21.30494886770968
61339,19.225062042310988
200646,19.059861814523053
641,20.53260366831403
23008,40.21039062084964
230721,23.395172752745328
265078,27.63046014533008
226864,21.568577207643695
257844,14.516458017737426
75153,24.704835372111667
189957,36.552797242908035
293283,23.812075630284795
154381,23.911223649889376
159223,20.07485920233104
104005,16.526119515523497
282795,26.727683210125804
103213,28.311852149977835
207481,23.974773513502594
16346,19.647705812314836
168097,14.965140942780138
218685,47.19928142580973
212510,20.17562024650568
69761,18.064257709689276
34261,26.226035258740275
155613,13.760407908516715
102405,23.37626279492859
65165,27.89401453493095
81271,14.633605619632784
196202,52.46344783283579
54659,31.66711840566945
170173,13.141315315574143
174397,23.089526206245914
19855,25.351070927806592
117577,23.749444963510935
267202,21.429902836923088
228350,15.3174833336053
1978,32.20806813291453
247984,14.650983867885799
122207,27.35242908903631
231627,21.353929043276235
274369,33.57018627626607
259978,32.12581508298103
248038,23.214158755786407
53204,21.623961976197087
272432,19.990360988403236
279118,23.874523999787105
76192,30.67213219691835
232918,18.710245597086477
99665,49.800224219968065
292197,17.23633927845217
69415,16.22084199428899
5065,63.003350000884986
94629,20.746902185962227
189410,18.779331883253924
81052,14.975093398851858
239592,21.63576792447227
167338,18.536208600390093
258598,13.54582405363919
31577,22.591726394589127
199878,16.9226192927169
211688,14.080292816934042
123077,40.77561120356661
160631,25.293381808994855
194124,26.02639569079306
198760,14.90825703164478
7926,18.39220928276432
221607,27.845494270165638
234525,29.427126804244477
1478,30.33371023538774
36478,23.173235809307975
116284,25.538216095273413
299316,48.97593880265475
242332,20.89788207737179
217160,20.55948382423036
135661,11.535338423536542
146030,53.90594401546208
138996,20.38629434271096
287685,20.937229883630614
216690,13.925557128566837
149094,46.0908455006694
296481,18.793372523470882
88728,18.3735477394426
250316,15.717275977644414
94996,15.07381284332601
67869,25.071549355092067
4143,69.98260579724956
50456,23.477873135705885
74791,18.990914557900744
191179,16.866301195945006
256495,17.963227306821146
222074,18.92292321471006
129520,19.80397196430277
73167,21.735995576461995
247221,27.652357248548633
224758,28.667932376553846
299087,18.171155308716322
174411,14.57280167999711
271362,24.21804306305971
246840,31.268657941904042
144126,20.69189214216551
193462,19.04831944755629
42309,21.654486077281444
59936,20.241582347071777
289622,14.317212921049407
201205,15.7634159018508
260557,15.637664256099436
45004,20.074011633505258
13546,24.14405785341858
273698,16.842331604447214
258773,10.428870828649927
132105,20.248969735992357
36022,18.564097641128605
291309,21.79739037563535
291548,30.01159633159287
175876,15.274081078241377
22526,28.004549138788395
284234,22.891347639387032
19212,39.176953581938236
57030,27.95172235521927
255405,17.644906834710532
19278,13.303120138177714
259938,20.47984891472545
7821,20.644865319230664
215211,26.011772144731975
271994,26.471320748742254
155724,18.54681209532738
139139,20.06119315391906
113397,21.536731275251064
131028,20.491810877917555
178776,18.86254059708648
287626,19.829115263007992
164588,21.272714297776552
59400,24.524061442318448
261775,25.491503483504353
136778,37.32435963455747
9222,17.027475164469543
55220,29.855271518388264
60238,18.839912191046466
36019,23.495159285076607
92831,24.692820257455296
144064,33.139216060544655
49695,35.62985635815318
88908,14.207014039859917
160006,23.66981758541036
52274,16.649666803950424
263822,18.114730094012916
290456,31.56468387944519
14010,20.92184173167491
73607,28.6977196920487
203224,16.580513203435167
213949,21.609295518377564
127669,19.048943961915146
264184,21.47098539245134
4742,24.595272719680448
107163,27.51435082806524
287004,16.576988870805668
56701,18.934317171802345
297178,16.888076222040336
24757,38.66819194121992
16333,34.79857355819401
203566,26.872336307083152
215231,17.453413732929384
211630,26.025862877148164
188503,21.04347281917741
110838,16.424650009072337
154387,17.671391892225053
274831,18.241977808069272
76354,23.346578507577824
168767,23.32553823262665
148644,53.279538634509734
130372,17.469214627732807
16193,18.119319901828323
244102,35.6266218106038
35748,20.572291711068356
51573,23.679758407869983
229934,18.769442223883235
243366,25.780990783910273
63786,17.487963589362366
255663,20.296806111307994
185875,22.37085963427659
193568,15.933112853322578
44732,24.758357566354498
264249,13.820761181548454
65399,25.160089150511862
48513,11.494660935039528
19150,54.36144504046408
98171,15.22179960608708
66773,26.735944305466244
224116,23.80556518166317
60750,23.55987593148007
181250,21.34121557236649
110987,27.651423515750253
256414,19.29989326834845
259197,22.09851704279103
84498,46.58179377638526
210184,16.290461771756053
273984,20.61946748515131
50832,15.734537496673024
212394,25.0534195951592
91014,22.749411386562716
56694,23.92372980339658
147384,38.86646348226118
292175,19.3843529420305
178681,20.49134727391794
10200,15.243398496543037
115763,20.599682546224102
101604,26.352297742146852
119547,34.01726764441953
13171,18.082124126580876
23375,12.017309902464401
226354,17.622950106193212
274233,21.133377555827433
261746,15.29955237183382
231537,18.743218816928447
64007,22.076335412672528
120421,11.161910011476987
87119,19.358440035884808
74239,22.618660004022257
131701,27.090762739479487
292257,26.840928800349086
189375,19.674815087183255
176414,15.986160100472915
277199,20.735332270902102
119355,14.201199796254665
70311,27.522729077250283
214110,25.70480922665327
258023,24.813388224255633
297100,30.512912923994044
177255,25.548209117791494
200369,15.444293667547239
178870,23.949712394630094
53506,28.048103853667094
100965,39.860465383497875
131576,29.713480262454897
260352,18.305335618752892
73205,16.114920045115458
108167,19.487905671746198
296286,26.515001089613804
275531,27.32454380715469
171723,14.511934512419767
33034,33.615478375042606
114905,17.19809383529599
107043,27.584555089798055
37952,38.14281143272972
39883,15.930322826130283
104133,13.299375754090065
214719,20.187732574690887
268811,17.580336193594214
25599,22.09562927136554
296275,17.60366172085785
226856,24.20459391665901
70174,22.240157696017487
15887,20.061544989418156
34909,19.872187094542046
150145,15.376319367951975
159979,22.310250640173138
152839,26.888088956967874
206957,26.436305511309627
222137,24.8570397301624
116188,31.463988976869338
209216,26.123545207818722
197988,18.62643014770797
174359,12.665262688999434
229096,22.15989807694147
2667,47.86502130438602
135326,26.823060190090445
185615,15.984701953339009
276296,16.915553150764147
44577,16.124318927375235
98309,17.442489973211643
59740,12.956617981836654
28658,16.68479506408348
277437,12.828926921457883
294898,16.675423446776687
254167,20.350095036368693
204291,37.010999724587926
27628,11.706065462082222
57622,29.37645058962616
41221,22.9725410428414
71549,30.297661991242297
204648,37.74919355080374
12908,15.987613681753269
67981,39.69643857345434
201115,22.31536473762055
274658,23.860993904071144
272854,14.346171855754353
53170,17.88769704162717
52396,19.22297490072208
251837,19.1605755327271
275420,42.31815926731324
146704,49.56756765966115
205469,25.728001103407685
67603,15.886799579983697
218656,19.3746528916168
141497,34.201896727349585
123657,22.15542964236757
138677,16.760014049899485
153856,11.967190557213462
166348,22.5977181602969
215472,15.26533299758103
162388,22.370812540743735
298838,20.761275961822957
256341,31.942721969767398
21048,31.11348526841498
21131,50.26334848178526
213975,22.69943434117623
181370,20.298907383505245
169157,27.074941888686936
156246,18.998076574995235
126288,11.709758000667964
140873,28.13308524334575
204559,17.340900323376413
249439,18.3827494892385
38254,14.58368850024209
73157,21.126045667277715
259783,16.523916203707593
7090,15.129730114877413
197017,19.067578200879314
13090,18.133710063663266
245949,33.623694308383136
167943,26.86067014228153
137778,29.400408529566988
236414,18.830733642227376
50946,19.968777994746187
36376,14.329610621742518
101314,28.853801986070703
123964,25.963555750746927
232971,32.46034651183773
243762,29.114870799146605
43888,21.40235086167221
276285,15.920321806216368
84070,19.12693383509464
39091,19.446569343800817
276166,14.541175534553807
223453,14.587118977831722
176647,62.609375463212224
141683,17.6071930191898
187746,26.77349736205203
112436,21.272476544524004
281064,25.361867341430095
282202,19.121643372721856
197465,20.045132508095012
18226,48.03294193803147
70089,24.539373354271827
196921,15.110636376405864
229007,15.222526109314606
253212,16.040696474792643
184629,13.390193315102414
70386,26.434000245200714
158091,23.245385062239453
48612,19.479151123534262
76419,13.26101400737769
79259,20.434548171230887
294352,22.281975707380862
204816,15.600444787236196
107974,14.642509102138423
30223,11.181228722586201
2299,47.81383398334216
145929,53.913369116208955
260654,14.375488125095847
158723,18.31348479205807
295943,22.472389867121326
223669,27.82671597221373
137358,22.5996453020432
19856,29.3659121212358
286149,22.25867793583488
204382,27.795891549487056
88444,21.80407858304134
269137,15.088407485166291
58050,25.95328962806233
135195,47.63385273775225
265515,21.10416596653663
233910,29.24270149983314
240636,22.275652651100422
245571,27.6873408314857
282980,18.429736380649235
228498,40.428036115022834
47886,37.37325590083351
64201,31.380139793690706
213830,27.608904508896266
4303,16.593798970431216
185333,17.361684837577847
11910,18.24407819289969
146341,21.354423699316843
260198,15.716871082150998
212051,19.061154423426423
61457,30.596679225329638
40663,19.879135230703007
276699,21.4958138039819
100559,29.11110830153209
15984,27.451218020364507
282308,15.671162157420648
45613,24.60090272288017
143994,49.59042982420335
25284,29.36868943644236
26557,20.101720051516672
189489,21.236038158365524
85617,22.669993681463758
253410,16.851890914075195
197624,21.70924329769697
238677,28.74755718105403
157176,22.39379435188257
21333,39.93063230487734
40594,29.50877175257596
181258,18.52297278375308
120930,26.996731257020297
280098,20.387172567651213
166113,14.79159047905983
34656,16.92086198710073
84862,31.24736730014604
190065,21.050591802014832
105389,26.932575786280402
88635,14.617381531587034
261938,8.901864689734392
245872,16.73074406857686
256112,16.462739591567864
225346,16.703511894284624
111501,24.762423267524472
290261,21.189558227639054
233282,27.51360331618501
156474,18.946636256541503
247654,40.66208499609845
208935,23.16424500068972
136085,32.57490325163319
107099,15.376319367951975
59347,39.40411362029421
176440,22.22757911327264
176055,16.797472394494246
152479,34.52844860559757
131111,33.56711471133987
212867,18.655593807066545
209826,26.290257391231343
29392,24.765741530543977
298111,23.092146124875416
251361,26.72740757248875
44227,18.52297278375308
142776,33.26786139062851
232239,19.64873040918379
280538,22.935470880907566
20929,54.22921504046408
149677,55.70051096733109
259154,45.63407613635992
74407,21.036493545879352
120074,13.891519253937636
278090,20.50645105631503
159931,21.038348690914482
270730,21.262766462467916
248812,14.837966373131366
217173,36.3288148646254
100284,18.05585582233153
79212,29.0241499629821
198147,26.04087109501952
23401,43.031168416769546
278008,23.6293293821931
243401,28.354495129005425
21337,22.647514243272685
38735,27.720721478939396
198483,22.36617583170681
180527,17.875055662496163
181016,11.22002738935485
272661,15.46669195404481
38620,12.971832767232339
38339,22.253316114060215
13823,31.22178033062436
23543,21.988980395864903
6062,26.92011639061093
152835,23.418624150511874
186030,25.606167134804842
32225,23.276534089394733
167514,22.157228921221414
12715,30.325835051783223
179853,17.009367279216143
140986,19.486738493619143
153728,11.508057863970091
51220,16.732122688120104
124921,34.64229629741178
173433,20.739312814861872
114540,22.08300609589149
172379,10.725074425176683
53454,25.99223127983878
270785,21.646827725439508
183568,19.37213880175731
151394,20.555424042814998
81501,23.24152934521718
20337,50.71220315296564
244186,23.83704773056916
170288,18.477115172200303
70781,20.241146168913083
82323,22.096100605005276
68216,29.71326915380097
226181,30.97844806765061
209594,20.075689043591012
225707,19.45639484879518
55027,20.76826132928837
122397,29.6857153538497
38308,17.425504400593148
48927,27.258936426760727
111831,24.374301587286887
261577,22.779480090194507
185181,17.866930339740634
207086,25.49062126992165
294500,16.248771763592874
122528,20.76276654717726
33197,16.170547790491803
160191,21.37851977938321
244275,20.85114723434848
211792,22.641251026174093
114800,25.269736921047105
91954,25.08346462504528
289374,19.235739273960235
298784,24.114396785742493
286909,22.590681300876565
208153,30.9551962638663
203848,24.43712903767278
84702,27.445333707784453
228752,21.64590254880114
63084,28.809203200669895
220543,17.329228336138023
108466,20.735121281573118
260722,14.239494343310591
101495,21.727179213368526
178629,15.588835259282893
293999,14.863623176957372
70734,28.4833530315944
226983,13.871563991653394
75749,15.380441055214225
120278,23.694585144580905
167176,17.531850116620923
157317,44.26710211820749
58076,37.03229482139582
229712,21.546958312012357
62734,15.99979628422931
176899,17.29024560193907
4674,26.58740236654275
277650,15.242173262389304
11495,37.04105267379611
235239,29.853119758547535
161396,15.9909150141619
155698,18.787083455147776
42589,20.1259819226404
269161,39.69643857345434
293627,21.666947411360333
215943,21.509074729206276
72899,30.687214446332185
7682,30.655280799517904
87790,11.88972506472789
102600,20.81968256459199
248427,12.47538818588419
124136,26.27490157920396
114234,10.923805810486801
35949,11.892525498363945
153261,19.59942269952812
279839,15.985423612277586
199034,21.419158013833805
118719,26.793980200947317
190954,19.119239790598726
58847,13.338185873063003
124868,24.19189144075214
81897,16.440839043562924
75546,15.203615427577486
54702,23.14965429400872
159743,22.86586707466445
112016,15.323201213985465
80144,17.943696707836146
194938,35.04101213585647
238132,37.84259102262863
232694,27.24061419454472
78794,26.80520979809163
212399,19.806737707066144
291858,14.165575117960035
82746,15.191156865564121
7365,17.422728679451343
85531,24.967491642456793
291994,19.18382436431401
138687,18.334991858949284
21231,30.605625092601645
225375,30.058583230768114
152578,22.381624819091222
112493,22.21526329156236
275148,33.68912072627021
233542,23.370456590026517
18401,51.78663561822697
295379,30.36644910138917
51253,27.183891342848113
124747,29.774386099287447
208192,15.556163744713956
52631,29.35428223888406
238835,25.862253254954464
43029,23.088400227466956
283203,27.95261096575025
90403,17.882288015646758
86520,31.13042322830508
17985,78.64247993141264
18306,38.98881420476704
1766,41.40045880127599
151987,40.21351166765771
229894,11.2669490277939
248628,19.423769315164144
164155,19.42068225367788
48572,23.269181141085852
183785,12.778908267399826
105454,25.068964687886773
71685,17.4411114461221
182066,22.763656312753188
251089,16.309360887509662
255613,20.236692936673826
169693,13.016473456206919
229611,32.313190842121955
74192,29.75542226281116
224149,17.072621504560125
166740,28.67157655853174
24850,27.943883132652424
99713,17.46235510722247
183407,23.807852783119138
538,19.755788041909746
7056,15.684169318250719
298046,20.09674038972657
202288,23.50511583656032
288705,17.94722890341636
140606,27.9562362764837
147490,20.31605607488617
146351,28.76205457003079
276405,27.540862684890612
216368,10.957318875343134
229659,19.924506451153604
166946,20.545293677518824
71968,22.883767971215903
994,21.37776987594256
2243,84.09879550443114
32306,17.126675618294534
59833,24.215009567285154
81905,15.986160100472915
242459,20.85419942872075
48217,18.987544910874163
275976,15.202138451661616
175005,15.487817888135822
93398,36.41508827557799
84842,24.31746027766987
292891,30.91096099569962
23093,18.434540234632614
84310,18.40856164930815
223910,42.83438007942224
240140,22.98493444988288
6815,18.502005875833795
106477,54.04285737436733
248577,25.72480418474449
32194,25.9420890339357
47271,16.523916203707593
124707,22.717355580566917
282485,18.66657869872215
148320,63.95991593719843
239843,24.257606248228974
50464,38.42992070774369
53887,24.660230808737502
92847,13.77682471134159
82528,17.063167663195898
198191,13.344805338250945
266183,23.520230043764236
280688,13.823345255805645
179278,34.29942748941588
15181,23.58726674974714
62115,23.79002976928546
84812,25.381331501287
100178,25.187681900763852
11793,18.610223733569978
188043,15.380778925198276
17975,43.339641187589606
40039,17.84763480785764
116379,30.01159633159287
181702,20.931289800092678
281722,20.10985257974354
38035,15.784146167726282
52536,21.62031716142412
89603,16.649666803950424
58311,22.705136943860346
157810,18.713272467002017
105023,16.361366778239493
231869,26.73250648355114
72277,28.447856629624027
153755,14.886280422390211
296593,18.963614233896806
112979,21.52292245854734
8777,14.360877155141285
34038,20.852640531696363
93170,23.145496300876562
22293,17.687403998920725
117943,27.64080687210045
138763,20.548657913724167
79395,16.638281096819863
101986,21.73413810399552
99841,18.824793497140412
273975,19.31503268767278
234957,31.736371726649065
20252,47.63099904197421
193092,21.545934355348297
204075,26.957650615643235
203771,25.559142473016465
120658,12.698663853622019
15339,27.488381123411745
27883,32.72075540380094
165490,17.950006439021053
101150,17.724823498249094
127485,22.779008029553868
194445,13.685854229480835
51020,18.289512923158984
222476,24.933463617560147
98927,19.433512100549134
97909,22.364196476063473
163200,21.17376099014576
203065,35.67167683473942
272265,19.877643625891317
85827,29.29212788509175
136304,21.685453102081766
2394,47.434465243951294
238771,21.636781616967767
55526,19.75488647871274
85367,12.580232994400635
127735,27.414876484877073
74220,22.54361100322629
49577,17.7195869867685
14504,15.720296279895553
164962,12.601744367585365
82553,11.238999298529423
116548,20.79209291718697
198847,14.209528218815297
249117,23.650443875848005
95267,22.761249080497624
244611,28.073518408790004
129004,17.68018818621176
130763,22.934990787412186
286397,15.142167327505922
247287,17.040665397327636
250628,23.169379293771435
277486,27.74468589523844
229013,27.484066510754296
238219,22.546793537199
78420,20.23737818638845
4587,23.304559260050098
98286,17.804319626402616
180081,29.135664584461843
146572,48.252343060727604
24252,27.006375234596895
160684,35.85371105424856
276657,27.635969464167978
49736,23.24204198268081
145578,49.26095508075891
93223,25.83044385306717
239642,22.330631058468864
207799,24.685660408586187
20693,62.085956769265394
168018,17.328799780185253
297019,12.271515843789283
161943,28.663315887796053
61122,15.526079463867564
30215,9.437124833076126
32316,26.884760379473743
28505,21.595491247014206
84454,26.811335103118143
177395,17.639467540417286
281682,14.879976315652499
191978,15.989476760829245
164215,16.24409635503033
199297,14.795393529460014
7604,20.60376911047144
188000,24.087230405922337
179807,22.27124643057427
107345,23.493228905370305
83400,16.35504589113912
210339,23.24152934521718
86767,21.22185343542993
148314,65.21467338009055
298060,19.577753517222
281450,20.949257127530313
3198,23.873017086945573
124604,23.31326337175356
50269,27.62622566029558
274876,24.17498669797945
14992,23.14433873048193
37325,21.757547378742714
276445,15.408565517010484
31907,26.37444101177789
276032,16.589354316194196
245324,22.108518851062723
240156,22.519575645237396
740,24.073702608457065
167818,30.050658393588826
201647,17.74828188179225
123929,19.15955342925291
98567,29.13941367706193
102857,19.299852915805623
61874,21.890315137443388
144018,86.95855945981025
271886,21.22413999222152
58704,17.77729340287218
100061,19.449264270832224
170345,20.801452483909298
209840,25.721365607069394
241495,14.864501473254588
167988,28.763999248047234
119716,40.118279962888664
294775,23.326007925280642
7750,31.72948698007945
92835,21.06104593111629
160101,22.49724536686582
81378,12.260033553572299
73740,15.088407485166291
34415,35.73570992741357
95876,20.618729096901244
73140,35.75908068788456
271410,34.48940330178352
123776,29.088495167718843
254357,12.975945828738102
103630,31.66253241127223
108388,14.573808154162162
33229,26.207672889187997
195345,58.55838015372895
139127,21.515032547289728
268295,33.53481179526155
187285,19.957218631681904
239940,34.55461105424856
162910,21.394207110481794
137824,19.591994237219247
154316,19.108122917186975
233591,15.569557817257131
87701,16.259872054127943
101084,14.778634925587545
255080,13.002025913968499
113565,17.275934049117545
64165,32.65199638432726
43471,26.100402399485894
143633,49.74629012931689
145920,62.0556180536512
109157,40.191699505642724
159870,27.594287628656776
197573,15.336789333148976
113704,25.100527411585958
210815,21.785608064996847
120591,11.558281282706698
98047,14.881254781797992
203368,22.462154678092055
106028,19.17592535341023
12111,14.767525536709034
87685,17.68191944481366
50494,22.389031849741656
108618,24.182304310933013
84317,22.607599416447613
124755,18.8475299752973
67613,13.66047140059943
97619,26.364591772505463
200953,21.354423699316843
238608,26.99674345403057
23040,22.306076178582835
266322,22.42821266102728
196783,21.560158638441784
16778,24.322486032340453
38586,16.25542003542554
104335,18.722825373310478
204023,22.449129977937126
229492,26.097720315874277
230214,26.222776317633652
163141,12.324717784762228
76113,20.14252517961814
263070,21.047317303419256
214409,16.755650502506636
7611,11.644622593247863
69998,25.72126014840511
268843,24.616813021367268
161788,24.321797524036228
133284,17.124650599749724
235174,26.56257257163502
102502,27.072121753396072
198080,26.891455389187996
158284,22.134016379034694
254227,26.387938768546427
10316,27.295586939940403
214320,28.69634957313748
115689,24.72312269777196
145603,63.43034754526582
158806,16.46807510310187
170560,20.19307789472662
236339,17.70653492762974
51328,18.912628365405524
229998,23.12523107186531
193771,39.662759756089955
177762,26.083240620754992
232528,14.749321572515711
111765,23.67976259758325
125767,36.482451787644514
188248,25.032994840939494
177071,20.347351878006002
8657,10.666089842618508
24998,20.23082708228683
277474,15.425821321261102
150388,18.311507590698362
42192,15.632252251411742
263343,17.080334107353412
272361,20.729476798019043
105137,36.689358894677
77347,12.006347375090137
107680,24.59065495660294
129010,14.948835818735898
222785,19.872776235115957
182440,15.424125694484724
98586,24.345335646711618
287251,34.08387358288536
268297,28.897208345890796
199365,18.98088227338693
219207,18.193900141418435
295199,23.300696388828733
297775,24.538012902768628
114859,14.696646109092416
34944,10.339176941797632
120971,31.198170347041877
93258,15.647080846454287
297698,25.28644905686329
177733,23.466413247977748
53451,24.38668638310415
212914,21.590060078979867
265397,23.773560973912943
288374,27.81320335770493
132557,17.97109294286086
55560,17.451981025944566
405,25.015904682831966
28487,19.65418605743078
53926,17.160122384098578
193144,22.16128480401723
52746,15.88438749003085
121291,29.517582713390585
62952,15.610863690216416
69804,31.09375123951329
199906,19.21722704888599
137096,21.688344662951348
36951,31.865285406120073
229439,29.60789840559829
103369,23.63393099194107
102452,27.013025539010634
138461,12.058633540157079
45904,27.63677112676192
56955,25.341691617981418
43802,15.110636376405864
68656,22.107514275306574
43228,20.13859397829138
208787,28.136016991525462
7855,21.898755729676942
276144,19.82828810696815
220159,15.864798227184306
150968,23.591460602460426
291914,15.324139945232327
144755,13.694671677897265
1815,52.33270281555299
122634,38.597805572141574
27519,18.329129911656263
57021,30.886826190927774
56849,15.538721599406802
251493,26.957594804729574
240782,29.362988128945595
141597,18.305335618752892
152801,25.121839975274746
189901,27.24540819107047
76756,35.41704900644318
223987,34.25956145437776
3124,27.183379521407637
132531,24.631042530031475
120420,17.839527459132885
210451,15.286346905437842
191600,17.477913505365834
191908,15.625094761782702
282185,28.37659452919282
143990,48.33937410621323
80391,24.268748977506284
81258,13.707814681370701
127676,25.96620338450598
204784,24.775716501845707
168124,15.27749515068046
10868,25.610772202625004
83647,17.471477698297786
279475,29.479874047910847
200845,20.739702460142784
32965,14.026350409204786
199494,16.84794529889954
203763,31.30013427746262
54544,17.507709533966626
236476,19.595239314084722
263398,17.382394531364785
224188,16.006811137048807
235573,26.00595653761751
238119,19.094213716969396
221992,23.25707087079387
186949,27.085248995855626
121622,22.92975246008465
286804,24.564737526409335
187573,15.522105878755628
244897,24.736799637461505
94728,20.524115501366687
116152,26.35415112647476
217969,15.96687914872592
231351,27.248445378871025
52958,14.760465623106418
266843,16.461748214824308
95642,22.570517169302185
139489,19.61504274718645
67777,29.089487510814735
164715,18.266234687924957
66524,35.08744008505694
133647,12.695243817054694
191448,19.971094771106973
255432,16.886515701018162
106217,23.53840004072865
144892,14.624408918369204
160467,29.87621172506534
271041,29.659743091317466
171441,16.320821416255427
97471,22.271817712254204
155359,17.898468679451344
148624,44.644031810999536
205345,32.62259178376788
152183,34.54752670463351
254256,25.54272102111751
282621,20.76405842821101
246817,26.52171564783207
103116,18.89894355851162
205630,19.06193808963895
143001,18.933743547640155
168970,20.06798024876694
37864,37.36190945882311
153317,23.232933691642593
140119,27.038944158377774
131001,18.69240397918864
94427,18.556371090980925
186774,13.011555859178776
171476,21.507843080201233
123716,21.657722814974896
93685,45.36000698305321
33120,20.251126089031384
243175,17.47180174846688
275229,42.67526310780971
6707,19.623096312419147
134420,20.799232484672377
244025,18.865093459689326
99520,26.530349617773776
48716,17.00931455795759
193445,20.68099942427665
264781,19.837786612719697
173855,24.080017605621276
70365,51.98616290140726
5561,65.82033667568777
277266,23.109643577537412
35297,19.302992662820348
262195,19.82184917054547
54951,20.04967434731003
263855,19.690783474386237
30701,21.20334194260388
60115,24.624867062592458
52602,20.186327103910862
141299,22.01146963056485
226480,23.560223922119906
183523,13.078986284836228
251621,14.641648914361937
131455,17.123891864841774
272251,18.61026026216638
197490,25.0774919058935
145287,62.88265720082717
176619,29.456748984874462
266802,21.845772393024355
292731,28.016799476718727
295198,26.849117403239525
153808,39.44937073290341
272328,19.022178307110032
114333,22.5353097053782
169394,19.810691067279937
165492,21.725556966218125
170964,24.145557629610572
296349,19.52953163688769
95087,25.142632342737286
64446,18.440099906129426
100306,13.554134181942725
184743,16.65943894837634
3776,20.919946698993225
292030,21.125630909996577
269519,33.059914594841544
233809,29.165625079783542
207499,26.967916706236686
93406,30.12971862745826
144372,66.14329881361832
258713,12.584971929864027
177664,21.349258325935875
102769,14.515663759438374
44642,19.556321845227092
163552,12.204678793246643
184789,23.6910616214446
201657,22.892096273671747
228311,28.958455093672256
285843,20.67822223869546
285421,17.353706430004657
270303,18.066463437286753
95051,14.600081050842089
226761,20.367553471366556
272591,14.557701485117457
56951,15.484083390476693
46047,21.754051885477043
217850,27.282419885453372
281824,28.223130190533688
255194,27.697503751012118
156212,18.60203498448908
111347,12.758668781641495
178114,23.6293293821931
121390,21.75739404619086
74835,45.66090566201232
117299,26.307592533895587
232523,29.99812692751479
139456,25.643933781509794
129703,19.73760218795506
239352,21.454069020493826
170715,22.19368748056917
81578,12.460755990804627
192980,24.242082779242345
136232,17.981511792326593
136141,25.13854673799248
100214,20.303273726318174
206926,26.61572275009376
275913,18.77796618559964
263786,17.290551011648326
16776,17.366865733255466
37239,16.48445684592534
100031,34.41033518997146
188364,35.95040618453181
110863,15.595481305637893
237827,24.87928725522649
197715,29.127539691149547
106599,27.952373292612936
78828,20.50149914925444
265290,26.598224389096554
79339,19.639691415453047
60402,29.843549132044974
221926,20.502258032918817
184045,17.788014465576026
76406,18.043781083073988
100688,20.634366721892093
160736,24.13190600502943
265152,19.234474742712308
113805,44.48354616530936
238531,25.53169055132241
156530,20.81512798970849
253867,20.707743505018858
159348,16.65846121606765
266959,16.136932748824716
59818,26.010259291013973
244160,21.69248119778846
276714,18.85346589164974
82075,15.799203112263655
295290,26.6179234103574
234467,26.95870874511497
73888,25.025925021531997
129310,22.534950076279255
212234,48.06419479825008
234314,46.3827043276743
265533,19.34875284128152
20014,25.27095783050008
108259,33.615478375042606
171357,20.021436369556064
239126,25.949289010696486
271791,21.39475880193311
26190,21.892481391944223
245278,29.02809778719501
198905,9.373007939178587
43579,16.640498327546254
211845,22.49627409740762
231605,17.49352594291826
60283,27.725202170220278
124189,22.56169739302435
290193,20.524115501366687
132516,19.849705757905678
235454,29.342199428128094
196780,36.49655956151455
140729,12.522483625698797
99609,20.06767814467567
201582,30.7342886750876
85535,14.159970294840534
285799,20.53501750392403
133881,15.589070728263584
70653,21.28729816977607
26632,24.34654945535806
209082,15.757639472206876
148032,22.864752181296403
167712,20.498380561298255
120846,32.883946374725056
189013,29.28101204777542
34380,26.609812956594304
94800,32.98052273359973
37268,18.41895079815541
182303,19.302281480167583
217110,14.833616299992695
263009,28.694523575722087
31553,17.582612140038144
15219,16.27547532830626
168460,18.111641863111508
165731,28.642099784060264
221855,13.691393113402572
284469,26.519112187459115
41546,17.864707449062724
193229,25.751813224255635
44774,16.65093251022808
238394,20.060222477708255
199455,13.078986284836228
167095,25.707165132175817
1611,63.58564634570005
123090,18.872718770383585
170221,15.613700021419238
226941,11.2669490277939
209688,17.796293151342898
49190,20.143630348058657
194697,23.2251219996702
50350,24.127193376274008
193454,13.51501666251924
142697,56.41041085494176
289797,20.282149130814634
243279,18.844307830645885
18734,33.61244446404521
235330,30.605551963511772
176285,23.15793312489568
46584,16.756552138850886
256529,16.855142843750478
60867,23.48275649451478
188755,17.94651724193515
144133,25.857382824543283
61531,19.222982507266615
37966,21.573060513392626
252844,16.90461979687626
213179,17.382831942558035
181613,16.1301211890086
14891,25.957097099940132
36626,16.9555863459713
164553,24.69428432947207
150917,24.28939871663976
135432,39.1378091996753
230594,40.19129368364455
292134,15.54966751430922
8313,23.748927066332904
272985,20.475078573586682
275669,19.472649266494745
16891,37.11882109366511
106074,37.999362468303254
250446,21.317166535502963
109663,38.25548353323046
229789,22.95459387113284
46689,26.74088596336834
35277,20.635498527402465
36153,11.790183834520153
167856,12.339723091100408
120124,20.747909135425065
108880,24.132780899925375
71334,21.240174770810235
123642,25.549218904874838
272112,20.265759637418288
120908,10.733577927238326
119450,35.7286522429993
152224,39.89549030892176
32121,24.88462770295494
154683,12.715541234188626
99604,27.57493014629381
194251,21.496029788397085
22306,21.9896630376995
196047,54.026524327890726
83926,26.598224389096554
240869,15.035372422527379
121357,37.3853273597087
192049,14.037649971640487
179122,19.757491507153812
145845,38.092624536541194
194767,29.317805955409305
43083,31.0854289849066
35879,13.097689575116965
95699,25.061806527245427
74101,21.568075746002698
206841,21.03063984228641
180314,28.2951187868433
107227,14.386869330166538
299099,16.99307832437546
279166,18.47108554362039
297897,18.45651880839608
145267,38.020639447264976
199435,20.30373070053012
203825,21.566375414093322
72426,14.920371022533285
283617,21.690659895919012
280898,21.198202434223983
133484,29.25455504908411
86978,18.105138944694016
280163,20.800498023999626
133909,15.753745894141128
289902,21.318255202273
134558,27.600301841131312
4629,24.399186335576093
214513,19.73923521772295
9367,18.452559068181095
100660,35.677692262260685
257353,26.528507938189403
246993,20.746095822171743
178602,18.867022981133157
290641,27.75570976756898
260223,14.011544928469508
86415,17.513761724214906
105607,19.86105876145961
125638,29.142884418943094
254377,25.79025918086186
210046,21.167955428183927
251320,14.33637837445038
231597,17.14407345700723
292412,31.194357961815378
224974,19.326854939351964
48781,16.68946356645695
94200,26.64866096245455
144889,21.544350184739375
179844,26.01067158257506
159851,19.26749196519178
175447,22.340401832079714
126120,18.08785021475655
228684,14.228586013572443
175521,21.981194758773917
147654,32.194547667641196
93970,13.90787976434559
195363,47.001124601661296
263231,14.307043352025739
205368,22.919133976921746
150139,18.38137284422274
153379,20.128443235545536
254819,25.04248360809057
4352,22.225179287399868
163465,32.57216047397231
132642,23.897065986113716
2493,47.653465604348334
48981,17.388132647213897
287947,17.67640516132846
91935,24.551938393390863
79696,17.71726812314136
240863,28.70233996652443
194698,26.301958255096576
175967,26.486710850071965
52009,19.37046873691504
195725,53.26216586291645
60267,19.622808105773927
175412,14.408529487524214
41057,23.638579189252347
43437,18.50044017759527
142154,49.44197754292345
17717,17.600686003177316
112944,16.57308952082807
208959,21.18930906610196
245449,19.307359132110818
269940,17.63058353129137
210837,29.36736778800572
260953,19.599876833445233
115511,14.497153879154343
162442,18.395254275924984
191542,18.608316577796963
193952,21.35547300771103
29033,36.08404444481398
28880,12.560522632128803
192278,21.125686499707996
165114,15.502672054791251
205684,18.15246308105109
78980,28.113140979363912
231666,35.31908379449393
138629,14.551758621701879
107375,42.998589481275104
223552,24.387631390544268
232996,19.1327078694221
189095,21.586915079537846
82650,24.588116808714044
232383,12.824930535113314
25646,14.265815591628732
270239,16.54086977166416
37932,30.333568797128578
246652,22.903297817128433
182328,23.324582392230422
167881,28.763999248047234
19732,40.05000036424629
48156,18.385355212455668
214154,20.490882256347835
285687,20.359504804324203
77112,21.62522583338664
282970,21.907921133475423
62155,24.569305102446485
68804,17.914426921899736
197901,20.364966280482918
294800,11.93707499412551
16338,24.055694864300253
297188,20.609349793658065
292124,33.3125780294213
252197,22.6205589379952
21683,31.382021696256864
1773,62.81145253493717
141107,16.873313394276884
187334,14.72359220758577
16513,29.068264780561908
30093,15.591733584528743
119199,38.10026302575598
108897,13.876631355002246
83891,27.25775143771707
137751,24.505507298599195
42806,22.297457998676187
151964,29.23942278272719
58012,24.08607184854184
140943,25.607312154663276
3846,23.067948005090592
170097,26.87943993521309
241840,11.706065462082222
19436,27.40954126562765
199475,14.367292537451926
186156,18.6170929124385
239874,23.36789394661957
295274,23.527442173159162
164110,16.43068944910715
248935,16.483847323469686
197109,20.143110317016784
35329,14.160565133559995
2348,70.0465705643466
110889,24.5492646557286
271547,15.568568937119656
185368,24.090505270316317
80358,16.429294055081392
136787,14.393648224679271
22313,31.9429926154556
258096,13.923459150106243
87609,26.865474703800157
222162,19.445567414071707
69348,24.958778544565927
15441,18.618237480754104
52940,18.47000807305903
209086,28.336541176728826
284830,15.170135778755418
201081,20.58678414829937
98811,22.092173261138775
177883,18.589934336544825
212472,17.756442437746266
13360,16.193824277001163
115817,32.28684773816883
251222,20.686141733213226
24990,14.618711384628758
187917,40.11297397292289
209348,14.89216161101422
257663,26.623784636011514
297471,23.854755606053693
164717,18.914141007940664
36633,20.5647794447009
165036,17.491385178535026
162129,11.453963364183295
135999,26.26265023634223
145682,78.73479521246253
126716,37.45020187412739
3914,22.328483237182873
15442,26.127972336682188
248409,21.75575018952036
85852,27.64395109434624
196775,31.27404226588367
201213,25.036840434767193
172460,20.87377793385414
235233,30.93503480338908
162154,22.021861167475343
44553,18.60653565220385
17062,13.768858682371299
3305,22.093964532170283
250707,14.659165526874403
249162,15.284582577350857
41301,21.584916148252944
200957,23.350657643946203
191561,19.476741893379632
43190,16.993694472747535
225132,19.024607950814378
262324,21.36793511478754
176661,39.472314803102925
4240,20.918926545411285
135890,17.54946301209656
212616,22.12899578223524
46782,20.489482989595746
157471,15.190345522608144
10724,27.455715567472886
124132,27.60073066029558
228247,21.638747956050526
220209,34.3936273026229
287373,18.98556589006432
221325,23.341611422804284
144449,14.862238426995935
141539,22.668659954814636
172067,19.69988753548955
236063,20.738359881006513
156506,14.614315789445547
108070,26.406858815574584
28824,16.148676401610125
252679,25.065174074437497
266493,18.746727394884417
227001,31.222173430624913
108876,37.1532951435218
202300,27.9387568782662
101648,36.543580507398715
279446,15.6633351215267
230591,36.61918706242714
55946,19.733233878132236
277459,15.310493301803024
38584,14.211172998543608
299206,16.3782323942988
28288,28.15261166099541
48563,17.049726118297393
93077,15.008001033824254
163649,23.839402845971527
253803,24.636532314410907
298497,22.9420686773718
48148,25.983440943505354
59043,16.971649038128866
192361,27.460757540761552
29825,22.169599438436165
53137,17.134581129507147
10631,27.183379521407637
222019,18.259306573539142
284303,16.865752280292696
188064,21.740772725439506
2581,45.73604987094249
35288,14.662590742050455
6694,23.391482912658372
147259,41.45959193652004
5408,51.265671313867685
57121,32.968987604516386
85171,15.945980559639349
156585,15.146704359551894
220749,20.201368128461485
21618,15.262861265228889
294015,22.24105372230212
245936,34.56023268384761
273409,17.098614277804323
238317,19.697061357769314
249442,42.885511215271556
110462,25.435946237334353
52689,29.366691048772225
133764,34.36035469736265
177310,13.492453480235422
74699,18.295273703484998
58149,17.351323366804756
133039,31.654610384741012
292400,20.548657913724167
188439,20.849813661181447
276204,18.409883748286372
235774,27.95717020094731
19883,54.16574509153031
183946,11.518321966749756
94923,26.08623554907394
188209,16.413242252280575
295786,20.723805699586457
144328,49.42093133590608
113109,17.47248442704119
168908,24.89374593646152
59746,17.23207182868233
246150,18.119319901828323
88584,19.719398355675626
19587,21.29402409552677
236133,18.78487169803729
290767,41.638628475364406
261065,21.133377555827433
255728,15.986160100472915
28054,24.748767926004167
76582,21.193117943820326
253859,17.324714753465607
130228,20.244088205232554
248965,11.365080108680013
128976,19.21590684902141
177029,23.94381465669993
106011,18.44219240456471
234060,22.109587225942565
21906,24.200805915813483
266133,19.593700281408182
59033,17.711639256355262
35563,20.634886706265892
58826,21.670221973722033
186170,25.63402780465281
264756,26.895788721837654
270979,25.976863103523876
191749,21.41437487594256
113559,27.900855954508824
228633,21.43035120617647
32171,18.516212331635153
147434,49.89371959761783
187546,18.881410475165573
17206,17.702156085331175
205886,19.98370330998452
192012,12.896964326440823
147845,33.14979163544676
164076,15.521406445479865
143892,47.9744980508929
199346,18.28415638564187
172767,22.671971210280624
165484,15.972944307119803
100367,15.397864485076838
84108,16.856889470878176
159297,25.898863031229645
26670,19.891617146506185
124362,42.67012213670693
15451,17.60366172085785
116148,19.973671201017016
35936,16.746907008487312
211934,29.844747745260594
285825,22.030284901682215
146364,21.96331884402643
250966,16.876239944163885
261986,18.522926155544223
138924,20.408047819762402
125093,17.139980433243338
260331,19.032220406815377
14863,27.936238454734063
237529,13.816042958429183
115551,34.155571752575916
219141,23.651413725375257
86926,16.24952301224652
114555,20.926098680739912
116758,24.263350203557827
81466,11.942720239053761
150555,24.957535010502397
97318,29.96374908360955
72906,28.74244205965187
53319,24.51504027766987
213773,30.401183622565828
242683,18.98796940475258
95247,23.59795835810598
17937,19.417085687551104
148983,52.949320302996156
214491,28.32356595163129
110007,27.570258115869013
136327,15.445778207714081
174627,13.503194361336938
135935,21.984174081088355
208452,31.927565063168394
295258,25.13974856220478
75760,15.195840703119194
207070,16.339183601023326
126944,20.50839195028898
39522,17.844614650787204
282421,12.667055972227113
178962,14.182437845174059
280019,21.845261509252783
187790,23.247940377914787
57789,22.966562822622972
257327,12.187342741991134
198289,19.802411905463288
180501,21.516686831663183
26800,17.980752795474242
13561,22.197309127296364
135518,22.48958756885899
12648,11.102025087574805
97574,32.4937375399979
292748,19.739946023977335
47687,21.13188687497165
108938,30.731606277293434
299198,16.650089225656494
199561,22.295225264323868
191902,22.375575511083976
164864,24.271982908476517
168455,25.89270293027
55296,23.17700308835937
9905,21.955482570577807
197598,14.99557646055489
148234,22.90355945900682
207227,40.9878088287792
118130,25.98770421323598
145072,32.44146172853995
170757,17.326935559780384
27403,32.725484732530745
214820,23.23741660230881
53122,23.850087008692615
291631,29.640913186897905
169397,24.92613500638555
250788,18.998613006008604
84215,17.07992949467029
21225,27.935328326697903
208510,23.601079400643087
34634,19.677318170032922
150514,35.20658054570488
121585,14.129016246461768
78027,12.37834758701643
285081,32.47907753066735
74185,18.67366600820962
62487,24.269952894617674
248762,25.00847777026561
60758,21.18274754925448
61523,24.813143963618124
186666,15.3422376144465
184359,15.855964784459712
153313,21.95127674053369
59046,14.909495421095006
13198,29.634006473646185
15217,15.110377795505098
174305,28.4681196553794
289976,25.66557674300525
97544,13.434989109148683
287619,16.27425163688689
12878,24.614611764965765
230935,24.946114620331294
296738,17.577584560393895
203360,27.800208693218188
164660,20.749204769012874
51447,24.633241055895333
212028,19.104619090690086
79047,21.45653149933009
6690,19.878807429553227
185304,19.350381955286462
279813,24.857010138992273
16988,20.421948127913325
164128,24.236787948702066
284913,25.41748260027665
256135,13.335987201908585
71404,20.920757146816992
193585,13.711418401554758
125830,35.85403557192548
263528,13.169016652736156
255228,23.623127407282645
295096,15.301680822580977
262975,39.45747735680944
279896,28.2081444115573
51066,14.604907958657407
39537,22.98493444988288
269911,19.12065938783335
75002,22.12033882557194
215493,21.10958603411825
19896,48.00591884919587
271708,34.16324159499707
299142,22.717355580566917
57717,17.1078745764725
245305,24.67702493271637
173669,18.920329550893296
16489,23.302328917823964
169602,24.207116825683208
290551,33.33961671871643
127690,16.60192622812184
96700,13.343657691371297
184867,30.61000774858701
236644,13.404688410234607
257350,19.546413541232155
184459,13.866339672135258
70829,18.39436033062814
267213,18.709410481247357
236224,25.92372045688675
136470,24.828329409713614
212997,22.007778446419678
105413,27.646408558218674
186293,19.694327468024348
132358,28.710829427335558
78257,23.81557582717731
214727,17.010315002367612
63310,17.984688378666405
38063,24.035576774433093
1803,49.94194203197621
208711,12.997343611587521
90250,26.7475031815866
236840,18.70079038353064
141505,23.591460602460426
225061,19.095685947966096
54651,24.497181504956668
96246,35.98306482346361
25296,16.955184347312382
252382,25.093439552840003
218821,41.38905099695461
54860,15.943660366195255
60966,23.95910695139676
19394,61.225666676763886
6498,19.45722971639572
141005,14.127572107949316
109481,18.08567307790375
172371,14.996114281906472
139496,23.75607724225116
90471,16.286572605493784
27502,19.323297327736576
215680,14.478224382949184
178698,18.85360260821539
38865,27.751867590881233
5419,49.173534013612105
237125,17.975088430612026
56103,18.84895266446955
124976,19.379382692577096
149871,52.1903945858876
94442,19.756163158443634
240597,17.899530021457274
298346,14.989467233809673
208187,18.62643014770797
255214,22.409460975717174
79296,18.454284738250756
289467,16.575678460888774
136180,19.327338552566015
134926,37.13311534961069
97668,13.784886861206811
75184,20.92724008552236
205407,32.45568154622449
113962,21.917527741461367
280541,21.97120384811813
16595,21.817685683140695
138164,27.996736563978697
115826,28.502925046443362
18631,20.060710667140093
177974,21.947642525103156
156429,14.104145508474403
105354,23.328868184945595
243064,23.334079747231108
165658,17.168339789703385
24554,19.339658669511927
233575,23.821691323666137
243183,28.226609522971906
121134,18.134067711148884
132905,23.483353938304198
140963,18.255415548151085
27025,14.979325986786208
70082,21.340855402755615
22790,24.14295837166948
139394,26.756626757328824
81499,12.800071183369685
269481,20.401547389853203
18587,21.17376099014576
49045,20.212560739544564
275504,24.182848082123737
138881,34.67002813335567
62165,22.31605008813249
2970,31.224197537374483
86844,13.110166726093786
143109,17.60599282239824
77460,21.583302258775536
159764,26.208929128989706
267967,13.806624321403655
187299,19.541705767195545
257420,15.645441797869882
54897,28.52718160270117
296529,21.534363164036677
133258,27.244390365964556
80400,21.076452066222693
175551,23.29125361431832
185321,18.721509841732757
231776,23.62736348524458
294265,17.107518142857234
159417,24.385402006860524
11617,26.91886352499828
11557,12.795038508356615
182315,25.90914945588463
166885,20.2259039872524
8081,21.81002608571066
132352,13.324111819214613
22035,25.118019326547984
109769,19.64126623267207
5224,27.278929892911243
295545,18.345599052482047
201263,25.362025460129686
212471,39.95974002050339
281840,71.42979647297098
34131,12.881977416927189
57003,22.266368445849952
210769,28.817809035681712
296727,23.851411351788965
118048,23.806213597339912
17582,27.358661484877064
111811,23.300674331981856
52758,27.073886325222254
284878,20.364399267744034
16532,23.05553429297517
133741,30.601813376568657
200972,23.3268226439462
69200,22.82981808932586
57579,28.14902195055361
31627,22.435231253043703
155288,21.600399340203687
85937,29.173677151083304
242989,23.257428198792564
140082,17.4485388676417
128997,21.14072617647535
276958,28.185586024882376
129438,22.131606781672453
182687,15.022519872162865
38294,18.075489241514852
294518,26.528507938189403
120163,13.869777815722562
202310,17.305619749531573
258347,21.135885990441363
3877,65.89633667568776
139256,32.40708966131781
134798,18.740606814593995
113907,22.362685462954925
217816,26.264671885166695
270356,25.854183084313103
253559,24.331274786041263
253303,28.054034644352168
96813,15.930322826130283
213659,23.691879530211278
63939,30.32070078630476
278321,23.799474154877096
216343,15.570993656405971
211154,11.979477579934892
208536,21.956647718150432
277971,20.32142194890151
136955,23.640443869074335
28375,22.583272131715677
6739,23.77228440832088
25729,17.862284740236934
266663,12.588428876541885
224427,23.61141216891411
232057,22.668659954814636
242647,21.969928099424315
278217,24.139472517550292
93966,12.460098310700875
24945,28.982291363494234
71460,19.868301923722495
88544,20.27889879259577
288177,20.874967000988782
284796,28.85121590059915
131220,33.504712831342985
175557,19.534865954994928
23155,37.7140542085841
263348,16.435714470417537
104739,22.339594227300235
252350,11.929363008558374
255605,15.63164592781302
347,15.182545910347525
680,22.180422419637004
5140,66.8066527409234
162896,19.266708879953452
15889,38.454057552333346
293840,38.29494375735095
118427,19.909485378007588
293271,17.60366172085785
161928,30.61000774858701
298144,24.81995296552362
267189,17.84302211228122
297094,24.038415728271577
91364,26.804460826882682
257177,14.58368850024209
34510,18.37143471319947
255842,20.60332232401218
298876,24.26686110411373
270103,21.913824381674242
113251,15.80652497588287
124688,15.15179997778333
276021,25.17827478497722
178468,17.428231169733543
252909,17.648666459799895
297397,20.74327046250761
209573,26.887497766774793
195722,27.79217685157837
273340,30.980493553707248
278544,26.38022737529572
218939,26.652713729672975
219477,22.838378628594462
77565,17.1338694301281
190739,18.67366600820962
142391,41.205037151207364
41406,21.232647423931173
157386,23.525290736834954
200210,32.713444361130996
43608,21.713299057215682
13064,23.656342324731938
266109,14.694907135194821
297237,17.654437800060656
31687,30.680516334970577
118472,23.783261637453844
128096,27.37527134669844
51594,29.304080570123933
217611,31.227347095211883
99650,18.027494274484038
191427,23.87615974936955
208242,29.12590235151263
96420,20.986940857306344
25965,17.80925223475594
30633,21.14222021242519
101897,19.729626099710895
95895,27.539156454082786
191726,12.233245053092883
43912,16.45874187447119
73105,26.28083567305394
102490,19.46606922469509
196661,45.32569390404071
266524,28.58838696047195
142303,23.39274309929074
190672,31.14820746191279
33184,20.898298952816315
257832,21.15191615323519
16531,34.0135533356767
169528,23.19785451676159
122647,19.10081742323128
256069,13.013607195484955
271403,21.20235294486998
113612,18.999907090751144
108276,27.088206044197147
296699,16.214222071844198
297198,28.76205457003079
248036,62.143446927313946
33322,17.889941957229535
162343,18.507337416452163
217546,17.561565535895067
247922,15.548201247361266
79288,20.574487044133054
50659,17.914141915669223
130114,16.320821416255427
99018,22.41744219299382
110070,27.788841120064284
248928,21.17840039731729
49610,20.79748630705216
6463,24.702746539394738
220027,24.477572400657444
1464,47.71234447724488
261040,21.47383703691143
289774,22.47300798987421
162233,16.843703911616764
297621,16.544069555442533
102420,13.518333514907585
134017,16.452931121163566
175348,17.269029998940336
269614,29.46891961878307
267133,25.102754435744764
270583,30.896413678892525
122463,44.21585567565796
165256,28.625732252511597
32864,22.799511169280628
158307,27.658502578521656
5107,46.830168556759396
246968,15.114263368800106
60312,29.91779604445635
9681,14.370525257910327
62782,23.01929837218276
71070,13.201914605658166
46191,19.394216163836766
21248,15.388619616285553
56658,21.719372585014412
29783,14.892869934074252
238034,21.480758951603242
124212,37.81601837079614
232743,23.100528569401725
230205,20.745643942631013
246036,27.054633684869067
275199,23.28468229205039
165680,19.858714930047718
21968,21.34780802429019
10429,20.14977799791445
252556,33.78739327051186
27180,10.961157369185333
283373,18.305191308200783
73554,18.57194133816478
39791,27.153890588585433
83572,23.65582837021674
248249,19.487194133909547
201099,23.781947017325965
181280,17.16963861926927
239648,26.51790306105472
274889,16.135870890194703
101546,19.641147247199722
36452,14.157386351942836
253609,16.0005692926939
206103,27.29264671957235
170018,14.45749422920951
57004,26.146818725031142
277139,16.148176879193095
2802,21.447042125508485
171770,23.960514008642704
10110,29.20721215183844
294988,12.64494644905368
91655,18.10226741896599
284584,18.27748174945644
281982,16.545066612912738
115562,18.25951007729012
95274,14.818435179194173
247094,18.47957160218587
195238,37.730755843954014
248701,21.777332079505623
127748,24.967491642456793
24781,22.07562364944777
241082,18.418421695183163
287628,13.840197485927096
107542,17.177151316942613
190277,10.887867234437413
299193,16.640798140306266
93164,39.6827301666995
149242,18.094890011759936
152830,14.19546372288635
230701,24.531700246731255
41609,17.053809299957578
41789,19.547455969293477
39914,22.856446661604558
180911,25.784244912224608
18092,47.875979150035974
161959,16.675194182730774
134199,24.83912555724628
60580,23.597287702932668
170429,23.780201572192208
282568,25.431317909195435
263341,35.79720304348474
256608,39.645601387103724
6350,18.66515431371483
263730,20.256756957058467
50333,19.958009478700784
294868,18.82679706482659
172530,25.119701792794253
71089,26.019161923809055
79054,15.447461463788667
293791,15.930322826130283
58537,21.725630092677534
177076,24.655252372171706
116054,33.57596843399644
97891,23.47141787489569
120570,24.247827616709593
168990,11.550916026489414
5568,26.87277316014276
2906,19.402048724735206
235805,25.442629158111295
62172,23.95311650977323
180496,14.977442612572625
166727,24.366323878216697
223320,15.505134361118825
147298,48.933245837157926
162095,24.905524086688846
183689,35.79720304348474
101396,29.591516758029922
30996,14.44516812929711
287070,15.251502508617431
193684,25.730693373121845
87015,15.815563468860896
264099,21.570385066448573
112152,13.229483747118014
172203,32.69853881722502
294609,21.24378514280674
196667,34.914028380761025
235931,22.227614738556575
220546,43.27294103907051
285139,13.644070090792084
277247,13.334940133741082
146557,47.70695667917056
115750,19.197759248137146
189768,20.588183727084303
203493,20.681663586855507
279453,20.65294678736693
64055,23.25216133741865
1152,19.615893867279414
1935,48.54346852983229
176515,16.73666417790406
145375,19.415197190011593
178559,29.64473579431214
134018,18.038868003096376
132299,23.24944099258008
52861,25.76277622927759
254887,25.594915001957922
9423,26.406402525861203
86029,13.467141396530497
254821,29.57404949008612
65592,20.565010849021398
140342,25.989999210020564
279252,16.3782323942988
11627,21.29861348365221
235417,30.44301731411152
122967,27.49764479603605
30785,48.56668414660571
114446,21.397819767030043
286460,19.9828349651236
204315,17.83580685687321
203083,24.373667836408767
145996,67.22568146248867
179411,26.353365311689323
281846,15.796941811269042
41901,29.29718373763302
180525,25.255036919232744
109758,29.523758831330063
62475,23.9847171483552
108289,26.956595585610966
172599,34.576810861572255
233560,26.707783928313244
67908,23.52393428135206
70573,22.668481819969283
20749,54.433675978271594
295678,16.514210854541968
12468,12.389858066940361
219012,23.57916856314498
132802,18.50925455436183
263179,23.181570526617698
84816,30.292951831479456
115324,18.263439954436684
61411,15.309945021419235
279012,20.291239730806172
189470,21.08469922730655
50094,41.02470855717026
2219,63.29013608581668
39634,19.739946023977335
246235,16.896843894645986
96891,36.444000748682676
15213,19.319206962070645
295270,24.318655566506706
21783,25.83449649936299
170548,18.16735927171839
58476,21.538595471602058
154504,12.741795552535354
209525,28.28632324542169
219187,27.853589131415134
262871,22.218693672852503
27797,11.712925465965245
5535,49.18101619327666
179316,22.02130769224795
275092,14.350013816218839
200270,53.68297499971568
275257,18.944346001753242
170334,14.370525257910327
190211,14.388628999561343
37079,12.101835414245667
201136,30.446316234681547
106819,12.310434023737049
139069,19.92606433694566
109519,26.615836112595087
56739,25.981145076100557
277062,14.964690011610468
282851,26.985936007718628
196976,18.748306339619113
192756,19.67093068080283
272478,28.34282867634331
189039,30.25753223593599
247106,19.86951506865417
241829,36.57540479156416
227738,23.99307134696935
202105,24.51236676507245
93917,22.291599763798377
155148,26.40097758385944
170459,20.867559806061138
7306,14.99988391776778
131386,22.41028897844003
134883,23.31474970007392
3007,21.08009364514505
242121,28.57099543315668
281198,14.071180215665914
238420,28.956056753921693
204677,22.06560942596032
268981,16.716524313499004
173568,23.026108430206868
245301,21.93656738788532
159361,25.47069808554891
157995,21.186183978314368
83897,24.58063762644575
64093,27.099390242847175
80627,23.598763884821274
220256,20.380861928348292
160782,20.23869166398752
236033,35.947181248754035
276293,16.730884893873373
114070,23.60970022476357
279913,28.106359128141094
51868,23.58728893031833
221361,17.48500113926952
242963,18.00924025192622
195097,26.528507938189403
205154,14.211172998543608
201625,24.71552609249931
114377,15.738853423972193
212666,13.408546219594374
70117,28.818167173507156
281358,25.921146586822903
190830,35.02967417090451
172452,26.91432862394647
11730,21.273177703581545
237754,21.585672223273043
267950,18.25773620715863
95316,19.26174130319738
182682,36.442421019894205
183644,16.894137756331382
19363,52.90897094629831
25419,28.802035794576227
289712,25.900532002569072
231363,22.547270271439633
121712,21.12390401849583
249069,31.190927612600923
26651,28.10414043473902
273132,17.09131606864688
257138,36.78810909920387
166561,26.87112568625907
146061,27.93643311582295
157480,31.377066300485005
232808,16.50478791188299
16390,24.651204534419104
195166,41.74917306084725
32281,17.28471678931509
53360,23.46243772167089
173982,15.902102586344062
30401,15.21434948558479
220404,23.561941497860516
186889,30.330363206594296
185633,17.515890586187034
3698,34.61559874802839
80823,16.65667674707409
227243,19.795448540326383
261094,43.11860599133229
44623,15.454794896439463
266157,31.071727828060364
208402,13.176330107763386
55261,22.656748111844994
18532,26.605224117791494
5452,68.15911026667729
74847,24.590748930289994
15343,16.283430433207094
279758,19.094274120599273
224772,29.407825603730934
239718,35.369911644347276
18249,50.182874696804966
194032,28.037600633017785
41862,17.657623429039454
49840,19.94228221971658
151312,16.223583097591955
176608,28.960080196400487
141291,26.01067158257506
84645,23.499104317275098
32894,22.80275222432501
47591,16.623923277957623
290072,25.943958595125064
191223,12.953308787618102
216798,26.658654973565756
41924,17.478449343718495
196950,22.61170635626892
139026,36.28574319045997
156882,23.269181141085852
63765,19.342251655776643
141379,19.92289947863314
3149,20.21040075209695
117259,18.017296439021052
66892,20.430932106188244
39047,19.353231597693622
27915,17.632633280494165
39578,20.803787892271327
106431,21.361014567087718
64757,26.489739410935158
208662,18.117590564396195
98948,18.61393524900256
20585,13.594143414518914
202981,19.77702504147738
276302,15.428785729977728
51465,22.79463124263354
211631,30.896413678892525
89624,20.02425543469994
18651,17.04892937660187
53232,15.212036362294281
212436,32.87945537641959
13707,16.37007767332249
153789,14.33487766947089
99837,20.54383663090776
86459,13.734472074974454
229928,22.994780139535532
261507,12.83975321602511
16284,14.763563168681262
32077,14.937937468070203
78616,21.907921133475423
171085,19.19970562931807
119254,20.3225996352301
8982,13.676002471962335
126587,20.733691996006932
12583,21.075905915677545
283762,21.26674870624591
113007,18.08755533123931
187908,13.749574435306325
174835,13.906986875423215
23807,20.939678983284136
245886,12.75950533021178
275457,19.757147074542793
35882,11.843020755914651
30559,14.653597703116978
176050,17.283829834451996
60117,19.75069991344311
83008,23.38769731709442
24447,14.300347230023856
34528,18.478512778657247
2701,29.204894302997623
183949,16.474891958540702
242361,16.941820979538623
277624,21.944980002889842
174945,20.229328259697674
43422,20.232136469179107
271509,18.950834225942515
215076,24.960208507520736
279890,23.515235602176652
78834,11.003190381320444
118778,13.644343368890038
19960,36.17364578452267
49258,31.28041956888231
124150,15.173373369498682
152415,32.71639986761304
293540,37.36190945882311
223651,25.082768613058914
274277,21.72632410122623
5531,47.963455603582496
285686,22.250638035787738
279573,18.88472201756987
158189,24.016924884744185
5536,27.61514650172652
34287,33.206704120977875
196541,31.958538903573668
119749,31.623635528896187
122689,29.922587359420287
250546,18.466895445349955
101105,33.923465062307
183508,19.07719925768662
112996,21.331546599700683
180288,21.723390566118802
296715,20.931289800092678
74527,25.086026617795838
199322,30.345874537082278
10511,12.06596639463477
126806,24.974440013889406
42892,23.91147637629553
198086,16.465186613537323
199061,24.681028309481288
297928,14.868645418512312
112389,24.161065027943067
10404,23.182129557679865
173323,17.09408332836809
67830,22.688781612519623
191509,20.40517278631664
237277,46.02028974403892
138609,22.743952545207385
275878,21.172245520097267
295376,22.599666580352142
33526,17.67098774965256
221683,33.20815349404933
200156,19.04278903016356
210199,26.156881760240573
68905,17.391868991906552
29322,23.788481109011745
76066,24.047648053430173
256768,13.484444144519335
51359,29.680193485253106
125358,28.138467437701262
138420,28.35621323447892
254878,38.31342601294553
167634,12.324717784762228
82062,17.278092437583155
291018,17.49112837866641
24872,34.23709982250169
38846,11.255405343158348
123139,30.402893585648222
16772,15.136254143515334
192793,27.87468121844227
76564,21.376573021751756
284028,24.22446632571035
79834,22.144255576650075
284563,10.894648450019993
289728,22.49627409740762
5853,21.50950982211303
280945,11.851594403868196
296181,17.72401854314608
257877,24.78176553822326
282486,26.300942326963558
21945,22.34639456411025
231834,32.744089869727574
56390,22.655262536130106
214093,23.751142068327482
33071,17.057659916366617
169767,20.32121034795586
286634,12.926992771755485
262948,19.077095802295137
46776,19.642879491337176
274846,31.83389131064967
86034,16.931664853045614
123972,27.159492147611388
92113,22.53935333770645
14353,24.75495929814385
151714,22.779421305477292
157477,27.284306199644313
130651,14.352024163923298
171057,19.81747353806309
291366,25.292557914925155
43489,14.250033568953194
240148,24.83912555724628
115154,26.11543203660031
203732,15.549270973727413
239867,34.33729649744985
52208,12.748977335680625
224729,15.222014135380675
45372,29.24767898206465
71721,13.711908680950966
204461,37.76483112399401
167555,20.175367604698874
193505,13.29814046672667
34919,28.3723280970295
235310,29.40346350857111
52091,27.02375741000691
24256,19.644777997770216
30936,13.46902847647807
173530,20.273085644055037
25699,19.901226610912897
280307,19.284526536063446
243419,23.097187862241913
253580,19.89390532145526
52392,29.045816356404174
280651,16.891719803535263
261684,20.659164613784938
123219,28.659611356404174
280684,12.775226994104736
4502,18.77560094151143
20200,33.15293259209019
204534,18.600438031296115
86789,13.674588105855378
46692,28.102566142746106
15918,27.222936074635378
123938,22.08328107311545
207466,21.964117332724292
221582,34.550623636883685
63113,27.90027550142836
259305,18.566272464122505
181667,20.670879266569735
54277,14.849976062312445
233592,17.21100178110253
272247,17.44268283058527
12553,20.389923282215648
9132,17.080784881122444
25519,27.097232097007424
241268,31.110817313187248
28004,18.506505856564157
55542,18.898066500645605
139828,28.054721436574898
125627,25.094694793672197
135742,13.197866779979517
47792,32.95529313306021
107502,26.156746875562625
163188,18.66832080098319
134084,30.144709536064756
295327,15.990592663472711
146942,82.50834222240982
198889,30.876044129823338
77341,21.43305132843391
251597,19.73861962558046
269849,17.872004469947118
175126,16.56574130319222
99631,20.862139178365616
204373,17.417104169720407
117009,21.70547309279429
271510,16.159542310873356
59574,14.693566520297974
13968,23.4626913248954
138830,16.988198581684088
29008,30.026446398579786
174254,29.32038798531737
210962,27.709234185187853
272578,29.67946161018181
274859,13.007460535113315
166080,22.979200399861192
10610,19.044770908814595
218144,19.019549204348575
48106,17.720374562560238
239735,31.072441729539854
57861,40.94905335177759
168717,14.944761418747609
298991,31.80932762381517
276810,23.732217441786762
70398,16.637949734553718
168671,20.624513596308077
236456,16.89380214488539
14861,37.54010156051892
193757,16.981705021544094
150315,20.001214400511007
293442,15.35755015777338
217551,22.57951312415603
174568,22.836026572569704
4532,30.642406014657077
17565,19.770169020406037
127053,20.762584480928172
233987,17.60949743304682
256563,32.18628257813144
296173,17.088247200738703
168831,15.103119455606711
42634,19.679042587417143
106269,12.881254189996511
253311,17.85556606359347
164194,13.882387089470251
54589,27.32976683594663
92738,22.109070179788024
531,12.928212849263392
18685,21.22185343542993
235524,15.302441411535913
44026,24.523948638992284
139003,26.25687442015184
180761,25.277894588234204
272739,14.670412580275183
38962,16.162044845670714
299357,22.717355580566917
24461,22.99314572490375
53572,15.615297592265424
214856,23.500023008265636
35755,16.228212250133986
139575,18.030552372698704
175952,18.490289094578337
88081,37.41121705573285
68010,19.711924168950027
112721,30.030976237097683
104150,29.55125757726332
28815,18.841448881338493
104379,14.851617102990758
242065,30.776406917240678
33292,20.288054395862968
33135,17.057207631266508
57945,21.15794776781748
134988,20.96653812131077
152595,29.44799846508467
171722,15.516365573628372
104190,27.27759949504952
234380,14.66657786520118
51542,32.87370312103227
1171,25.973341684012972
74313,20.883516652565184
262785,12.64078993729438
9379,26.995229992687484
200363,14.238922309733727
242186,21.43102228694122
30202,17.24743830772163
285818,33.44590136719591
101656,25.60347006794991
162346,30.909332270729685
129408,17.81712305103498
113144,31.972861355875988
173340,18.24407819289969
33924,16.592632188474255
11109,23.598708430064615
74054,15.547820212818504
89788,14.842669491094929
49223,23.701749485532183
167688,15.88626345234012
170269,17.227179280533125
75012,17.641142167987432
220096,33.96207886232303
40724,28.522289968573965
39363,13.314198760724896
260125,31.37589194905671
220234,37.09621311609051
185740,21.386419074217123
229742,14.174130961150501
152602,20.26370009757403
291717,22.33742015506159
127350,16.98051440992368
251067,22.222964052360055
272700,20.244708988493226
105011,24.718825425526354
143711,48.12778813952457
105462,23.37305211491049
157791,26.907873378242034
80157,22.173557203355337
245073,27.79749697398977
157866,25.784244912224608
82980,19.380352536325734
95416,15.83244782421464
54634,14.134087194431586
46605,26.046985170931528
180267,13.740226136804054
102303,34.35959180932672
266119,15.824651818868182
248844,16.350153557307333
223043,24.495881577441036
121117,18.329527249105986
77077,18.940341770684732
238751,19.622808105773927
120970,15.647499076645307
169218,29.202533133796997
131767,23.223524997934998
52873,18.2723649708597
97965,18.292718204272955
71567,20.991026561133918
79980,18.302600934986224
160333,19.86187717700185
274554,32.175551714694954
14034,20.007861412666607
218568,49.503397713291584
205974,22.90213419483531
164628,18.353930272463977
105239,19.84448448073683
181207,16.59236377304682
83111,12.307605284592913
105985,16.463648523760416
222992,28.29394026616627
80822,20.74317694629568
104871,21.99240558627565
238358,21.987590000499598
112404,18.986764007788114
227589,23.910968248597243
294236,14.33867250883191
45433,16.24771389702295
161348,20.825210531542353
208072,30.586215786418922
164712,24.069113585291877
259088,24.49357131870982
64258,23.169410981542402
30880,23.972112846699822
153929,13.24931372279023
220742,12.64494644905368
148423,21.54466664784233
122535,25.062635484586757
23890,20.481844988258395
178359,16.350132040487914
183406,23.244418733524043
231411,18.259471680001383
164798,24.960693115939478
62683,45.12414979220629
4630,30.29789508690928
162496,18.012007624333016
138148,19.660713614152197
132711,25.944331522387404
288217,17.603978809389762
199535,19.441154880008796
102105,28.907723619088916
294554,12.730384718737287
214999,21.973914080351825
114769,17.752904253713794
277465,19.86713170292603
126999,17.559879762545847
271346,19.72389190061788
52113,37.932342027861
86611,23.58032905388737
201052,44.58132078841569
190154,24.63367569381859
123197,50.76927452303503
248943,17.580113312874968
124337,19.399010061998403
85670,16.432963962898306
291306,17.788616325327546
91438,19.77389812158804
270488,23.924070106168607
19545,48.08023095294932
115767,14.825751573007542
8062,21.17078653410067
116181,12.510953931061213
145974,49.47271805667564
54939,22.79818689474618
295553,17.923366394566848
32684,22.98622731593631
91107,19.483355068654173
162140,16.242787354110384
258259,17.400418358751814
189522,23.13975140200215
173122,24.947033424314036
159842,14.904290958729366
256310,19.353231597693622
25521,24.884927713916056
203401,21.919004867447914
250303,21.19337475760999
127177,23.669871224038786
123421,22.615079130511326
232990,25.6923137797633
144630,18.46647804993192
42768,13.681057089418207
163735,18.99222567819851
177346,26.41183294011775
74651,18.995626307722738
77789,17.46603986571626
173881,24.939107319619357
52397,17.123891864841774
66688,16.351430182289697
29683,24.96808050012296
31138,19.410304740714245
252617,19.907005338096212
171868,20.58299169835815
92743,19.483111143071522
265208,14.776181085619617
128755,13.16164176415781
84023,13.817833244958056
32658,26.4926675619051
49079,13.50675235464324
64827,20.731113556476636
155431,14.025829308760981
108560,18.89591944884789
252505,18.151772117120874
112467,13.427476803396726
44465,17.5338353329362
187565,30.28721521412558
233855,17.412627510766185
89800,10.364815535286603
137464,25.83262655957792
183502,21.22513832505076
147950,60.10294341359249
20149,54.88269878243291
184671,21.356773042409706
92858,26.7951081568146
129356,25.689105097285324
47344,25.227742489407156
53766,28.151945625436724
234019,34.43670806737451
67264,25.383487728000237
151788,18.618237480754104
41478,16.774170323260343
29947,16.43982183519394
198614,15.487307925231244
144254,47.114018388412106
7500,22.277746372360387
256926,24.681028309481288
150611,16.940125321452204
276514,17.920960099882322
162394,28.046207023264458
157165,28.147172483391394
5123,45.24575236343736
294153,21.707598208176773
6087,26.146818725031142
8799,16.58970302108316
153312,19.911330327371996
114935,17.881991415679565
35337,22.010313731867658
288659,24.49954023632104
168039,29.63120683646603
212313,21.90557146304661
65482,27.186816908930513
57053,18.274648930741346
209892,27.801861521182822
268085,13.873110930552656
184502,13.63985051863365
277226,15.682761236568656
133537,20.35162166058902
261290,15.975330288738187
173647,17.39844363470376
297551,16.18367543319644
183669,31.37034439012454
186052,16.74445561959769
31775,40.28847985904129
243210,19.07181016812708
269773,18.81548451377239
59855,27.987227240400784
166520,26.34996360544499
98716,20.35761501049752
269592,14.888937466038618
168548,18.111641863111508
284873,21.789248916720798
36345,17.15502484771173
205685,21.74051489243137
263397,17.18968895033626
49734,14.753421816432454
202771,24.079979644103854
284342,23.50261920541675
226800,19.76682055465723
116222,45.63546191844882
264762,18.74228873470869
127095,15.655061859204565
249935,31.991593078817452
741,19.538985082578275
131953,16.011190854363782
106846,23.820415675450228
163259,28.41984713550126
53871,16.458553616306737
218668,16.542213878594858
299408,17.16873502380857
210376,22.895318278755873
177198,38.51051681817132
73580,28.962679834932363
219637,14.665190344980683
12576,17.40509489223765
113278,23.543509107324887
170855,16.825295156340722
76908,14.095623326539698
54841,24.31217104913143
109239,21.075341676350458
111290,15.251427977608927
199184,19.54227331856773
158778,29.127539691149547
214874,21.614069896419696
56064,30.81102445431653
180806,14.857022140077055
3172,23.15190530968936
142298,30.250751834016654
115699,20.79404764634524
51230,35.559255245060534
162322,24.521865244107698
51816,23.303278232079983
13227,18.799244172118556
140456,20.245039680983236
289116,19.328628751675637
46863,12.909294338523406
42100,14.877602970382139
178343,23.87423584992303
99492,18.90175554674485
14718,20.923162048491037
269867,15.893921953112976
227158,26.644722068729465
257407,39.294225209448456
166459,17.39756426848668
105132,12.689362439321043
190813,27.512011011437814
36305,25.196612302497574
90839,28.977008628190013
298195,35.95451907261416
6104,15.380778925198276
235661,24.728087218772156
6388,21.894410360660242
6253,18.110137204558768
53045,23.908229874838277
133413,19.429975260724905
59585,18.618237480754104
23099,14.269625902309363
73111,20.722915946395023
66919,23.84461201561587
243873,35.34728828882649
60435,36.45815712989547
234478,18.696930671788884
218315,17.017596289886733
185171,19.776911726488073
168432,27.327370963104407
126109,19.259149302025754
71582,14.383397533175696
3779,26.372628548136266
122315,26.9614064444716
159607,17.91552436988548
123789,17.72777751467655
81360,14.361792455295362
107350,14.238312646827646
287148,23.902125843931096
109864,27.150101498115685
3058,21.51768598573974
222635,32.13016191071104
292710,32.98052273359973
266201,18.179976664754506
249387,26.708476445559587
97180,22.86517662683703
248688,23.478739321214253
244033,27.4577648927064
145854,26.917715526272247
168354,31.268657941904042
221911,24.13142377409438
185006,15.03100945657575
201126,17.051469004376525
91073,30.902032019106258
82654,16.497824192324714
138335,22.079847225870935
242538,25.010516828096762
149385,30.843475562533218
215338,25.562038223885406
124359,20.02174890568428
253594,28.68618112112018
235041,23.043372293643543
160567,16.511564183263232
296434,19.694773011636904
123103,18.065804076651553
208748,15.599392586861262
93556,19.61088771452124
189902,19.74810206527107
154819,12.520350602200846
48094,15.62292878819782
161790,26.84685637487447
176789,20.753695372588673
111917,14.421226940608875
298600,20.632831642661195
118365,21.230959797193883
177899,20.42207416554766
76216,30.39680420550502
1880,44.50353396472285
64211,24.67643502554622
48379,15.40325630852549
33022,16.653482066477785
138037,28.14302799466766
51183,14.734215123127134
33589,19.617856619770684
190213,24.447607741994638
182200,15.188179190630407
137312,24.012910304998815
36063,23.478260967165756
85647,17.735004741526815
171046,21.430428383011865
50687,26.473495962762023
72910,36.95619390626377
32062,21.397245911398553
298113,25.020745678314555
96244,13.661484527873478
157798,19.534690851943253
110370,17.307468101481984
132703,15.200230708153217
104108,18.747075060392245
283039,19.414389686961925
297249,18.478595512730145
41333,16.87959425565294
226429,25.303358760505283
222129,23.18065797556426
118147,16.31437296661028
185827,19.114625643460894
87084,22.481057544054547
33352,21.441920080909266
141568,29.15460234173017
92340,25.0893898418502
281843,14.13397804181714
213571,35.46563237509013
173890,16.87959425565294
37379,25.5503808839694
27489,20.616021880094333
132159,21.970786815444608
34820,14.569192153714644
181488,12.389858066940361
108903,15.638193047941765
120224,38.10711572458789
69016,22.314082135084075
242801,25.09593283508716
230486,28.37355721740529
88898,18.94581387813224
274945,17.966726153102464
288212,15.684729717416417
221241,36.19836154392395
141786,19.928148985209464
269787,22.82981808932586
135869,25.828329223046744
211062,14.163298301452187
100228,18.53891906625899
125805,15.191300948573138
199160,16.846184361506484
65262,16.473498231535466
54838,29.587670065413477
298135,17.385041532975027
23319,18.4844293914053
272509,18.80611408263928
253228,28.332648510142736
174317,32.04007729425968
38783,15.286346905437842
27597,22.19331704938231
55825,23.89214268177127
166813,21.112148655694693
81998,16.74452893626171
210489,16.217427478268668
259271,19.385291273726384
263399,19.743419664380472
145738,66.96288169150316
66962,17.076063055153117
86070,27.11154046253959
3843,42.1922856851176
125862,21.014166161571616
191381,20.86776338301187
145952,46.16346673035073
149512,20.558526058987887
238137,19.656469021303707
162045,28.66016521347671
29744,15.924361943079248
77249,12.183139479021307
132861,29.365952201374473
232378,21.702880444559632
187712,9.396771269569726
173268,20.524115501366687
128482,27.170617954613693
282553,17.09988161626751
249496,11.86914810032727
154631,24.12638026300798
231050,33.23368739062087
288427,23.98147784904703
55330,21.467880894442025
128848,20.715830231731847
221366,15.380778925198276
7795,18.044142429561496
215739,20.042792525116017
202233,29.07800945471717
118022,31.380139793690706
104779,15.162042099778557
69083,35.39155435867149
134779,19.793319846928043
253740,39.5480346458165
277634,21.08625434186531
101112,22.46840318029842
294183,18.66286370034054
150101,16.83194899429744
106246,14.78162521826556
144035,51.678777596055355
292548,15.828453664071455
163771,23.17538452388903
245753,11.628665707875404
71952,17.216375822445208
211867,22.208293222749525
93703,31.888198964116505
142850,38.99878872931483
213296,28.377726380435575
12472,24.274204175758364
151773,23.032292314750574
266711,13.82038635657023
107045,29.099426094726585
73737,34.540101953253206
18315,63.484165134743265
220907,28.853868544203028
242110,18.33172045603383
129210,22.53082905298307
71274,17.540164799403165
107144,24.13469375775148
256906,21.31160331565597
236396,23.869754645830447
290622,30.12971862745826
99026,23.125058721275483
120567,24.99620102056807
23635,17.016303213089646
106408,18.794365108782983
278172,21.865103231551544
44433,18.943353354243925
133737,20.397695626947865
181680,26.969415338240832
192701,37.0313749289646
129634,27.153890588585433
88570,18.01035792900806
46700,14.383397533175696
9925,24.425229948207516
241085,18.886386973849564
219942,21.675315181289186
217477,27.29303064723345
96521,17.713431994905854
245171,25.323907821804095
160630,16.875825414961113
289710,22.517604090943315
256633,21.653840755137193
199241,18.719322532132445
174847,29.591614846510414
244386,30.359603116250305
286496,34.25655378528259
208418,21.282071319158003
216434,26.146818725031142
12529,27.374437478148717
99149,17.180464035981096
36868,28.79156624368276
256660,20.54220547016929
211451,21.4877567711072
207308,30.638389947913065
54635,19.310217088293548
286093,27.64098833389132
77659,19.634636039663555
50878,26.840928800349086
182372,16.435548168570957
238757,26.09909280672924
97383,31.08260072074349
43641,22.704434846697115
101764,24.447607741994638
47513,43.049310183757214
7548,21.259717671608783
276202,27.845354432435357
53711,25.539871618458623
266275,30.230679244317322
170743,32.162822701952805
219813,26.01821531292011
143834,45.534279902873756
127481,31.67170785476849
110000,20.922928722302125
90698,20.931435875206894
69301,20.46330415240365
71561,20.36649520386826
296718,16.212467453832268
199142,16.055440347770546
61612,28.83866794388816
190168,21.03763871496004
37264,12.895248496448824
133947,18.318783086478412
199031,27.820955699847293
56972,14.27980565210035
65839,18.61868137890641
53869,22.77342862462831
223883,19.577753517222
57952,22.685327278400337
128823,17.13429766693319
73817,17.71395567967021
145659,60.28013754526579
127608,25.82192390956302
189423,16.259872054127943
45547,17.015174644166585
21774,11.562638549981036
24748,26.476230089869695
53373,15.249892132868073
223481,16.969899111098634
118884,18.318354982200887
61733,28.505056092206434
188427,25.659705470548552
242115,25.461219041441815
244087,34.60890666914267
279888,17.639121283932063
286194,25.89263387161688
56285,20.437021862095744
57065,23.6363886959301
72175,17.073513978389578
48375,14.624050012529755
151694,20.2399157470685
181909,24.52471021060381
146726,30.706829673421158
158948,23.189607217085722
111820,31.927565063168394
289727,17.238915677692056
138804,31.86331259877499
102626,43.394334160396355
148352,69.52706653090294
172253,33.63550284385603
139647,20.927064673273048
286985,13.834002205745382
231247,32.89103666887133
145531,52.16748608067835
139166,21.51174101411825
73656,20.48451925960466
138195,21.96879876339643
131397,20.238012217066405
116935,32.6945388860815
103557,32.05959375863161
22531,12.74299253498353
248378,31.102753993363116
224977,26.08420555859188
68583,18.845681372644425
29353,23.779058642321214
249303,48.98575067559862
237584,24.955150252237594
157140,17.2288872378582
84514,37.207100498484465
270030,16.146520331094386
84022,17.094245617109458
2535,65.5571271636508
283436,26.24482088892902
40425,20.215219486287403
118499,31.33090550933926
189662,14.693706932710867
191443,19.735378386049486
246457,23.375680040266037
226049,13.593817941184025
70988,21.286024095387397
112292,12.838621109563396
149334,39.41638950633451
191931,17.356928133689394
199936,19.967988931273396
122383,16.440413156868097
156413,12.617738123561576
15394,24.173222912769166
85273,20.819280418727594
101019,11.976836168086932
247686,34.85969294715859
293095,32.5035397873365
242505,19.574718180052784
269778,20.844047379156724
202888,26.005558161419366
240234,22.743079519349543
251529,19.456757862330893
193312,19.440197825278613
232105,25.832597152342988
207192,30.200389329133742
136454,15.274081078241377
171290,24.64548289535265
44436,37.132027860693015
208305,33.95492084780481
198822,23.444388405293964
95993,33.24814052968238
202752,24.466645673775837
256753,18.662605632190047
187789,26.688659095204535
86749,26.555829332155092
244963,28.678904878825097
254994,13.4225723606563
251020,18.305335618752892
111111,18.714479756035576
194437,19.415935990791027
146458,54.12275237924747
178178,19.631913083173718
227925,26.478267285852837
18673,25.44887384910715
3278,10.966971667789176
271398,24.276795316451565
127723,24.135277146063956
190927,13.848049940572036
80204,26.78483282963711
88995,23.288417701322512
203356,26.538467289641595
234391,29.787244564493665
71262,24.41377090876445
98473,18.90242015627436
102845,12.91458458836558
294711,22.52464414256384
170659,21.806034197289705
202366,28.09074283823271
88528,40.95090042939882
298856,20.03433100985065
38651,13.89509478687899
181261,20.912763943518783
260892,25.95563998823718
46995,26.425447977959955
153906,19.981460243075617
180325,23.26541169274578
89268,17.76878468326225
237094,23.552697431353064
138827,23.82927494525943
199699,15.864051094087733
32017,18.531481113655968
124424,27.518419404639097
150596,27.569598049727336
195742,44.31231053474103
170356,18.914175535585244
6706,29.4929958731499
126863,16.315956076894697
4862,34.596639614046566
188081,17.258188231535463
156614,23.149461071732684
234532,26.01598045887379
107683,39.922506332160886
28378,19.18878796965408
48075,28.41984713550126
189698,14.136030457469838
283596,17.49596799603956
46295,19.292134923628804
6311,11.521644856391166
247488,22.934092374120052
267563,22.387964172982258
120758,19.060367303433175
159206,18.292208324757603
34464,32.60066796153369
820,14.859147313903355
88395,19.35075829549087
76140,24.907510432625077
87311,23.084694127666708
15285,20.161592065289987
22209,20.544029864054373
201488,37.20117477002283
149728,30.31362132616177
199702,19.51766766464499
177022,20.16107955951406
206603,25.805440984872554
250169,24.87979024457247
43192,16.569381906090456
121066,22.931482044355715
279468,24.68983459321074
129748,16.075282137283693
888,21.54493909197226
254210,32.248038307644116
124719,25.972338483102504
164431,17.472157126899354
195612,35.926157254395235
160925,25.257862058065445
136151,23.680910887997605
195499,49.23107361604171
35713,15.385520748038294
289366,19.33990262640051
217706,28.71330360903686
112345,18.129390847463334
80919,10.503848581283929
99029,19.197924582858178
251798,17.12935284527676
179536,14.066152862637917
256070,23.858601176273414
55516,12.247821654999345
54464,19.46158387164423
282760,24.18474211447766
138017,12.148943358051573
150983,16.498635962884975
119456,26.045654052585167
289851,14.788499913518176
131966,18.199100935278913
199141,25.93083942696982
207018,19.378817995988395
245471,18.90447940688397
246161,25.06255943610193
98411,19.151754821162832
201727,23.91634603341008
104489,14.59724324916399
54617,34.52965039540983
29052,27.090762739479487
90146,20.534472129505623
270892,23.517099846001724
69733,31.865493388541182
177565,19.353231597693622
184138,21.765511465864606
10664,19.297377836082003
247248,25.655263454350585
243018,19.651814324366942
80026,29.832285460356275
73571,23.9982610147118
225588,24.16341669797945
123435,20.875402813139814
254960,30.659075427646815
77247,26.146818725031142
258927,26.227779412340162
282364,16.884127508435377
246073,32.00916430246331
59050,27.63046014533008
13549,25.74701276117588
240635,34.73132139489948
260476,16.734338796575695
106076,22.09034238778836
18058,61.893881796511096
22751,21.43784388196267
178293,22.794502055323534
79729,21.838594320071035
74562,19.05289996367165
198426,17.148859088453655
206689,22.853127352060348
175048,18.076213736570157
189033,21.80428669595121
193790,18.913841254092983
188005,21.43259804125821
142802,38.48300731091939
254295,22.147051081308508
247484,34.8218472636689
221889,21.550954588859362
297117,12.38875435125188
89615,23.581704724379186
157228,18.298767729270573
288818,30.4810772570736
124388,34.19190390409945
174082,27.549004523289113
155469,14.358715643589353
84064,26.827434450451438
6018,12.63206083421554
136567,14.272389755998258
11367,42.45417879215111
184881,44.62533655149419
81824,17.513761724214906
131983,19.01216689981672
24794,30.797578411948887
274054,13.404688410234607
78007,17.038300453486862
71127,22.743241970340456
89716,13.41055241015708
93457,15.129217857035508
24282,22.016673325935876
8904,12.736149504286189
192594,27.883138073249302
254603,21.19095261577749
174836,13.000381138887033
11146,27.42663515206823
209231,52.22763768871887
33511,22.758178781468654
211958,28.026003634689737
277209,16.982583978087
34442,16.258495070932423
235001,24.856242076811114
75886,10.42940683084962
273156,14.311261527542126
145891,63.620448324029255
116153,30.952426471117484
225786,14.10449547134763
128182,21.582347345980242
264506,17.344969071832303
21090,57.92860300545014
90255,19.555008852173682
246794,18.757208754933828
254433,21.82548430318663
174040,22.123300637631587
231394,19.66242424519188
64727,33.13920422641566
260230,16.642707997004216
285102,20.769475886441388
122891,25.047093424347423
55724,21.617749251581834
200025,20.089524667294707
126584,22.54006674482618
126633,16.53073310411018
184958,14.21393456848445
136837,16.7050545856063
72571,16.07648503341658
151927,13.83844673947272
95709,17.586291326483085
42293,20.941144652740803
230277,30.912429866301316
187777,20.47165730624105
124391,22.528954343547383
121582,22.49451049492613
39172,23.658346969998803
479,19.495341272291107
190929,26.951602287456275
209787,15.464463464430887
285367,24.678506205132273
217214,55.79334864896835
223538,57.85976964424701
175668,26.73400841488808
174993,30.67213219691835
184883,11.976018420436665
31312,17.227273280631948
278186,15.710669478415275
66217,25.730756814412445
213795,24.510135976240278
4212,22.849685511874064
245834,19.560820739725692
34932,16.421282924072575
127803,24.631042530031475
83411,29.406530503486323
212835,31.098160295923755
41790,17.80907168507479
35674,21.632492638781187
197016,28.475348150694636
54731,16.329599810590985
224765,27.90440970902764
88414,20.60695996528147
295053,20.31605607488617
244133,22.14800500985457
137962,16.94176501584399
85185,28.42520796380518
282695,24.55130659032483
72071,25.111210687127524
16794,21.42662966295135
210480,14.236144932850143
236390,20.297653497140402
225349,31.985503352165495
166149,19.353231597693622
64572,20.985810688886204
130559,17.571324218054993
171382,21.595491247014206
221532,19.147794244703448
266986,19.761535691261695
110794,27.180467907875027
113197,27.424136690282047
113350,18.41627905446744
278847,22.758057014794876
217057,17.147563618426954
2216,31.15124180282654
61102,36.725532745111764
148200,15.56538345259273
130341,18.111738849373836
86259,11.282941883748634
52064,19.995683312985623
181705,15.640155204710146
57487,18.05866410089226
227634,14.961437750524329
141376,22.377469599595535
146811,30.745342415347807
133524,19.679042587417143
126711,13.917398493332067
12695,28.063065455278434
222248,29.223461094444
150422,23.59701649303158
183893,16.894137756331382
162874,33.12810885234375
100496,15.044918214424849
50370,32.366215429909374
103317,31.85126218417785
115626,28.756495180128788
170531,34.93074483272385
55451,24.64548289535265
293595,36.21686684491357
234458,15.740396118000954
230625,23.356065370580637
209759,19.1661879518144
233095,29.86059510081891
139429,30.829640347259215
193688,20.3254406341361
220316,22.46812005918787
178477,22.599537331931383
179627,24.608254539862592
204427,17.73380022286459
213404,14.810232473975873
273713,23.959246473663573
242585,18.392286904662534
195279,39.02387426084728
36720,30.421525757010805
192413,17.441392978301415
150855,13.76667977569753
210569,29.54703118644498
196732,23.089572144663244
145429,17.411278975938146
143300,12.933200584889779
204932,17.464222012953943
207937,15.092476431629837
46253,21.086231519127534
111287,17.383755755363502
20298,27.5195117932536
18252,32.130747850786975
152776,22.25608788088962
269834,21.286024095387397
90459,21.414571574792557
160264,18.410850312897022
253636,26.95124873495651
199251,16.35946478392329
235096,31.774409275875257
289794,26.118745194029504
182599,19.13519545593983
146695,45.962388229477604
185352,17.60394628806393
57607,23.18222437775545
66129,21.13420653871133
289005,21.919064482418907
132440,21.43736016002157
165852,18.005084037766913
96512,17.241003185510415
107155,39.74044119453767
57790,25.068744439126526
198322,25.091961328674664
130185,41.70560750791653
57198,18.78679038603927
175127,24.336813108354185
248105,14.202800125518355
49096,35.34766474506235
191682,15.806726852686268
250784,21.4441873859003
61980,22.908856577855875
13901,23.02326372198416
201584,55.71495193818083
258019,17.245584446028396
298912,23.47141787489569
92356,25.350509517503276
182044,18.395024204455254
1795,51.93312846784308
35866,34.66499512684187
103184,20.148717338346437
196854,18.497147180033387
212262,16.383285436607395
94066,16.361367035065637
142880,49.71411555085338
219446,23.41809792697198
147436,74.44031696390155
93820,16.87218903444797
230741,43.726909382795256
233277,25.601293860644564
263874,25.76277622927759
191044,26.936641473912935
125551,15.407708694646951
233109,17.000929706521998
268203,22.27503073690489
78040,20.926289628291382
213226,18.546565865215683
162252,22.572996104577165
260830,21.71165469875978
137425,15.719739745895211
182589,13.801527793158652
295212,23.26993197909452
124898,26.230677027368607
7267,25.306384700155366
191276,28.31550696472133
262998,16.479796884161324
34893,25.972824561067064
221561,22.089363596094138
30749,16.013077054791246
264427,18.211039854734324
118314,22.38875777637226
224543,29.639064998962066
118067,23.48275649451478
36426,33.224669349211
67503,22.226442397434944
129866,14.616098370323172
21663,21.734567237493053
79681,27.24594195639014
247302,14.579989299166835
219820,20.643835076940654
222201,22.88290437232815
249546,18.236558309379078
213240,34.0932908708305
205978,29.66747170619887
76631,18.67366600820962
21327,16.855446187722105
67141,21.305084958323146
105969,18.45198606740108
243426,27.839124395885385
185581,17.936031866171284
36136,17.635426476118067
52045,22.0321217148721
232734,46.79922300675162
187511,12.446069703283365
43998,34.83785423902641
8723,12.698612213723042
201015,14.643253416300405
15974,19.560820739725692
182226,20.762584480928172
167783,33.182787861057335
124943,19.651267668864868
168241,13.940703636929948
276243,20.85548435225022
64744,26.15481979752163
276122,17.465279432696143
192405,19.63658064832152
112711,48.935606250478145
221228,24.805521209241096
5645,51.48775855815637
277790,21.459971916374663
251437,26.87572196812212
293466,37.60181113344419
1602,52.58074930181582
73604,34.50554014503152
69089,46.235596583416864
71462,20.009589389293
273364,17.09118740894337
43689,24.181380791284464
265750,16.07423953800775
165784,21.828763945930966
80606,19.8612290167423
261890,25.394383828470303
113428,41.64817660326309
248388,18.03671520583415
150910,44.4920103707011
160502,20.133788377639064
245200,13.985120253399504
73365,24.708810394303367
290392,24.415652794798866
80764,12.578352874108472
188694,12.185858301276932
250575,26.595884425694425
82343,18.932380055597616
80844,21.794831270948464
16293,37.23988070023495
192856,23.938544301247966
114830,18.30520105058893
166779,18.82692175714118
110235,25.432593982064652
24633,28.706251774433063
39661,20.790344367308688
267369,19.385291273726384
213953,21.898406165876672
157218,27.090762739479487
247917,12.53547039269233
146567,49.41058792644591
50291,21.623694361412372
52494,34.98055848944838
154166,22.266368445849952
186632,12.43115660515567
137939,15.381327451732309
54873,22.725684845096747
119885,17.3194415266293
113841,16.027478411033332
174174,32.565652052151606
60785,34.64724370659043
212481,23.980147011034774
251014,21.52888655017191
186413,34.165941639261554
23035,48.08064652641999
52772,23.21404171827772
181872,17.866519508441876
252325,31.28034396945976
132252,24.777571770852944
140996,21.359110117087944
248271,19.308143556280804
214066,14.696646109092416
139528,15.309237091300185
283676,39.01290868171294
37524,19.316194736785157
114953,31.23941399953144
54517,27.844854194446015
293368,14.372147083265716
214463,27.389750540196964
225144,22.81889892612762
212887,26.784961232678256
132306,29.21763645413956
78242,32.10548074603456
79918,25.066952751520905
217325,20.800662143538887
32000,20.035711827479698
7666,21.847690006034746
293552,21.720178733697843
84595,18.68918767961669
234447,14.500472296319135
271292,21.31910403549076
24744,24.86402350090288
18414,52.085003960414646
76180,19.530966901075367
164595,16.181729481660437
149772,16.573033452375086
121771,31.401517044800336
188690,16.66163899192072
215150,24.89165970320341
189895,12.612220025364756
89928,23.45881885075613
217800,13.514428811079043
181534,19.550132725236068
16695,33.304971768876094
188294,20.7251044862874
111707,20.959207953473317
251499,16.69089777030303
178931,13.68405630704188
245826,37.301921162237235
237522,26.86753718733964
142145,33.020977832576044
72276,16.243762506339333
135892,15.152507955924452
53601,16.87646869203451
142334,66.02319759343764
206688,19.412733416640425
140389,13.023671463423593
40536,14.56865322674859
20195,62.425585712009465
127082,15.980184184445445
59323,22.883097979416696
116435,26.742251306742894
119550,23.378307880885888
105411,39.183216504289085
131534,26.127645734088
198820,19.62283249311785
177684,16.10719376735252
198578,18.38403778088962
118707,32.27829331488158
50017,18.10213943859747
88561,19.63583201253787
133223,15.66292709933515
123331,26.699358063403018
211091,24.433643603806313
219178,35.34964095007973
82704,21.204265105693878
277797,30.76999604256033
141052,25.458327398270068
252180,21.014200576354888
38653,20.54383663090776
147341,48.323408556759375
253745,31.751439417344596
26969,20.214279072378613
281837,15.528984584519298
80145,25.720969259252776
139203,18.366406800966892
25248,23.28156281435163
212924,17.31868092706404
224579,16.911570431390306
297695,10.172170682509465
158822,21.856552954306345
206418,31.533737933963305
23651,25.222823406386755
16335,17.64945502044432
172924,18.47086834494256
274401,24.44669106693214
240799,23.974492934173924
179762,28.299609618049754
94093,16.128388547887965
13376,16.878767817376364
45103,11.179045878952227
79138,22.100325059577948
236020,19.55092234754888
190409,22.460028563841668
159498,28.09933883993761
142107,44.19362801911194
41586,30.766972172897887
87328,14.236144932850143
79143,15.5601865105132
275028,19.899730749149704
279387,19.297377836082003
293813,19.698771894314838
124833,18.304917844309255
267426,14.59551655669232
154284,15.792708353603985
20137,49.94506177975104
165646,15.61299518091442
215587,21.49091566077653
227211,21.70547309279429
21687,18.54579637678801
107376,22.02919447335271
293467,21.165261454981763
134043,17.982267041051443
280003,22.94421372680703
100580,23.93039179826332
274589,44.90097414660575
213870,30.038222646108334
143982,60.97513435222281
41951,20.443977523199184
67854,25.830711826304896
273553,9.53573961911884
118304,15.698502547502708
258642,17.936031866171284
241481,29.31036838784481
185716,21.38496118795293
224964,19.199787082209106
171643,11.312549649735962
111863,21.206966600055235
187512,19.664277306746857
209561,23.914982640340796
230825,23.895143318893197
210521,18.191654464668606
51354,31.192448152199507
194560,11.21141619744635
143443,15.056961913903091
92290,19.160204337153516
222837,25.26545613062596
118931,18.40487073995937
233858,21.197601715562303
89271,30.379039684068083
109657,24.231005474157193
20743,44.48649142705705
187976,13.536774555280314
160710,18.002202053023456
45994,19.353231597693622
177130,17.140707927797358
209941,22.214984705155583
131289,15.402377005523146
179172,37.222624672185205
63777,18.35284825933821
234670,22.048701877637363
295609,12.444897059603102
45894,13.29178957122745
125837,25.87291690714232
274022,31.929815586918966
193058,23.66058365358103
292851,20.19307789472662
152656,17.072621504560125
245354,29.447143964074286
257963,18.09086959906756
275903,17.87461161748826
118627,23.263566201807162
129607,11.183237719758472
33259,19.346185793091234
175350,14.900501203983088
148639,80.93516550443118
102054,38.78434472409671
267947,12.294546169546182
14415,20.179354705472996
72096,21.38736218214499
122662,23.974638827589104
299123,15.476297233435208
259043,24.457875043488517
74558,21.465845477804596
264060,19.78279798824453
44946,15.988946736125282
236750,26.046137255596477
7409,24.820707819330956
199698,18.069358797099277
60596,33.5282419235388
279943,16.594287319979593
27961,25.90844696888889
274340,24.371218935806798
140156,20.545704119397428
223170,28.642144476577517
128485,27.237083886441905
26272,12.421854110882123
272095,10.975220106622258
213644,31.027058002231648
252741,12.010543077775036
178008,20.131368824230357
153636,17.707538948619607
52626,17.064036171653754
76838,14.887783473208529
224545,29.76327499896206
13217,19.171935489668304
101731,20.19307789472662
236509,18.90652640945057
242798,20.41964923413963
175975,26.96635735794991
22383,32.32613733816883
43513,27.556500196845406
260330,17.05560867718905
230841,24.434663822041603
17678,29.48294998588643
93877,18.289629744548005
60737,18.91810448042713
177834,23.501112658803272
65167,23.053445959760587
58772,12.847905504517849
223889,24.505507298599195
33773,21.800269274905943
263229,22.860152366953596
167279,32.7864860881981
23968,20.322734916651285
74194,18.334403621568377
100813,18.13053884191614
193991,41.48213614573793
240984,19.148556724696736
121065,31.065986862247893
15494,25.441886202292636
106206,22.787306049690947
271387,20.2607836244946
40992,22.444556399222712
243110,12.99135783036923
50654,23.09082896414561
232525,27.850082231606525
224915,24.910201665653837
32656,11.18601831230897
208285,22.998797039530583
267941,13.790323440653093
74822,29.963900817257127
256478,18.094642911296205
26801,12.758117986255778
245178,22.14764960355961
110660,22.137039572770806
94568,18.81324449565937
1563,55.040039109758894
218660,20.4915410100944
8075,19.978672121258267
215357,23.641246894304302
24821,23.942679172084603
227413,17.0578460887618
238857,21.064468634538983
186661,16.46058062324275
32590,14.066152862637917
173787,27.720721478939396
225174,37.25478492173189
244545,23.602516799051525
59276,20.705789081602397
286621,21.505139082559122
205601,35.08263684793569
16384,19.166790600495254
280014,21.707317960001046
184777,16.35170787708736
128349,40.056563709960265
214075,24.260227882832943
51742,18.317090652683653
188128,16.988908564106932
128493,23.88720784704528
255885,24.943791303542987
143842,49.81875608937942
140079,26.041323544636384
92323,15.899109553715476
95693,21.087581972053464
251148,18.618237480754104
149061,82.00919766612014
148701,31.893309959038127
256769,21.67514959465483
211512,24.142022445200283
126107,19.217540742357702
207285,37.38278365987846
265219,18.1881395844236
129330,16.147374210170653
143003,14.643887088058449
211397,21.200135120981134
202456,31.565970259561926
38628,15.468727842263695
182830,13.306499158874072
32664,23.09100916160454
156368,17.180464035981096
243254,20.634986283964487
114116,17.973937200738707
298510,15.79090568671449
79011,15.77201082210129
55257,19.29319921922247
3187,13.689279682072998
196612,40.10427224380935
127284,17.70760872188798
258772,33.67727880568711
149037,29.781544566680218
251047,31.67170785476849
68386,22.989181471947443
42661,22.16964325278569
260397,24.63994389280113
195331,68.66164940488068
184217,18.955545084037162
39034,19.512787186818297
44232,18.618237480754104
297204,26.49345028253042
262083,31.375111827120882
67279,19.026847141065943
148407,24.87395458283196
78223,15.471528847079828
14500,16.653949629355374
6568,31.909215232142486
56179,23.392348099290732
253299,24.616945345700778
259936,25.541435507189114
42350,19.690783474386237
263273,17.659631763218016
127490,16.13919690085563
131399,19.836245536637524
240380,13.229483747118014
258324,18.57801225052031
10606,20.097568690343408
260607,15.321988082101447
281613,20.384731612561872
17249,23.448910780890785
105075,18.648234701898744
248064,25.61914786899606
146450,39.483649506334515
69831,16.989405817885032
3468,18.628952901845274
142261,44.24398835030924
52521,38.64579503552998
6864,20.400504692740416
270127,25.413818914421693
162887,17.457652593629376
104506,29.563916702790344
253775,18.61183213700221
262291,25.85999561325
291054,17.866519508441876
3398,26.298942365694906
165453,12.841940740970065
133847,18.98333798935922
72332,20.640343891971167
284392,24.469411571135804
196137,47.07770308978
205121,25.048001505748044
139794,21.509037066222696
253219,27.229550550241907
8518,29.012045167250182
278557,26.910917350943855
140345,16.959353930939738
175474,22.547966327187766
204368,14.40038676146715
81184,27.056516176905934
150732,22.76071456263537
253557,11.626713758955947
120573,22.425188484028727
86086,16.670873639716543
26199,28.610655913644894
65054,21.73453991162331
87466,15.381327451732309
163778,17.175743374375834
65123,24.8630652241077
236234,27.212586736179638
146128,29.974736377495184
7220,25.68702480632901
87546,28.979740272846595
38003,22.775211845860966
136175,13.262075798953418
201560,21.013196446482194
261823,11.39492125870654
31816,19.577753517222
237607,25.00878191522178
293005,21.611932955924694
80878,19.6353329822594
293281,21.524647309307984
192622,27.321818980640973
123475,24.814077855176077
17294,25.737442681371892
266444,18.67366600820962
33977,21.60471488314129
160543,24.293624571855823
271740,15.185265298569766
224186,13.404688410234607
227681,19.452345939374236
51343,14.602856353695739
48919,18.066487823119083
116626,24.223376026297665
176035,19.89952644278495
150359,13.107244202401347
37876,15.975021740397125
162481,15.03528772069833
212149,32.792206810464464
55701,31.736371726649065
27793,39.96907714325134
208866,13.130368450647044
283588,25.894694376091184
251488,19.36325325696468
149580,11.22002738935485
275555,20.941563693313704
257541,16.9012725915105
78347,19.077435715699448
16294,13.578227282388806
175467,17.779378992668804
296184,32.07803250512309
158135,28.580935861096542
220486,16.5220486688437
39409,14.268495699606294
150493,19.32853057760048
109156,21.68731413920211
7671,15.153438481251905
42188,13.937427060299067
213924,21.379408162958345
232088,12.800645191894649
267457,17.00330144427748
15955,13.928392648471874
27821,30.98687329476159
43492,21.797824048225966
251740,17.73741729881412
278661,17.756164332142777
180640,13.407977852235012
162324,22.45018904804502
138707,24.00018231950748
89607,13.008374583953719
233441,28.427555864740505
108482,26.009649100264973
278691,27.94067122927758
290741,21.48501373880773
158465,30.856215205027173
180809,20.620689045014853
118146,20.281249147157318
193912,33.79677231584218
151751,18.217425237330048
194670,17.62673460464054
8393,24.084965179749556
49317,22.68059286438115
121295,27.417023773589314
175176,18.019489675356702
47998,18.293909894772792
255299,14.672756406283316
83783,22.242411358977712
60705,24.92053891926973
76853,16.253614032331917
156608,30.22645229747377
181150,40.435039329562656
184536,21.565966643073992
248996,15.31973512938482
31322,20.56347394207165
19780,33.70140273615688
149557,30.79952412982334
260856,25.447342691556923
256579,12.625330454413682
126454,30.203647643965866
137776,14.756188231804373
245921,14.77043079905938
151882,27.34535290566999
208256,13.028911533759375
152212,42.591518231464065
188185,18.51278288577123
40556,30.714877924559925
291636,22.05588718828067
179939,13.848526336560164
175583,25.900532002569072
292647,14.066632155141283
297511,18.211694113069136
172397,19.039208582653394
294890,15.929620514256603
271911,17.087328614237638
264789,14.206012723903049
162744,18.836516154836055
102791,21.69713010150358
162655,22.877630567960708
167187,15.376221040058732
203187,25.03106534986231
250866,18.42042501092997
179733,24.34873821293504
187333,20.35790283104714
248028,20.607980515006933
41940,12.055910181456817
228955,17.4095034061432
128582,34.576810861572255
184583,19.31972689216527
87611,29.80952204471391
157859,33.648833740971924
116992,21.522568092794295
32927,23.75698478853018
232097,15.63658233464712
68969,28.533755383894082
6779,16.155733994723445
75237,17.050635148204307
279539,13.91310484566176
245000,34.226641450650156
282826,13.062725969958853
8591,25.49956756991603
29440,17.70653492762974
76548,22.06170672441521
248932,28.104123482649232
298240,14.31641927384265
88069,36.57040830227665
206070,22.590597610603453
241806,26.32852834743398
11016,45.13319793861302
278471,17.803276136593954
38859,12.406094966989865
158719,16.252597581287752
247135,27.747395253891273
9791,36.97408774511176
37871,19.634636039663555
13554,15.122066076107638
82228,23.571685351223444
285239,19.95918515353396
146497,31.386397207015783
102821,19.199787082209106
258909,22.768294228713522
98689,18.506160346904288
98172,16.628720685648005
283946,19.777330041338864
287975,15.222732005447924
292133,20.854593032133124
139777,22.149160129670385
253395,27.348060160092295
223254,20.33371237953881
21575,14.137578898893855
123357,12.569511176367934
204813,17.963661695704037
83421,24.805521209241096
85932,17.065516515923314
50221,16.157454188275665
254677,19.063724721204835
37214,14.010975407786097
225885,15.99349866721029
175349,22.64639826188942
92673,26.43479648569301
37376,18.022794232899507
297475,11.551883865156547
123869,18.761006569399232
184331,17.762676458117404
231194,16.484052858928692
67259,13.186043502346246
288918,25.27601003113973
220285,26.430460101726403
46103,25.79720479661696
276983,14.326904111984884
201606,30.80724078154891
147932,52.47217781555298
243025,29.06000025086745
27479,20.20271601763448
22435,16.45434286851028
238781,27.720721478939396
31559,14.676066556613254
109703,22.96663335810599
291221,30.379039684068083
167507,25.35985588734173
50316,29.576724390226588
287413,17.51784193877924
90372,13.768117793158655
106762,18.391378121043452
260837,21.021162478064618
243549,14.85626071847921
243233,16.886024206044404
44144,18.094210833456284
50245,23.55598949631473
126963,31.74997167962394
125448,15.516944603971279
248166,38.54184959388926
118241,33.12810885234375
45221,14.138634768955313
8697,30.61000774858701
235572,15.539786610944168
63389,34.22055422902216
91124,16.09912636518226
47293,17.031062776362443
282216,12.561172907640943
193571,19.67093068080283
270560,43.33844764879949
21593,24.162235749959443
234363,18.00649809274706
33138,19.80971538972657
103521,20.451072332366554
272276,19.10338802188444
121617,25.169884328080933
13454,22.06628612448423
249297,18.995215120353137
80174,43.48276389950371
160797,20.054529279968385
91703,16.711133062821926
7942,17.70653492762974
39293,20.75887047336238
4448,26.94509242148477
287575,18.706962295533508
172848,32.04002012904461
243222,36.725798034429864
172840,22.95504378043658
167129,15.401064963992928
216760,17.024637409787054
85994,22.08374560243958
62827,19.187009578728848
108523,22.944807952532386
295125,19.556909963671643
186941,24.58063762644575
52029,23.81043656561447
148282,42.67060642730683
222338,18.74591397543058
243087,17.898055028837394
125900,30.197678693611305
1333,28.053353094052984
139271,36.57040830227665
273944,22.33123976729206
178527,37.69562238272385
158068,18.67827816340482
226162,31.82272430164513
113735,19.716149606878698
85518,13.537983718774083
1276,25.264396657670716
82157,20.390687160623436
38329,20.524115501366687
298700,25.08346462504528
199147,33.07632095025856
263281,23.430735680087373
11453,21.606925028526778
19747,64.44733464768944
8101,16.3305701160995
146586,27.406353115822945
227423,15.934848787080512
91087,21.986946073863706
82114,23.35923377266457
11571,37.54771840360395
209466,19.094865916751154
231540,25.122949065039258
81218,19.678570548067988
199013,39.4446191949121
82193,16.451322900838854
47337,32.591638245470854
69642,41.31675486430687
58275,23.506101638347296
257739,25.389520724186678
248920,27.10220911593139
30159,21.650556601364297
255982,24.462634208881006
59748,21.940212937542267
28579,25.056181429888497
240942,19.28995405631076
221006,29.28990919334218
289218,20.783320090601208
272906,14.867369071453936
279704,26.093113587366986
290365,18.35336213669936
106440,15.553701315723242
67084,20.56034636212114
215661,19.32702869965184
32243,23.34280613082752
18775,55.01147654206935
169409,19.739946023977335
244882,26.583287300146036
126560,16.465651381462518
172037,19.532448495810335
40920,14.380092782639105
57442,21.261673318532765
63460,32.7365320727984
222614,35.01734269484767
152836,22.148899857029974
24782,15.676810512916967
216365,25.11149567340766
285151,28.761999924653644
289539,19.7829979304785
254644,17.234146682408248
294956,30.42384995108904
240637,23.911374307589462
12432,18.407892421175923
81101,24.505507298599195
90721,17.340900323376413
33581,15.652884056289986
227724,20.5352291701423
19580,61.66173392875297
286976,26.12674345810072
104827,28.49593532300804
224705,18.64044526710826
69823,41.161833168989176
11998,21.175980728706044
124602,34.72659428242016
273243,22.941860070247685
143114,14.548290782368202
285030,20.276024192984117
210166,22.164939511979917
214125,18.024379167235345
206498,21.658926257637074
89276,17.949637906110176
137552,25.22475468663962
61207,28.157343978493707
281076,25.434303881568034
212388,21.662104028604837
170597,30.476884906845516
189582,35.2769678194436
74662,17.337688653140823
269004,27.432852331016004
270037,12.829227214764078
110426,28.98506619455203
144796,16.346137563427448
32576,25.413285470737627
215452,22.01082738498351
89026,17.38673129794743
259544,37.554820097412104
289781,23.24152934521718
207283,20.99006434731003
10965,24.982757599688465
5523,29.106919730398268
161295,44.55895622475534
84304,15.386203931541564
72393,18.19461234874406
153439,14.83014857993893
165454,19.73382473101189
270937,18.745864087817516
13713,20.70922054506746
288978,25.579200102823105
105672,22.053541398330175
197426,19.06446235464904
60224,17.258504179783237
174536,15.294215540907476
282750,18.1959985085832
235809,16.208929909553383
237696,29.350761397217646
237544,34.58657395009271
139132,13.761136735338232
209230,19.58825479700927
184602,13.121052180017932
188533,19.80613525533992
62663,16.004458098209764
277795,27.191230963104413
245763,25.896233222890082
108519,18.57055196123296
225548,26.025457781464574
275248,45.39520519447009
278980,24.294901427517022
273328,17.846668269037032
161687,25.50492556028744
226581,23.397892304969293
163542,17.352920897315975
202577,27.462098828473074
238876,31.56468387944519
83622,15.002187980537348
121779,19.661918638594706
257699,18.80400335053114
126957,24.409356801619232
60539,17.0736212359822
57299,22.346337710281553
133708,24.30638225067766
176591,30.701795687384838
13371,16.372752815146328
48352,17.641142167987432
288756,18.429597435505748
203346,29.891576327979074
249417,30.534481668162567
179629,18.31711114282499
271694,19.755079791874692
110120,18.329024356929864
48204,15.464463464430887
45151,23.54474232839105
143549,25.842211505214472
245612,35.70725328882649
231601,17.339229067080637
209140,23.169836001952643
157143,22.2325090204945
154177,14.123400978004842
106377,21.995615877917555
207143,21.717153965447654
10468,19.560566848548042
96079,25.81143053480867
174360,17.612483941513354
190814,27.494785036553843
164457,14.755435539424681
154960,20.723805699586457
127389,18.06356138784674
146317,15.493428616660003
119242,15.756212018192922
271866,15.573374495253912
56890,14.721278353040631
282116,22.62640891419266
252348,13.38266930169286
120179,17.449282640373625
94691,35.42219069741178
266039,19.404931977813032
216399,17.779420800030316
124418,33.721875089383175
269798,21.490905714156845
177849,15.8451184803962
192148,25.251671856190335
179387,25.537501887719607
180677,14.961695850406954
258418,17.00277626537533
131583,16.356659861542926
45703,24.032285733024384
101901,28.13472820484314
176822,26.93180248327776
2903,26.905318936591243
20907,48.925150906896604
259698,15.574693033012597
50628,24.391437417418256
108159,39.5833087232475
109830,18.427282852132457
10154,17.02840553150741
200698,16.349519478415274
90668,19.73909366198637
24599,22.977458922683606
289907,31.298858943706087
177498,20.90880621028062
90482,17.372296331691548
78785,16.77869681544429
117997,16.830321545112156
207709,13.353403495039478
185676,23.022968235468248
279804,33.64048493738663
276905,27.417840588607298
31970,19.546723331442635
99886,15.610036339610053
252684,14.394065760466626
289868,21.354423699316843
1963,30.50770677457793
168398,11.753796819534347
287159,24.917667432200023
284372,26.501858813664217
82686,18.555457025371094
213120,21.908282657296816
132943,27.899428186072083
89508,18.046617752540875
83362,21.327861967490442
280702,18.86867583973497
93038,14.494795525087914
216,14.734215123127134
296423,19.88938836239811
240269,24.294901427517022
148713,66.83147106989995
113286,15.38844356410959
254280,24.19936419835815
201673,33.57516944465114
192208,15.986160100472915
114580,22.427367588041207
264895,24.57528074145805
62508,30.91757302600418
30727,13.665809686880925
120409,19.534368241194393
109176,23.9857219602413
225377,18.5152781956346
125874,17.18540266085943
195844,32.20563817251899
54065,24.159566618502254
82885,18.448616726590036
178842,33.35326929422485
122290,23.849337374268526
140878,19.072708390344264
274573,20.09606477441521
105262,22.761353753225706
206205,23.634803686804002
4437,21.5626037883378
147504,15.474759610643494
294303,16.50478791188299
161136,27.243275603264312
43180,19.644433980673437
188324,16.84013747616608
215215,24.660492144731986
280023,21.42362634714516
196169,40.9240420450357
267615,14.974945391278231
29363,22.322520674114433
279811,15.180265623823868
188845,16.522263087609552
18887,62.690151345700066
101599,27.976344158977817
263485,17.446035138651915
103744,17.511573472712698
65940,24.999460550698746
187792,18.376601121898762
269620,27.65024111800144
267840,11.739156499920984
167851,14.993140452472565
104239,17.364337523050096
748,14.362763722602514
173722,33.12810885234375
205990,19.67093068080283
75248,18.2522425099005
208093,16.456389384880687
189160,22.818429242472718
242501,20.910947544276475
183291,27.554794847475385
83815,17.934322148261145
24050,20.812251506247264
70889,22.662361026174093
122955,22.703385404902825
297781,29.38137038102567
169818,16.051738228231212
295243,20.2607836244946
100257,27.53481969213461
124344,21.231046578256322
266066,12.521919032198467
100634,20.411608337293192
152743,16.95305732078298
213565,24.471882480991056
190221,18.21443478298681
7368,27.731105489918225
182813,25.76277622927759
179703,18.169314893275025
253015,14.254664938620872
203571,20.837142358227982
131065,20.877098144386395
57394,25.44293069566358
183799,12.690843648407766
141143,22.466649346618887
124638,20.845216127368502
68025,20.510199381455347
298601,14.170873505276905
63964,26.932768264280934
253081,23.510306732415028
113576,17.31848220638303
44873,17.768591860734666
209127,31.155289558958213
39105,13.121052180017932
76621,21.525974806421242
55720,22.333081147788135
16859,14.676014627943053
244833,16.413186630854234
62288,22.756409462020265
204083,35.39361825466534
97703,21.41742983216256
139283,22.305908607413258
70717,22.856446661604558
39492,27.762055121527453
59700,22.563484850313642
219072,13.149573224449465
176766,21.83864264193914
44749,20.533531097002324
31652,16.023949457959183
65906,18.8916215849951
298678,13.483185215099558
167222,15.722970419189014
199593,20.582014717829455
274801,17.350543109667974
52869,28.435104566219387
255079,34.576810861572255
57135,15.752567771567545
238025,17.146747462907094
296218,16.15108581281147
296925,20.1710610010861
152997,20.645004372053442
136552,19.992385280697683
163066,15.990592663472711
175421,22.17529201546986
141373,14.246278733606658
175185,20.203419710666942
30153,18.618237480754104
19683,29.747582260021044
270893,31.67170785476849
66049,17.953098978440046
110187,21.074355729277663
129122,18.06958422311095
180332,18.33007678312955
277330,17.007446389135122
55873,24.08904414930695
36156,16.208619187044707
222928,39.23884510434552
59999,19.09266747938713
69473,25.72088405623138
259275,17.410798328368088
141912,25.782858064207744
80140,17.2853787141563
95223,29.659942026594575
163237,15.707178468427117
293826,20.54383663090776
73509,21.520902567651216
39524,29.563916702790344
59712,18.318374991961115
9933,26.54890153809629
215896,16.480002574965027
61838,24.712208981530832
145219,55.44980246969794
103797,28.899456390595464
271084,19.618615836686786
79975,18.29216528384635
196932,19.987379667371364
191293,20.167772121259674
54918,20.456552566354514
191783,24.785747352629908
149868,49.900753250157805
37886,13.246613550656814
155205,18.497946058197606
240397,35.04705159373856
290040,17.86948970652199
195826,33.190141736391396
237202,17.6067406542764
267166,17.537252180061
61094,17.023474924686276
199685,22.863575887997605
122809,13.37205640059943
9728,19.714684470436502
13126,31.646425556580716
201498,18.07398515031192
253533,19.923834812464815
108134,20.200880473124364
277113,14.288483245766113
126601,24.75121561614484
236258,17.027475164469543
122007,18.26795648937896
251914,16.486568119004534
253119,12.245590922562574
194706,20.52018488608676
257425,51.67593549019423
121217,16.601099388186174
138834,26.31791213066544
203150,10.297731452973236
176990,25.28602668677788
26142,13.275358125854813
9906,22.257025599217094
184308,21.98920738137256
109971,24.32331479060405
237325,22.68237013734872
255775,15.894689973352053
47042,26.79115860619488
166649,17.898055028837394
266676,13.472938237673555
138114,13.736929044662144
247813,16.803473302595496
82236,14.850417917091406
112546,17.65629924647464
105557,18.36299549147181
209599,23.212927636762878
147396,49.85184855085336
38824,15.559906527504964
247691,19.29801292523841
157657,16.87959425565294
1412,46.11434093223495
89286,17.957420089798102
69486,16.58226456245278
153084,17.273974256355267
297942,15.448704207686802
68442,15.072344589094559
275445,17.332107267584856
120094,12.704057933727766
111661,16.621414485963065
116451,31.91997447234919
180118,21.83541359267922
123977,27.508712531253746
76138,18.311532983982996
214392,40.593470652598306
141210,16.667579106959938
170033,19.03301375742496
96868,15.713797836564984
180681,21.884558357342165
196074,68.47570695488068
6445,15.906505004337268
49343,21.595491247014206
198441,21.199021752726072
85050,16.853221693926578
182756,15.800217556591965
97289,22.064550868855175
206801,14.245499049963433
7719,28.73624086398447
72218,25.748024881063884
123864,23.688811953058423
237716,17.230131807326597
108323,27.76461382815567
209918,32.43729603104998
91501,16.770514992130764
251522,22.980683288237735
220848,30.824181422469774
254701,14.594771251620276
240302,43.012522049505606
214145,20.785516725704873
184824,22.077749022980136
190408,26.317635523705224
182518,34.60784863543825
24498,16.524645192551887
247355,21.14072617647535
173053,15.455807980366973
61982,28.096567546550443
86184,33.58081923494367
255409,31.37589194905671
163797,24.770001171248943
225795,20.89348789466605
41168,30.3110109504234
290345,30.421874934371516
23225,13.937427060299067
99676,21.876012136382805
290070,21.800075447149585
109632,17.981319214756546
171151,18.26575037327193
267873,34.1594866790612
50462,26.919784658555578
293209,20.672421663034562
63704,34.06174239885187
156451,15.21713149410353
137388,19.100202284049924
95112,13.593776847480484
40729,14.685567278027486
97061,17.188816810469284
134039,17.07316070543215
188764,25.670408404146503
218189,37.1256489180544
261079,14.488642755080509
41240,19.672512732301975
183160,20.433041945402092
12124,19.690041194190194
205688,20.74530974120084
251616,32.28489627824469
57234,30.56843930750543
168358,19.32910653750633
262437,25.089321644070743
221193,34.54338563324637
222064,26.81068686393174
123612,23.670274118273966
11654,15.038809328355947
182800,17.13877410351376
263457,20.200446302566025
203742,23.728554903600028
220329,22.379550502889266
16748,25.452848198313006
41017,13.096337963088434
63497,30.08925575944062
235770,16.788334647892317
51366,19.961543712723277
292356,20.71493618328951
219604,17.92403649103877
106922,18.082552982162717
37680,12.909294338523406
173339,15.741216034987312
197050,26.794563743668636
97110,33.558810086441994
247435,31.199732939776084
154161,20.76405842821101
204853,20.762948748050484
92822,15.368898321442767
236074,17.576963566723414
173535,16.99567750128359
127408,24.12885046150874
216323,16.594184597712307
56111,24.510135976240278
78202,16.624912194313037
55198,20.098921966512414
107302,17.3555778797133
250428,25.979935351223446
120089,20.739110190635163
79707,32.913106062550206
287703,25.70594631651769
229735,17.37168855515311
142392,39.067721071413565
74227,18.60146885349379
131429,28.734363753072568
281168,13.545104934720223
44960,13.131370576633675
52242,27.500439294110482
38960,24.370922777749545
237571,25.167035303900693
260175,22.23836697070407
171878,14.457601823781388
207766,20.914294208249075
96593,16.22535422725924
233202,17.319423187781933
240759,30.600517646164406
116449,38.65147171374323
249337,28.485491267738574
183410,17.556874526561227
104818,25.474283368619446
56625,22.39391749690704
147781,65.67035368780083
144373,48.732069374385006
101394,24.355811447626685
144217,29.668648800485023
243639,10.581123726248725
146399,47.83357905377443
72574,55.16356511302918
257887,28.772250784941036
13593,15.464463464430887
288992,19.877643625891317
214887,29.94534831041475
167388,18.137052703576593
56968,19.450202534553103
192865,37.84032367226973
221643,28.771840335311925
281220,24.64801646674899
178985,13.163736763620523
23859,26.986032631364544
82342,18.336212011180073
90878,10.926490860273452
104253,22.799260478962204
182697,18.187128258255324
100252,24.40520275009376
69824,21.46098808734551
245771,30.617791893662492
75627,23.392179453818052
93999,14.86973694447802
296453,17.742991136859658
210946,17.08940375493383
157532,17.77788669659772
117533,42.14264224537628
39926,24.64548289535265
207774,26.610937371257002
106348,22.43103635256059
246845,30.232740082986375
277580,20.837941834394265
94890,12.62438675725914
49672,21.86290372230212
160301,24.819308731229484
67817,18.51541770651354
94156,17.585951854729426
12293,17.741728818114364
248402,26.91331836623481
290207,17.949742110926177
296421,14.99988391776778
36018,13.264879725595819
276913,24.831065546866377
271085,40.28847985904129
56987,17.974391404012337
268922,15.471914227985616
187947,20.62499895246727
279436,18.681197449793025
44153,16.26149047435907
68615,22.205835837336032
49730,22.139100975717177
167035,13.984914327397675
15013,34.35832680149757
47883,18.790182953898743
145323,31.831642023388362
54211,16.25289873035252
62441,19.560347813626706
237916,34.86610107118909
77666,25.58599446952059
60640,15.225376952678127
294679,43.31764936240823
109148,15.400278823512469
245808,15.518093116224344
166310,19.951111066176214
85450,12.248897544954833
180228,20.665273076924393
205177,30.70798965531996
6209,30.914904384113562
249224,23.82043183492959
223613,36.17849801499984
116254,11.405883466880784
84173,15.193031185417727
70193,27.82197015504091
203304,28.068157934518883
169558,22.255035319578866
169991,22.364301285407514
106216,26.611201516920676
82621,22.119379627906813
9926,22.485637030937664
81878,15.473493115862308
119849,26.005428971915222
10634,23.207740300071986
259926,26.556467183202205
167003,15.965793542871063
200575,28.510764390900817
289783,23.199498399830997
185257,18.5285900694742
125224,25.687484802497572
253182,19.812306379746502
236800,30.16977932140905
148880,40.43693222186084
143080,45.508214882025875
34738,17.6256218828339
47264,16.85354912551002
60244,12.472652002113628
278354,21.076737874843438
33044,14.4292781950079
168263,37.4784188101592
116886,22.95479654896799
161726,25.21552680957793
73321,26.571523152525856
200628,18.47381044108183
83493,35.31993860605161
60097,29.55161474839723
87663,28.054709003957033
20110,50.84852149254875
156450,18.839244879029554
289855,18.469704621164567
205868,21.052843635871888
240188,22.765525366847335
12337,23.163097235305678
53980,22.979185055790403
109385,22.461024356804977
157107,26.5706845429424
272560,13.941321118988686
172583,16.297545920638765
212962,23.652724408320886
37873,15.815658799850308
146461,41.03454080243715
135621,22.947011947399243
53011,23.264393030974936
267274,22.668659954814636
56639,20.285808902624606
236124,16.74956301413958
71884,14.04250741550562
290196,31.96130689464827
230421,29.370580986509147
29193,15.412079473306907
112757,35.60585777797726
91813,11.309177785512583
213753,29.327244566219385
288661,24.505399656699925
8936,27.605004373683943
1345,45.16756772914641
33830,17.104099709575074
171786,16.7179959897133
101933,18.807030792028286
63110,18.341484930269004
114480,24.615401051634464
85968,23.24881188424964
82618,16.503161857881373
129266,16.27931908963987
229487,13.946290633822343
23746,23.947185709821063
67612,17.984688378666405
60039,21.10581374901967
47816,22.709806525824863
3477,18.41484074617272
272852,25.276341194110007
235446,30.842121499177324
84437,14.460588131339922
8046,20.725415965847837
257198,22.178466195527037
16979,16.791595759861732
287527,21.13643911269417
233458,27.106459650518634
293762,25.15162569228085
125326,17.96135703633502
146274,30.766972172897887
180914,21.171144778494643
213689,21.73105897869058
60442,14.426478197987446
282586,14.465297065366348
133638,22.255129582573204
94695,21.374159539649312
130923,14.353593522707552
258851,14.775027470841303
94265,16.484916502844136
173912,15.857913811868405
38839,15.884520118231766
157456,27.70040867757813
3824,84.60552173213803
183793,21.303966473485108
290854,19.145350379061234
198069,19.56638706502204
129037,16.030053842733015
273819,20.635341584242827
137732,17.271309222856893
995,26.33635216658173
60934,27.229262246240843
167421,25.624913409730727
285357,19.947532188856837
65492,23.429577055490057
69494,19.029392307404972
177480,18.431795546646033
133932,24.827171701952782
63889,27.20237900553095
20417,15.629877481093047
58379,28.961296565952516
55648,23.119486156237862
189495,19.90633618813525
142624,42.13666484150677
224746,16.006811137048807
249097,35.879818830210155
71557,24.621557553040457
115757,36.2071261381688
238130,14.720488562252786
167120,15.516037272312937
50756,28.815501377668376
217208,13.930052145108434
8386,19.634636039663555
242451,22.397289633186766
94121,23.168181598429065
210786,26.87572196812212
49334,21.251472791847313
284505,23.958758935016697
7388,23.89222068723472
250062,30.122866660915253
204008,42.5240911014141
12698,26.311679544892606
57216,32.35113989299297
154541,18.35922242433248
110147,26.61185823899092
140676,30.41343701395427
292067,28.750822744820102
58978,21.519114754519112
190164,29.09520367272839
48328,20.243399385631097
82373,11.861594132269662
260725,17.706506400564496
279315,41.123372017669396
241070,32.94602133557996
4723,16.803493973005452
223018,13.367362596392073
166204,17.712292021426755
209714,30.574508244375767
89481,18.89637885817487
283660,21.624831213245827
39122,14.241043877953743
181329,18.62478163000485
284282,20.408407498526138
167802,14.482719072045143
14226,21.108771680433758
257153,30.269740418953155
10353,25.169611692228496
244333,19.582994581645455
102195,18.743862294699763
43972,18.611719758302172
224996,19.554525311753608
242775,20.636490724150327
161961,24.93399007950561
96401,20.02185659459294
5479,19.48575174692803
168005,15.364671593724875
6590,27.252253553671228
144047,83.16069871417139
195218,52.30256268871888
279070,20.26355847529019
20,20.301027270053535
258165,18.146804296342914
44176,22.070377438890308
55932,31.324303172152717
203704,21.538325414093322
160603,24.531700246731255
16871,15.981578359821256
113456,16.035777293849172
226247,18.704587763802078
25731,33.309874169312884
88918,14.962967691744314
252027,29.02239233705678
164158,20.399636013301297
127737,25.99915665873369
109243,23.621289877528927
97682,40.817727030967205
140288,19.85357351460141
46102,23.81778667398921
163831,20.79947654053101
221856,23.907361242633534
152223,29.781646232002526
281949,17.227179280533125
284380,17.5338353329362
79118,23.41602248243335
156189,32.24298232398323
197523,30.31562006311332
58034,32.60389165883525
274942,26.177003131230038
219326,23.996869910802225
11353,18.47086834494256
217458,16.583222098684793
223673,42.07335736853524
285724,18.957013808749245
86622,28.296441045533346
283901,16.87218903444797
158149,15.54472131032585
25238,24.89028179241324
132804,12.596271255436896
251405,19.675519925428496
159421,16.086651884172706
190148,22.270650895723822
159436,20.616159779254367
230835,27.080896972100454
39966,23.269181141085852
278928,25.80495127789296
188888,31.494120041251183
96263,8.783342273309641
280302,24.76602828585896
143472,19.415090124788712
149183,50.63310736538953
199345,22.94495839898009
120260,29.294439524509375
197245,28.792001115032313
22886,31.291015653307078
80593,29.166123481464155
172157,16.545440022711595
201614,28.293222901784702
236505,20.912685738441883
170181,16.87218903444797
183224,19.54067782421712
50904,39.428463270645565
205291,22.165695592942228
103536,16.951250605896593
5961,24.209458688775165
219713,25.561686634012965
146759,28.949779519630727
166300,17.302052316179434
58246,26.43503686218233
274354,18.27241217180235
251624,13.986262657639426
90,19.717109062529524
71447,24.625308832679757
154688,18.941561907178052
189791,22.43297790903547
282799,35.34464126241791
210830,19.176448354243924
59720,22.595039579306363
194102,23.258380726237636
297856,18.404794385083594
152933,20.722347967469133
267414,26.42318097656864
163485,19.32117021583884
118204,30.333568797128578
166535,12.716534284808086
184851,28.831240379216105
40442,21.556164296257172
91797,23.926324668914113
233799,16.087819451333665
262546,39.59942528351437
54344,16.65885530589603
97418,16.504499371890386
239704,35.120593812870815
81755,11.620757923031588
60982,19.78998620766328
151434,25.221273352236658
74172,19.0302724021632
215053,21.217609804017236
21874,27.74490650173206
256596,15.695958335757604
96838,18.201766275669215
27478,17.35474211906429
203523,21.76567780931082
248213,27.203289853889736
174511,22.164822083539192
221413,33.43749048640001
22658,33.925859178247634
131716,31.255302062074787
8764,16.87218903444797
137076,18.003601231592704
110213,24.44994137619733
154058,23.454665841673556
191757,19.127938535784665
220407,26.901829757773037
51729,30.558532721235586
132190,23.62306799063078
192249,66.30057027361357
255734,23.963814529316675
256092,24.69298103255418
145149,41.68495123692746
222723,25.541435507189114
172839,17.651337364889336
135077,27.090762739479487
153025,21.32724090931825
28938,15.182595898770074
288949,28.594197214384128
131048,20.0813706108771
46840,18.032113842856383
176388,23.702401596981712
276396,15.78693457806511
145548,27.575652572295155
6514,30.101638562709446
145032,70.28411866558922
283894,25.183952024031818
215744,15.870622464237318
116177,23.09760052925553
152456,38.45470184880989
213249,26.528183043970806
290209,23.860993904071144
240688,19.382544994719208
189432,18.583822877591786
130027,20.13551521402355
50668,12.001945714625847
223036,21.889343233996215
229883,14.250033568953194
238189,13.533978637021665
37331,24.78104868044555
70399,18.625366701660063
99160,22.47377801957341
279125,22.695909436448286
133923,20.583480428674108
234203,18.560831008797308
155192,23.753061614315193
191197,20.722278846841384
61167,21.05221317112534
7111,16.74666051806167
275127,31.136040006243597
292713,19.29173419764405
255992,18.924354264729175
244094,30.49732881284986
277567,10.453748841586847
140677,28.022664358440927
45161,17.746806747921717
196931,22.391825408786115
268954,27.294368464908985
56644,27.77415728365338
5331,49.99790919936585
208157,25.869114623216355
212975,14.950493324810846
79938,14.799779518143259
161517,18.84508952182833
280036,14.160058522707555
120990,23.24778721403768
241263,23.72272411155387
82482,16.8427729832957
242380,20.641234162576744
97277,21.265647159677126
223591,23.530298045038897
272102,23.89344734836889
262784,20.330414798655774
177504,22.206535823133446
230651,20.90891299503979
189446,17.83129165639431
253727,34.430233697118275
150299,19.847792825832798
164178,18.288029461284218
241849,12.446069703283365
260395,14.059218736834755
280396,23.347200300171913
223316,16.591021638285
54090,28.275311439842802
203358,35.242408110798
151351,18.216803104165198
264952,17.35328186886012
82328,14.539137078895749
113169,28.969876182156106
143361,15.424496934365626
62412,11.972727686293982
27271,13.56289605054415
157219,42.241709312409114
128824,19.025185591937884
69608,24.67417512478375
146006,31.244586318062773
136368,29.332479642607314
283352,26.858484329472056
73319,24.978066201246882
228751,28.554110345071145
262003,18.49177740130231
261984,21.502149973821417
236427,20.237123310784593
73839,18.543724917186974
185166,27.854459369933636
291969,23.33742276346273
56562,25.575538719531792
59162,24.853662094326413
116277,24.499649049684564
35724,17.523015424120068
236207,21.656683632864173
272327,17.96131663778066
181365,19.244816261506468
169236,14.599665756065189
262990,28.111212845115187
280526,22.403816146691163
138824,17.08709877176172
252339,26.108140947081967
143581,29.207940993527263
136830,18.96031604530434
278873,22.09822024133899
88044,15.342638163378723
18972,16.86549628375931
48512,17.864707449062724
89871,13.29163471634298
241490,18.013858639217027
103054,13.759490159492993
91906,23.83704773056916
3186,18.873783876905257
128251,16.152056802483365
110359,32.59233200657399
82884,27.266621511087767
117452,16.797421765792688
161268,16.732616694036455
29095,20.298682802525956
144953,66.66663135205678
289926,27.518344253459855
33263,21.6371380760401
244652,22.348554381607904
290170,19.077435715699448
175588,24.221510057628695
78365,24.21948291075861
208404,21.84165699967019
92768,35.152732461184044
141836,35.79206471790448
294426,16.323599540677847
200378,13.802158953687705
43609,27.98353056756962
76638,22.81185589269662
123888,27.570602314116048
261152,16.188354661745166
172779,21.918098506080057
95901,33.6204594933804
229270,19.542425507716153
83723,11.464025702994359
42148,10.007789831132747
262834,28.31550696472133
664,29.72969761336811
109827,20.726981210991802
78354,20.23993484486518
10396,28.954561741183767
121196,17.35849848036051
298986,15.233897896731918
147317,84.10233871417138
144725,14.783339405342707
39701,23.269181141085852
93522,14.777922574366567
239526,19.06525483135421
298283,29.35687285470392
169799,17.866519508441876
52015,20.486073736915035
160752,28.282474393523927
255100,16.330708184721043
185955,30.209030887997585
125113,21.031183086837565
66942,13.83220879911425
15942,21.1118882768157
24587,35.95716132755315
262867,21.625780107291188
192106,24.523948638992284
47328,21.783763106348324
174422,19.85542096093859
121009,13.93834169493365
91670,20.308909389293003
299361,27.090762739479487
13855,25.392554009401994
815,22.07591581978611
10307,32.915371029802515
132523,19.770300144138165
169550,18.329024356929864
26449,18.222854727443796
106175,24.912532136876322
227268,23.615138692318453
208360,32.64501217027438
278032,18.687236792326594
293636,26.802963810415644
260324,15.990592663472711
88378,17.484829096162017
183075,13.531357650831087
212556,21.324634040609382
137554,32.63926478641015
242896,25.568248129232067
254314,49.40803828555123
170910,23.537201628658206
5233,17.473739718643714
129472,27.135041610980693
278206,22.254854566632027
211085,28.619086071606556
199148,36.21303416891136
208011,26.985393065643233
44703,26.284622096766363
286973,16.199228709596674
164163,15.279018270340208
195504,23.879379901340332
10203,24.79738353441868
31789,27.943261760023336
212484,23.97299098842388
60343,16.693534339092746
87840,23.13284574183491
203822,24.452444903600032
101542,22.738388548965297
128892,20.31848522927057
254354,13.54750783927663
209463,18.620916164161137
40255,16.13595595290746
173994,23.18203797556426
167266,18.99618432596087
97781,11.948465816906378
173447,41.42352280886519
52062,26.25191100830865
112041,43.91107254585478
166541,21.979153670634798
4431,26.896192581056646
35799,15.645295488043175
35469,24.895492387415892
5657,30.014604075292187
242133,23.623178902537404
85154,16.32004239547686
5946,30.699544669533783
133990,19.854217873538367
247799,26.480613767060664
169811,22.854264800361342
169288,28.81461066406091
283786,27.811160092427194
78618,14.001376310942032
212823,26.857477186015416
60409,18.42575988400709
118298,23.532064273730576
276287,15.974040541094974
268738,16.58467389009357
61035,19.02035834157122
288387,26.80487900412673
233236,13.796909597170266
209664,25.498082044717755
90948,17.898055028837394
95303,15.380778925198276
220739,21.633984234521876
87374,39.02645022109705
283446,22.7402929784212
273955,19.335820093018178
108650,25.21247680947717
145775,78.66112521246254
146902,23.35130617748856
32739,24.44393777986777
27274,13.799166173222577
82403,31.15124180282654
95524,34.098665929383955
28683,16.609636397843012
95448,21.165566233898517
162580,14.757843006696225
213998,21.831205723389477
190292,26.009872146310396
2093,66.33059314647326
253863,15.991384255206189
36414,17.30769754675693
290628,27.88341683929114
200766,14.186993025017248
68557,21.589119739114246
46769,20.50825248676649
225779,26.085675022327656
45942,29.963733563458998
71732,17.414887842827053
170089,45.79079136693709
173446,28.60930795146087
275024,14.20228897165947
106560,25.503474553914526
101875,26.741245064092105
24115,16.320821416255427
23172,26.690097843165358
96551,14.721774048484715
125275,17.053747583176122
54293,24.595582688814616
151764,23.618350521632408
20427,18.24210471107221
10026,24.21342078376505
129144,12.758668781641495
6216,23.00464519643165
236012,30.955049510458515
73531,21.42575860782898
3446,18.963010222364034
220761,21.073295892284595
223569,33.59791352180686
37335,24.791920773319386
227504,24.725526018984144
274087,21.64896294152023
74477,20.292503095919578
217938,22.08444788455983
38302,15.403540992980382
265968,21.38360863168305
141561,21.32336188062963
191390,11.732257394987863
116187,16.022734112218902
224143,22.123409255368546
277389,23.760105846088038
275189,20.599060545659817
41094,17.66614685164329
284528,13.624938323297219
102388,29.27172146086006
289337,21.04969560145997
281951,31.30594820234212
179561,16.990938646503334
158136,11.74309803403628
144253,62.88094574138337
175506,16.1584889963513
245228,15.524945104364573
113443,21.857654982260055
283972,43.25945089742331
25801,26.752916032796758
103053,11.87950377263462
235402,19.697473042324873
185507,16.708115796019918
175225,19.853220349637155
151940,23.400759906646037
204124,20.258844132590863
273347,14.624050012529755
76567,21.018080183827607
209115,16.872247553953848
190708,11.732257394987863
296641,19.645000217438984
255859,16.298122486678047
162190,12.365761984084418
75066,19.56822988032801
108328,27.153890588585433
241514,23.132513798883434
236319,22.645279338950647
157811,32.08772418799295
249119,32.46221027588661
92082,19.089706922027396
97582,17.09466791055592
87485,23.68852405256911
243766,38.15467477821524
100576,20.105300452284364
224643,23.41106483546377
47562,17.311332460145607
153767,24.1367823144109
195926,39.1245089361456
137319,32.7592107402193
63198,19.77141939686297
77633,11.255405343158348
234040,23.680589129238353
260109,17.729913461296015
173641,25.279389465615868
111446,15.548418691625136
74679,29.227086944452633
174134,28.35676649166971
266360,22.179512611879158
38222,14.211172998543608
151970,56.620564810759184
199566,25.62842816672376
266632,21.94647815432108
229070,20.302234629119177
146595,30.531216774577935
192139,18.118307783203186
50894,17.65231346792953
169770,16.297753625989323
116198,13.79222305126189
293273,12.838190211680407
209876,28.035943712234513
243346,29.38938200835589
35309,16.957684163551175
9778,19.361050666619082
293146,24.170967814017835
92454,13.323388709690601
144937,62.803430571207414
43494,24.60333134136164
66867,16.50025911992777
230786,22.1346893268043
169965,14.350721778743358
133276,34.888843520449974
113756,16.82342680064783
85641,24.646934167890105
277217,15.79408238975139
67198,27.306070645263116
143139,23.242615120525834
182313,21.765184990527843
85913,21.88125795707148
284138,22.28755985984428
194935,12.673440090213154
219834,18.8684393118259
24507,18.466895445349955
70336,25.12126592763247
271960,22.42234196431059
246563,24.712496961653255
242857,39.134219821986306
161728,23.665535570599268
208379,28.59725376957234
64169,17.196719222856892
207476,23.214349197667783
287436,23.305710238850672
207034,12.388879319294713
257534,17.74540876258625
143316,25.694845405799704
121681,34.73101172208919
194485,25.74044044717997
123784,25.971074593078377
162382,17.22290383897847
210943,17.629071061803405
250292,22.934682642745212
286587,25.0081661682823
280311,14.234447728393405
293521,27.260224251171444
61372,29.59593292949928
34106,18.264313067382425
31438,20.292104845046516
47610,13.559144166491516
291632,25.447888103676235
247749,27.56878087993249
113640,12.48409833109505
175976,22.814671180495075
85566,20.867165113170323
187714,21.007334464985696
205573,28.664005592815805
263177,17.631522738714246
94870,21.141585938032204
125960,25.072407875891216
6123,17.088811292632577
256839,15.683613084076054
64794,16.049631295058152
198193,22.72512813405771
182208,37.565902655599686
151949,16.649666803950424
29528,12.792654495872771
113662,13.225834387064518
104114,17.278839234621785
73425,22.717351555740525
69564,25.224508284894444
80384,44.28542195805373
127383,18.667506148630387
228895,20.79209291718697
25834,15.884517211052264
18916,25.26759909118652
222363,27.94067122927758
2929,20.13980778428834
34590,13.948624634771686
267390,17.60366172085785
289874,14.383397533175696
53142,25.60728440697062
66781,22.376697903929397
78964,20.95431075225759
236759,24.595528145039676
267115,16.397699901585515
158605,24.784983879397352
155657,12.376947365086219
68384,21.350287476604016
299207,17.50387046611839
243162,12.147298922897571
64703,25.8156460845994
149986,37.31674348096604
198484,15.749083342212273
55478,23.633254710401253
46826,14.423559241009693
290171,28.373948915394454
31492,15.990592663472711
250995,24.900854106190337
263202,20.397551272305215
173821,25.384237653076624
215239,23.76377816038022
67162,27.495605090869002
126564,17.77549290115519
178997,20.26165093166319
81652,20.474006434540076
261758,15.473286255860074
250453,27.072365231463284
167782,18.069460815534224
4893,21.011311895123004
131227,23.225061687155392
49342,15.286346905437842
29521,18.995383798477295
40722,46.048271070682944
37783,18.07572938080346
23359,39.04847006658865
275859,16.854042908503924
108681,24.3152138623549
19942,47.55037053399881
28211,26.648665894341843
190415,30.792464944117718
146879,13.261485636394308
6886,27.561867079904694
188079,19.30774848032995
233681,22.4215419110316
249689,18.81349919791387
109095,22.484907399107353
275645,21.04296053833319
142295,41.02536661429695
193815,19.033077670869595
206221,12.928212849263392
39882,15.591733584528743
156370,15.014223235064682
141036,36.57254863475647
133562,21.06968041573621
89648,20.939678983284136
273804,21.31397730857993
80697,21.14979705990872
103755,24.82848508552618
32115,27.305907558235912
88487,22.986677360980003
199602,18.038868003096376
184977,20.171085825152026
82541,16.804297061869597
208531,28.96481346430076
253382,31.790911620444223
73791,26.496743364494023
170189,17.414419402863487
159536,28.19076037418396
189009,24.964553534598444
247751,25.64632044612322
65413,17.742404640157268
115866,23.28095575733294
52637,24.12572924234865
287469,30.987636812629017
101998,19.08207983809992
232138,29.358409963485105
216939,33.64956373189368
150887,28.029854268176233
177366,20.026554556315027
54505,18.548770999515813
202549,23.588215714397222
184295,27.79242542989408
100019,20.588024108726795
217448,15.090138307487948
88704,20.064022377792128
16221,20.653191670813328
156986,21.944025086343874
244726,16.12720874417777
204407,14.91570461920475
119130,23.400722215198737
240990,25.595843741517626
179185,21.639346423597654
46059,16.002639229456133
271824,18.46362970619277
216802,16.75168722123326
200207,30.258248494488402
80898,96.05193698136638
156341,23.69622713374462
258038,16.705888971369635
276261,15.59722669535708
169266,45.55773523733582
183484,22.56169739302435
16283,23.082826928071825
232506,20.170122129350542
437,15.152507955924452
59103,30.68113938017974
96268,26.248709224242397
282302,18.098345012730146
42717,22.238687892831603
279395,21.815918587827724
54352,24.22824239645084
256702,16.894137756331382
119322,28.623162798644483
59802,47.831571515297234
208361,20.62406931799778
256801,20.38286422123953
296269,21.720178733697843
45,21.72522391029187
103186,21.52717934831705
72128,33.98436333162029
33399,18.350799538002995
73672,23.972392987648075
252690,13.553457698821276
41574,21.81735031779249
103952,25.91665335508697
242403,25.242783212803264
78659,24.59291376866684
249055,22.132949059101414
237554,21.17653086225568
103098,19.232830689108
261085,14.162370747640276
294693,25.4924248994025
269588,29.810017832599186
83677,18.18833828749623
296213,18.09965008881979
281114,22.872413063902506
285243,22.180576449858712
223750,18.4085974332682
44039,29.94770054654584
115449,36.31270991461907
79779,21.772352543168786
182894,19.866434479243246
993,15.741140689862448
261881,17.75797727114041
166781,14.616507431007719
203175,42.15645003167603
172193,24.78761963186391
257303,35.759177497633836
185665,34.33075064052264
107488,23.81310357018708
190818,20.797661868333
249135,48.677857124967936
280632,25.6566633178781
41117,19.992117985562153
269699,17.442612382649088
240934,25.612924686775198
123490,30.949911225708444
33419,17.329029153216215
249712,36.91789195256963
148885,43.37295525957377
279246,26.739913894681763
284356,18.559587271799
23144,30.539856793226768
292040,22.429393261858518
115404,24.49191363091278
138483,20.202853614679462
200793,31.468779562395458
295840,16.20671466180707
4886,14.051852938673903
281727,15.63276539488921
171673,26.82056183337871
262974,11.85077071945056
277302,19.724141040752762
179117,15.88768177755647
21946,26.058337136195725
107547,23.291095624106845
33155,20.524115501366687
256475,22.159052240701282
119336,30.451622428374662
48287,19.686529545299503
176016,21.914655380837512
269682,17.675992320395608
221190,25.7236109558935
72937,16.46442663085423
180441,19.2532899599005
103001,24.879953500859042
140075,25.188598115219143
158170,18.656129528101747
147133,19.536369071070972
169609,23.051389430944038
295737,21.802953651075356
286800,17.86005715540319
259124,14.178733859332533
121563,36.31963497324513
47164,18.2602575406046
65926,28.74244205965187
101382,22.34593358802714
54557,23.38645044345216
76316,36.8457111767288
238173,19.14755126597482
289370,20.683364356943976
80337,15.016581449956712
99112,16.135715145466445
3957,24.836156263453084
122915,20.385973975974657
174921,13.477903502346246
266730,23.38497767261746
96166,18.616044575170584
214490,18.321757944309258
119520,14.875045909142466
24607,21.919050409251707
65750,19.92836716146306
250529,17.688543299406685
25270,17.29820828620674
40216,14.794840130533938
286843,23.482995709830412
273278,27.237564380089147
164683,24.65407514057963
196199,73.1477516096524
110422,19.061461074729646
195532,39.536352836899944
293458,15.546840570675963
143428,19.01995685673596
226742,32.07582650118477
29824,17.30391233114967
40155,28.48726030780434
83752,19.353868497140414
212233,33.09158121839242
240959,30.093096787930506
103633,24.85378220759296
174161,44.96908975649752
28873,18.941007142542464
293386,10.170034729210572
229129,26.290257391231343
221286,26.72412581475216
272830,20.869565680358214
251029,19.204728240118026
96176,22.136068719209412
112555,28.887329247406193
136956,21.849878408919412
27394,21.86402975595081
98670,17.318491606907898
261274,20.143524295737816
95897,30.335481501867424
246807,24.425095157595074
4978,13.61274005334013
89617,25.277894588234204
36297,16.139850183260258
88502,23.266419001193423
261819,18.425918487772144
4521,49.945602031976215
15473,27.367688585836664
78439,19.836320262382863
162767,27.59268089016486
11380,32.85498360042341
155195,25.377340964095065
49774,15.384234150380738
11660,25.15852819359138
179027,14.573450471776221
95617,25.142764217151893
91669,16.440839043562924
286757,13.023671463423593
42812,23.366866133505248
104769,32.84767946619221
119777,14.78162521826556
277659,17.257853014796986
43809,17.48420745205573
267643,15.36075872773391
145400,21.288473374976657
25272,20.28259448470665
152312,40.2782205369764
95987,18.86063162376691
109161,32.366752210782806
217621,20.54383663090776
24924,17.50828252327268
89633,27.050717256163683
122004,14.561493047699638
279162,22.32018479684295
290530,11.556540475986878
97614,20.547611105219193
98257,17.4793852990215
85449,17.889091966795245
109921,15.396873078555828
192158,13.078548553422163
91482,19.56428174386469
17515,14.58368850024209
261312,18.370559910832775
229364,46.044710813655215
277363,19.69854801962383
151980,56.45792932957187
221129,23.230065443452162
148972,18.6805610774056
274198,22.645693774551766
233752,17.87907414028187
242678,23.3041089344262
214551,19.843814847457576
158894,18.86795836794154
167448,17.89795099380844
196744,13.288417771433256
205009,20.431925931561228
165073,23.53458103099085
1388,51.97485855495463
299233,30.733444993291
214685,20.7008802637462
142500,51.68576604951998
267053,14.242185547574133
143189,19.311965696863705
258995,16.236849721967154
34419,17.201947874091704
262374,18.927662062311345
185945,29.63251516904184
37632,22.883433956851835
206808,26.036215596507997
51097,24.07503253021128
131764,21.50950516369974
106774,45.50282717599749
56122,23.75079386867501
290076,18.60146885349379
169471,21.18864249260033
6756,19.42924137591404
182184,18.761006569399232
17961,33.68307540434484
101738,24.86540922871995
172537,18.93779541158322
14629,15.769681519314343
161240,28.07673745121814
186670,14.207235399197824
126891,17.972422244739704
179269,30.983435153854582
72054,21.783830169060046
56429,17.32782541285996
10541,21.961699314392526
50816,26.595884425694425
51930,21.893175433673445
230723,35.467932568917966
143943,28.80178337049616
203277,24.68889994321819
97132,21.255732517307596
135798,21.804994025706044
226935,21.31910403549076
55525,22.604471493019076
234568,28.034187503845622
201847,25.079697563589765
208186,14.46719791593738
280087,21.280330518344016
767,17.403551802065063
147552,36.386896673544136
34063,26.33086580924107
236685,22.499922025651788
294655,14.706879571298956
87392,17.03809450777387
154293,19.50892940831828
189947,13.718278728640993
215884,20.605645803211008
27169,10.670502192678224
102273,21.63894686771097
101355,19.48795958095421
67873,30.1750972552666
18917,25.467975377667518
134901,15.517523155792858
251311,18.729756467302973
147335,27.409215084494793
195310,27.648601828257405
97908,22.843472639125267
5441,50.98128214456567
102132,23.017915605956524
87682,23.94471352077122
126030,17.74546397773479
120543,16.772479010267862
241865,44.1048750516733
54332,17.845777095970107
111902,31.438483090576533
51368,14.967635854752569
89111,19.559318242547683
133834,26.20036010942801
118400,28.176664368458596
6942,15.029720703119192
205855,17.799781730715956
22745,23.071586810032557
102102,19.077435715699448
267495,23.013254619349542
283117,32.484404206013195
94716,17.788775940390206
169306,14.393395261071547
151364,29.858144018611586
230119,14.211172998543608
275397,37.86939799076847
155333,15.77201082210129
180736,28.931961550185896
43952,26.159189903682055
55186,37.89170155112875
20780,47.78443171549105
87986,17.934322148261145
129674,16.40919266420948
265670,31.380139793690706
99610,24.105132839892985
260969,28.422965119480473
263765,13.173845859178774
176718,22.68237013734872
222893,35.46400183633995
194637,23.451066220270302
270771,27.83586629596301
7495,21.33455772635606
247962,26.86378229710666
92173,25.490145989999615
95824,21.415794314370856
35503,29.964361675329645
59916,21.567087149254476
163370,17.962259563410708
241489,18.523365216407523
159376,22.760651938838812
45231,16.286071775508425
188830,41.37627830985117
249734,33.99663193956729
295691,17.543451380092943
197191,22.072516560489113
251593,51.26126841960312
102211,13.005905535893898
109284,30.182439238353652
158014,16.15535329784519
258862,21.583979448239738
143646,38.86904131879111
107505,24.06386032302251
137090,18.935851957408246
122127,15.08374696315558
119919,15.156712744672763
270845,16.92909613096732
283113,30.773677348496697
62854,23.461029879647548
133779,17.807025881355642
103070,16.999268692520655
181442,20.947647055592462
51547,30.250751834016654
292546,16.93473506132225
292294,20.91937766172031
188486,11.768733748788785
125530,21.867076359801892
212633,33.98267057516977
181176,25.823621829524264
122632,30.057502931005608
264222,20.14579764266966
158537,26.89626859137913
133009,25.21833579928127
5767,27.096851846979376
46004,33.23561647225411
85790,19.802162577940287
207791,21.64286367728233
150966,20.80556558226487
164105,45.879221345701964
117480,14.816341170349753
109248,30.518000805659643
134157,23.983310723521292
238578,22.10134852183277
150062,22.41451150298394
22935,16.589722445671462
298420,22.297550241303707
36515,16.142992384880422
200030,18.014344644479497
205517,24.31191416410082
86050,21.440233910291873
225093,22.23726832055219
219967,26.65816670623668
33338,23.176987147679796
18383,22.12033882557194
112796,25.264846980423105
57513,28.849604340775436
38539,21.71393155547512
250631,19.5633859304785
17338,16.88946274180855
131541,19.190437529407298
210594,24.382664562840187
181394,29.87003998721346
4591,14.62503369390291
7055,21.603028968856574
15455,20.268681237036798
183014,13.538650179037031
195155,37.88565841366548
37733,16.10780251142976
213993,18.413646840035778
52217,30.102226414474607
59773,17.014427873326078
151259,22.917880147736156
82676,23.09566634683467
208829,27.916636963312936
48581,23.10680020956687
32718,18.011329214315634
239598,43.94026168167601
264946,24.30090920705476
148471,21.318177177299198
252117,30.114753492634613
220977,26.77227784597152
97121,15.668653171062648
21608,28.651950081729797
32623,24.402462845261066
105909,29.51210859995492
181555,17.467098636610594
175274,16.440839043562924
9663,21.972767343943435
9182,28.069208428844252
294318,17.94722890341636
54448,18.365120671227857
176524,22.662143060717916
122192,24.28726729965654
248611,8.800258199706377
64220,24.31172777534477
218950,22.788226386286826
175563,21.31910403549076
34220,13.569665321709644
173674,22.14995168718822
149311,48.08937226222486
145634,59.01282995123811
93113,13.417934946503607
293933,21.126045667277715
162253,14.35441461824253
115069,34.60418278565928
82199,21.61552680815668
103494,9.506871046156395
75701,27.15748707082985
123928,14.030810563940856
186386,26.35415112647476
185051,18.414819776692138
49108,23.70910086852551
260266,19.795927952941042
29602,24.927327942318446
160783,18.261611492119776
39141,16.803168904290494
226998,10.33916540989378
194025,18.126279091673716
260628,14.776181085619617
25623,14.31572078605791
118780,26.12212313935813
11445,12.979928496448824
233555,30.28078607360016
108354,26.74088596336834
107470,19.986719676891116
77741,16.99367702227433
189601,23.560819830187693
14916,16.149441005990052
21919,33.41863373973759
230969,30.133647763654686
11327,25.063281626209463
206004,29.211209822483887
255735,17.68608855745179
138336,17.24269710741142
20698,50.707278101457334
126593,23.281222328473078
14562,23.83704773056916
167113,13.58960892562007
249923,35.13002747920439
182893,27.608465745226237
165078,20.523165453937786
42575,12.466210235095216
126719,41.165414740680696
143018,24.087564588152993
52996,33.26783569023777
91837,18.050027540336508
34051,20.255746767312793
272759,27.170617954613693
113349,24.97402368764947
94357,18.997910410211713
180063,27.466053654700893
232935,23.6796717851334
135924,19.379382692577096
210936,20.496671540951503
99958,19.71721137286765
152908,26.59843078258759
259311,19.00466835645662
69570,20.61831733922006
280413,27.940389998672174
54184,29.48513048627715
248597,14.810232473975873
19448,58.08837786162076
112385,21.386371111820814
268863,19.556909963671643
190964,22.05698588166635
204498,27.599302642839366
292685,13.940703636929948
83741,16.119634753302066
153184,16.840140468059236
238099,26.42041684207382
287655,21.14954334491835
109360,33.56583949480041
120859,24.97841359172632
204192,23.381420996424946
55017,28.935287813269206
22718,18.913841254092983
54074,24.387072916308167
209994,18.189313836749157
165677,20.440053182308976
285833,25.397132650812587
1809,59.349462665579345
28645,26.87572196812212
228212,25.338370125363838
194145,17.312317983247777
108731,18.84508952182833
172798,17.342395298543572
204629,19.800723752779668
188953,22.463842053710074
28446,32.30960206009688
106743,24.568204793760636
229680,18.46746280834601
182120,20.851133335305708
219752,23.92486851722886
277141,16.61257613684322
250823,14.93997749446259
278417,23.17852694513695
38961,15.152507955924452
180941,37.714946702810245
222874,14.19853158485573
115913,17.23804877176172
173325,17.138673583404906
19682,60.12217005452085
274954,18.68604294430926
93961,24.89841639198431
296921,30.256461455107495
36119,34.39750318966689
269310,21.24035458813983
9107,24.718825425526354
63983,33.820107110643235
280368,27.61282305060235
233689,22.811831045084514
168150,27.59432589886694
133126,34.1594866790612
261436,16.145674471753033
52224,28.156915799289255
164289,20.69756722369047
288715,19.466669615033798
246515,25.053985772671677
26997,16.847593027923388
13124,28.732094327999665
44885,25.28897417370678
138406,64.75951757323861
283668,23.935679903600025
7164,27.39258611659026
62265,17.332107267584856
94542,22.32560673885295
220539,23.37439257359752
158565,14.67618123252349
150113,15.356982978251215
68616,23.076093108627557
231994,21.94260955019644
265188,24.053790353642295
169352,33.615478375042606
78165,19.08406469323025
140237,11.312724634604908
46421,17.624633811882546
59233,22.364301285407514
28584,31.50777402846101
148886,48.90225866366264
251098,21.49454413001383
283149,21.513110042230416
218353,22.999940243965955
195152,27.33424319562132
57009,22.06578448051041
179784,11.58876485398319
37167,14.051125991896464
89258,34.576810861572255
111275,16.79310815248892
261124,25.839987618548328
162392,35.359324587628976
81397,18.618237480754104
132245,25.068533640779542
263284,12.567925717096106
80466,25.967016819752985
227101,23.393990355303284
174155,18.511385499043932
268890,17.60003676388932
250914,13.494892432158064
55228,45.61117185167589
100971,24.378101240320113
286111,20.8316245198272
62316,14.67951463662487
111992,17.306298100753782
73293,25.577666461929898
261640,23.39238274755467
160725,17.74540876258625
265109,43.841839725214186
275491,18.23178305175384
196135,28.41309052350607
24931,23.98926366235481
22803,49.09994844151195
29071,16.45661946386756
199396,17.26127111495952
149252,11.455343743793675
74578,19.753926915716637
270411,21.612892060092186
10838,13.492716535184027
101173,17.955503763630986
40752,22.762132248102404
271169,19.331733155272712
105427,18.53399216269768
251981,18.117029480316155
282087,16.213834268755768
28504,14.434340268117419
268194,17.67837863212838
45451,23.92821239352822
28520,23.274954252069655
144060,41.412823524530204
111839,21.434184554086166
152569,39.95349130843006
157171,17.724222998518748
215131,20.84730332052522
116699,19.82017339253525
270947,18.261307691578075
56742,19.94694288079135
60744,23.912475210393133
76973,12.053586189323294
197738,19.334729206179286
122113,26.216216632518126
93421,30.428526235579955
178348,15.492076350890219
101076,47.770883588029825
242118,24.428179051267634
60528,19.295153214384577
202555,42.104274270643685
288749,14.912731970385158
145494,61.7779729194026
159734,30.55979801069615
18398,15.675173756994576
284508,17.772722362102012
266028,16.943353900234182
52625,17.882007535242032
59906,23.30924329485357
93111,24.30247768807322
60818,22.722503154321764
271946,15.84263981802162
106451,17.32915662398758
27330,10.975220106622258
251294,15.894351360467644
42553,19.874444659007064
273959,20.052885233565434
255872,17.10930049701323
104221,15.281842781488649
284239,17.60108670395909
272503,17.021070967509292
197773,22.468901380521807
16712,19.478261364406418
293366,21.654486077281444
180787,16.85545772446388
249340,16.593768112729137
146379,16.876582644637807
140719,14.297242249605327
197324,22.180471253054893
238651,21.946488010202703
251578,37.78184841112469
117253,25.429372001998612
242068,37.53794505150905
83876,12.693914855224419
106090,14.504475825447983
42470,14.64083454628267
83396,26.483607942960305
11643,38.51249360990852
133012,12.904004892058504
102489,19.009210500102924
82412,14.874478096100598
19547,55.037629911104645
232897,22.445161020890275
98611,16.595874165195944
135791,26.51909552445227
28889,12.413124936234391
6285,25.461692314941835
295288,30.63793242977266
216758,29.84469668767857
11391,18.19940993332201
76705,21.370918802648454
55437,24.280877497305603
250305,33.01087423442901
289556,26.936641473912935
65249,27.375246384120707
140600,15.294463155933357
94201,23.67433519473259
66847,22.873799426273415
148025,65.49018868780081
104640,15.78732743386993
122956,33.38315676066395
268104,20.308760774949636
290301,18.25877075445047
268310,27.090762739479487
265444,21.444168651958126
222823,19.807304738250753
43731,21.40703783876565
195304,53.26216586291645
109397,15.714057486945247
206348,25.509805079865416
221624,21.50708938708458
43120,13.358661799702356
84870,14.724221734204757
19171,54.63948763608391
67156,25.101741277037924
266826,19.59507775636707
205228,29.734500079032564
254463,29.757663721862325
39566,29.2397002640866
140080,17.344432976175415
16789,26.06563350303383
236992,25.002721424042633
43660,25.44887384910715
17035,18.24322135390659
255623,19.631208753661074
229197,20.500809381455348
271247,21.85080801786928
164977,11.732257394987863
92613,18.101072847216162
11466,29.394160078453915
261985,20.366436577228775
156266,22.093869671512074
112834,15.485730996169929
9706,24.30548906732595
127499,26.73988146546669
186410,28.13928181315628
195647,40.11014844157639
242931,29.35428223888406
136508,26.093243854420496
32663,24.660230808737502
103111,15.020045940123484
24964,17.12566074279587
93298,27.687223568930467
133544,22.233185740302257
94383,14.607516349687875
51878,23.09100916160454
173019,15.478430144836016
122522,17.29587512902817
146100,63.57012057120742
39312,15.321092851370565
279224,25.0653392665374
47286,20.5901488076126
238259,22.499503908327764
218587,23.800824092099447
250905,24.781879652874863
113807,15.671784793253504
101761,13.455627208102587
243388,26.30604544686637
272878,23.918094829356164
15099,25.457947578521647
145447,26.303814811293297
133396,22.630676958883637
240343,19.279342500035167
237022,28.55693735606571
154975,12.560522632128803
60076,16.453071553098308
182212,23.418341157756906
74418,28.988342131305608
47571,21.166204885859294
87335,18.015452311285117
179367,21.293245733676574
182908,17.995868790068137
110043,20.903196377429538
50958,19.659803035821522
191492,13.768858682371299
204825,25.612262396191163
144395,31.752151771978674
283256,25.037685663633624
230112,23.31363372680704
113418,19.464203067975497
181791,13.10785486639964
129912,14.982956533531482
127797,30.874602494717813
263812,27.189790099794
161412,21.18606623821968
34556,28.956077339586255
278903,30.633364871123227
284054,18.434571988002993
151892,17.778933123141364
243806,24.943899016557726
57540,19.77322665065201
238409,19.057364980634933
32791,20.365264348130868
57370,19.99881354955169
214014,24.847499800227407
209325,33.116646802684315
165769,22.02225320262209
231057,34.699394145772224
284989,19.813930179441286
293370,48.49313912937388
93144,16.914353422570468
156936,28.121672594124995
41195,28.282474393523927
131485,22.668659954814636
154216,23.010517335128622
154056,26.582007921728056
182913,24.60163213032802
203465,40.276198234777404
297926,15.183751734720556
50774,22.468901380521807
43820,11.212983861462297
254120,22.831599490808337
183313,22.736162315936248
103270,13.498168635462125
111063,17.86005715540319
18172,46.5425523876742
150783,16.894137756331382
237088,24.861952607645073
191253,31.175649881838233
93301,37.628402907830164
281130,27.113763172474343
161001,21.02883369931684
294250,14.696659834990905
49915,16.467643654202213
71736,27.17239148943141
29494,21.626146216993813
223410,21.523282288025037
229046,25.78577485384033
150304,23.29152149221393
240256,23.447210034964336
173611,25.25868460044979
99669,26.05946359369957
3905,21.10465329559734
105214,15.959418600164232
69136,9.181219106262102
182366,21.894978400516724
233465,31.24143982826241
201016,22.356468415207825
41311,25.6756049241552
285329,17.615982536912274
50980,29.114826689749172
201314,27.819241751089994
77238,14.654108899266138
19757,55.90411669827638
145022,30.459095488771663
18787,45.550033032588274
171190,24.283333572346628
131407,17.368087830295302
29565,22.74132556565916
249558,29.23858451011152
221169,13.485862106707026
266301,19.93972899719818
270598,22.062976305344204
108053,16.9968403592432
281066,16.07727414657181
187499,27.0186204368572
108329,26.956521863931737
29073,20.251126089031384
261093,16.011151933947197
233295,19.05513714298015
266585,16.320821416255427
220322,16.879233912566757
222623,22.28394547736742
49240,25.901254701259838
159229,14.95567016027483
19311,53.887943654166484
172342,19.436061724572646
97874,36.277699433022505
292777,19.534690851943253
229426,20.360522049438217
48441,14.58368850024209
14441,28.363762594205905
89700,17.11934288896421
74060,23.535659054159947
30587,20.3049377377011
82088,28.427457732295437
9428,13.206150283133203
172217,14.289609785391628
14371,36.57040830227665
65329,25.151835296182163
261871,16.871970656182746
20438,22.872413063902506
137868,22.905760789835114
41013,19.795448540326383
149040,33.992452222460734
187420,15.38159239865313
144644,21.308818090943316
286068,29.14307290721848
92326,22.576639859660492
11731,22.89063148422222
72942,16.382150431045055
212805,20.919120040976352
59351,24.094038740701272
219379,33.7631970719737
1655,50.519679199365854
104811,12.824930535113314
112759,19.147080782019398
286454,18.04516077646894
28092,11.999288222959914
158206,24.565161916744405
199714,15.06257538921127
173186,18.424456129994546
174024,25.190884628784705
104888,14.863409899826783
278313,20.351944834805316
159548,17.137042552788174
118706,27.877019296410843
227184,44.229430464503615
115204,20.670598051012142
78971,23.381088231394177
13269,23.205732501334687
72110,24.226842078311883
89324,15.376319367951975
144605,22.518712117089244
116151,23.266994833990772
214121,17.227343118771095
140191,17.33542686437975
157368,18.538046807505403
263809,17.529656459292113
171345,24.52630312525515
76143,24.639597573767514
113944,24.662598494390284
54777,14.160093773937882
6765,18.04020740611249
261534,13.484444144519335
233280,28.655506711476427
161999,22.68844677218022
274134,26.721174965643378
65694,29.64539730599851
257075,9.471147323816918
6187,36.24475904556492
272020,14.79389943429545
86586,14.211172998543608
291081,37.43512035536903
210002,23.48275649451478
67097,44.945758605019854
29881,25.82192390956302
262412,17.575463303206114
258645,16.3530978479284
34829,13.780931992224225
240487,22.540775930590296
69229,14.383397533175696
27065,20.001536950282322
75168,29.135664584461843
19384,70.53334556434659
160082,25.110125965826484
30119,24.896271487653994
280902,38.566275485076346
56915,18.985772920942814
18509,16.093929793611967
195911,26.09979520151836
268767,16.893246929597417
167899,20.884565379524197
136553,23.81741397343053
192132,19.499828203250043
100549,19.44657398414288
110930,41.34815239226788
77281,16.956443877021577
250534,16.84124273971066
150230,21.148976183489744
221550,28.21958430643585
58949,17.71595891900548
289558,20.384775587723063
215464,24.848085660295585
174204,15.160545943539551
274063,32.88241982046477
2673,30.579433492634614
283167,27.590137422468462
32542,17.520551000480612
126505,20.074011633505258
112520,25.615965571706322
262614,23.650121623848744
209683,27.278152617325514
64526,16.07072184498982
179104,23.240686894559637
60387,29.09791924364921
175593,16.430936081946214
206027,18.27272225199393
237483,18.294282229928776
224945,18.788997370046964
58710,17.214300436651875
227442,28.49055134399915
188058,17.04654566370767
174751,14.511934512419767
27577,21.109988899319738
151079,26.01067158257506
272747,16.30313965111835
266005,14.903311005357235
1556,33.790429022889306
199231,23.392120846088034
92639,35.956971889777364
257008,20.999494554235863
283666,20.31605607488617
206191,17.26437635157701
62033,17.10614737456479
5547,50.14765125717733
30521,21.307983033763737
13937,19.781529324379242
108275,14.718692041911392
77298,31.380139793690706
59452,17.954760746981364
12659,18.36459039412993
33844,11.175212523318931
165175,32.249802712984724
49008,19.713186740350487
173338,19.969301257609988
101606,16.82604771661378
143779,44.79324849106694
279969,29.26437770680169
268342,12.843289807361732
282204,19.279063158443638
113238,21.45322949017754
222593,29.624793513080753
266470,24.457067926239592
276160,15.226606213185311
258243,20.20861395171387
131909,15.855964784459712
188636,16.16716073120556
133423,24.530752589818967
155927,16.9159417352816
45206,17.60366172085785
179395,23.806213597339912
276713,18.058007990297938
261494,11.688568691488687
164884,22.325545958954415
184060,24.1367823144109
122434,23.29478146935943
6081,25.01182592308972
61987,32.14770556588816
47478,35.293736587304586
32871,15.727190841388424
47173,25.1074925211264
247758,33.35571320276241
255571,19.758744436933352
237322,17.26795363167226
111793,17.105545454684837
24006,22.25941014418555
211348,42.39012700033
52687,37.9254972417841
221578,27.975187305292945
132629,15.666895575360362
293270,24.5959319045242
240393,18.886148275532218
15335,24.236677203849087
42026,30.909332270729685
254801,19.023619610317187
257121,21.71097347586018
213551,15.723265508762319
114732,25.90769845852254
124453,76.74009959783216
135320,23.683620579618665
89872,19.569432932108164
280698,12.827234906296663
189835,21.208273582663427
3047,24.5076796374615
20717,48.00647884919588
193345,18.790550253489386
121512,20.253989824527977
6053,20.807663703953786
280521,26.108140947081967
101919,22.774949719585326
34966,27.10376605615219
88804,16.164036176311306
105100,20.48654339762532
114758,29.32448632572209
281780,20.186484929864456
274368,14.500140114009406
266126,14.600674630984784
293342,18.618237480754104
141866,23.40547566834756
107549,22.062054489555983
282470,17.66451456039389
232840,25.713589416017054
57083,21.418164854110533
199272,14.668878707710997
118503,41.24129975094276
70066,17.9181341826388
95322,16.52798569446396
108283,22.62109091970908
249082,25.1734560931749
223362,17.887164996842962
37683,15.056961913903091
225964,17.09064294572324
298713,25.972449659620715
244638,23.49403459656074
99746,25.549829828062336
196768,22.394843732940227
292866,21.02317574156236
133326,11.921645713261633
182460,14.877720927716982
1076,21.698777809307977
73626,18.57514552162852
170740,21.098253165408998
63441,17.413650207640206
158615,13.37548132214592
5973,29.32735982798379
23244,21.918098506080057
28571,26.244471188198656
241550,19.881178138644728
244945,27.151559296024914
133606,20.076353220636477
57937,19.038838620853433
1811,56.11767264366205
64478,23.43104535530329
76506,26.59194695722519
109627,26.792366109464172
273330,25.2437102607468
42748,18.056027186942437
293291,20.308760774949636
170901,17.964562049207306
136743,17.202751630266427
250120,19.6690882386332
12799,28.83866794388816
202635,21.92029635065474
142085,41.38772551491205
153835,35.70968135711395
212680,21.61153171014873
272081,21.72362497645734
39459,29.183544850848268
52701,28.52686590859458
209932,35.07912864741178
158125,22.535986509367966
246001,10.151098303941477
98021,18.382576826040673
197954,29.635616710196068
128405,22.043917907294528
91637,15.904600611305051
159642,14.478224382949184
172709,16.294959024224042
275318,31.28913794256033
200347,22.70872112132329
137057,21.00380359768714
44214,17.787283024828284
11236,22.878280286934068
120107,19.731663013965697
131548,33.29998473276118
211736,32.86459073724506
178530,13.727537712424851
73123,21.842644984993868
148736,63.45152134570005
181166,24.659769988226312
43598,26.249044103403115
198737,21.556707898581113
246127,18.47776819050045
290675,14.264835610956755
224396,13.651544953979998
68233,16.37467203531047
193485,18.31861556516221
171526,14.167808710461298
188807,19.098758896995292
283350,15.753250067435971
100789,18.405058394355418
37318,21.9696592905999
151062,22.546793537199
108677,16.784902399392944
39469,22.12033882557194
146549,46.50533029885905
186328,25.991975636469693
277504,24.2339145559443
177434,32.31224330005583
192238,31.66438586121938
36690,20.921459345362432
71720,20.434548171230887
91367,50.454630917884174
72822,19.01670572563283
113861,19.301764086130902
25641,13.917634188698068
167607,33.12810885234375
107748,16.301177992225345
102491,28.133497728751344
280427,23.00858990765613
216867,18.5846352805632
241858,39.06302069343081
89028,24.792903771674673
43785,30.397577861126603
297489,13.459673203147123
215955,20.61831733922006
259064,22.09589302253406
166848,17.552053747912097
9451,14.703197392036046
11211,22.694021392221973
202061,15.999229437094149
15302,19.118383139930184
214423,30.446569225329643
4467,15.991806819214906
87925,18.713587975080397
270629,13.621906856638015
148168,19.73680075007468
199583,17.112891946318005
259840,20.293735339401756
176626,19.418427943250123
202667,37.49788442246022
214873,28.566076358909008
244687,20.58409888841517
191353,22.668659954814636
164787,28.053353094052984
21188,21.07912714757897
223698,20.931581461563507
187677,16.152897531801063
158204,23.69622713374462
154908,17.265258750854173
124522,33.43612729875065
289436,19.54277750689922
145784,21.06157576281934
243701,15.876419635237715
251375,13.309194726026197
98959,23.83781100377707
58786,20.05942573275209
104160,29.715720932277797
83418,28.045657734630822
201336,25.392820635335255
53346,36.13132806111929
143180,20.3836347553409
212165,13.582147770038294
270768,24.395779744745703
145118,46.141199926142804
77265,17.73686219561956
126627,25.260368114847157
111603,47.63869049073634
108088,20.61702120335093
230805,15.481235549686819
102987,13.341073113785745
129806,43.052227078500856
205298,23.002260123429636
169190,15.682578165805285
139191,15.875219906106768
142984,80.33003647276907
277321,39.92867924480869
52038,14.15523186138903
59302,17.022693990884992
167301,16.011903381042245
160046,16.845903519166214
254151,17.0197882713923
35330,19.45390626427745
60543,19.318889003608565
276131,15.852800037137115
186840,14.762857352319816
179002,25.220930033799515
103731,15.895547511800336
213219,16.592472562582834
120389,23.866727110248853
284502,18.322754254398372
144236,30.60883992598773
192639,15.59033221658816
223095,27.73689602183643
70369,27.503862976130147
6944,23.102420542398484
38498,17.980088910944108
25674,12.261954235797736
169743,15.899105063511598
117826,14.34353797038803
100434,19.976507744636265
195203,31.811999759612128
213199,19.273070005320726
131614,18.363594759858326
26745,14.496814300351161
212659,29.985790229148215
70473,32.74858138432726
257707,14.59455890384277
269267,18.042957442066715
175964,24.457067926239592
24175,28.358688077937074
233071,14.96792863029545
289699,21.277147626088937
135610,13.585132794404723
285072,23.42989723310643
206791,13.541519202102155
156603,15.906794024601467
205881,13.317077023025073
223080,20.668136796783756
170245,30.467415319996896
147609,24.73040265270395
183228,24.236677203849087
85642,20.067883374287582
54253,11.085430600295524
63883,19.213102894786044
222732,16.658744535762857
187580,20.57276133096355
61988,15.258495615007664
250363,37.554820097412104
64219,15.884114208533585
28008,15.764319475266532
61714,30.219142867070666
156457,26.386063005632785
270747,18.21532245619789
156819,17.532882913058334
50,30.43618453714738
110954,20.418910379524203
123360,13.995774015248895
247417,39.774863342123965
15646,21.34285561169245
46118,38.78434472409671
196394,46.615023500009684
108403,26.72361287914024
296036,23.506101638347296
276339,28.263026153033827
277836,13.91310484566176
97431,19.057721355836314
235124,98.35116763796732
99303,23.13958530229291
92786,22.346441275804377
152914,19.07837649216723
247061,26.272367596628055
290533,14.513606640224543
2645,70.65590920757714
119046,27.154913745625002
107795,20.390205039508285
56848,17.427586804513062
29278,21.87452987476343
60586,28.353275395277972
295157,37.78138354615397
66337,19.153360278972364
204241,22.09985222871264
224864,31.261693665653816
174527,28.26227377914257
216684,15.088407485166291
100655,16.038043755125447
172659,31.90343495574161
280074,21.85100556997465
171589,16.168011905636416
25273,25.46292654956918
277612,22.797215370967802
271718,13.256808948326926
294221,18.07572938080346
81868,22.66385707620125
232142,29.768694484718385
196252,35.688960867652014
108495,16.85746093068353
88547,30.896413678892525
170674,16.101127924882633
7304,22.30614425900899
34874,18.957387278606905
3763,20.877823080818057
289048,25.156502162831856
42477,17.383097590269795
298555,46.2586130538802
240792,21.45198309236154
50694,31.180898052882224
153052,30.516984701501862
195672,31.79205975961213
26112,24.58737851994252
64833,14.958436586301573
267084,26.36832746575491
202664,20.73284483319336
247932,28.578759192439247
214242,23.859448924445665
263442,26.96958799081388
257083,22.55895542089996
286783,14.017808998637808
175931,27.12722721117139
101193,22.177894627906813
236292,21.234797229896053
173595,26.60773739831572
88695,29.58654336361847
212474,20.57108998715472
29488,26.786853628853823
145495,50.433049199365854
206081,16.971500386400823
104696,21.61128555325727
66213,38.25548353323046
286435,25.117921391984307
221400,17.8738012302665
112676,19.684743997198183
100139,35.65243214719878
98590,17.36048331119383
133683,21.538325414093322
214877,21.030112793008538
162958,13.874401750354156
203605,32.364109440957826
29836,26.33621534755749
17458,23.435605774424083
232498,17.99859398677713
226690,31.326695595094282
281222,18.17474244232174
268970,20.601345636609217
75519,21.74082784301994
218881,23.071702288986064
147526,19.14800999393518
276648,18.122499066258992
48491,12.299988415772955
237836,30.58871239587814
218593,20.158875833882153
132744,26.628190020286183
42960,30.856215205027173
113346,23.559824353575813
277438,14.79357529007512
227688,17.491373204662636
133743,29.114379519630734
151023,27.85411166146444
107917,31.963910487168153
282617,17.08334581365874
231637,24.121958110379556
135579,22.505189444680195
235511,27.818341528298326
153679,27.169860229092656
65919,23.95897395836012
141875,19.127162792409855
137841,21.330344058078843
98452,12.752527032353541
255461,27.791615857295803
98211,16.326355210962287
31636,24.995037103420763
19528,49.39372465109229
298014,28.216702550534855
267756,24.0424372947515
237245,19.21045168165932
280738,20.514505131048253
46979,21.46340464153362
174810,20.092392526761266
87657,17.58699374839479
212816,25.55441823927888
6430,18.746189416351918
257853,25.522968110924584
269835,15.038508668763019
210930,17.212685521886595
266701,22.24105372230212
46947,17.467846741044895
43376,14.58368850024209
60799,21.87569002118044
151952,17.542099218813284
168854,15.500360823657005
185881,19.56438848746929
184896,10.68566399077644
29946,22.5353097053782
148253,26.6273816310726
20646,50.39700567137146
265916,8.417118207868494
130920,30.311799998962066
77949,11.723249947091471
5878,35.00371733454802
61574,30.280046110648378
125432,15.69333154838784
287268,16.68549094547517
224029,22.71633684072711
79725,16.73907337814
107013,19.88125091928999
196969,20.45837795615967
166071,38.8184514794391
208295,31.11682140870577
149441,28.5113218097979
117479,13.203743502346247
191322,26.024227197176554
14986,17.12873750428762
231818,18.125840947081983
265396,21.83536921201851
210730,15.164274410764913
242560,23.399885144580903
158304,33.78739327051186
281044,23.667143745908096
244403,21.999276979747496
6917,17.94609253025847
16631,17.747779093539485
227364,15.266977556349365
145161,65.32177810627643
147243,20.007068178779676
207455,21.27350075759734
116843,14.626280800415113
146763,45.82552243497371
114191,25.683442505110758
157204,17.973059915147044
146803,64.82309169150317
135908,20.251126089031384
195307,26.730217496070043
279824,15.389245334905677
29281,21.125457039579242
163612,31.42578804794791
14530,27.85616944031144
99481,27.78995543375491
118545,31.80932762381517
19064,21.059037883567374
287904,23.069337668619312
43148,20.446807274995216
75952,19.826404594654843
87331,17.051374663453267
93339,29.135664584461843
216134,35.93057480976325
31275,22.739345142806737
17705,31.924009643682144
31938,20.58826836208875
271559,15.120632450416547
212335,22.50495463052048
207795,23.366866133505248
199229,17.919666716371857
229787,30.87401523878362
237724,31.56437154945821
32731,13.718278728640993
50807,20.731799198358154
154902,18.639942180823034
225640,25.898863031229645
148255,14.401994691803889
138688,29.67544953470732
85822,17.686767317559184
145982,26.61295977494175
216160,23.777244800348903
88662,21.314535593317704
86871,23.399254303769744
63911,21.172266834117295
95870,26.709367837676105
266734,18.47086834494256
141843,39.78249785301616
100638,24.023424509258984
245046,24.541464525380224
196595,28.947647236608105
14948,27.27725336704434
215134,28.321238877435597
216781,22.4167980542126
194202,16.88792554026462
16869,15.734201001544708
262259,23.97870678832337
141666,22.361050714024042
172820,14.716626017020985
42659,27.898191377852164
160430,23.363244832389068
223109,27.113763172474343
224928,22.17031012897905
189511,19.330846984775338
171428,31.844677508774488
174563,17.898055028837394
99893,26.58830812500249
255004,16.65680675641505
102240,21.926152350530153
87133,21.48376887638049
85017,21.006636035434827
247489,38.096954272138
81272,21.302400323466493
247866,18.546877260129715
5444,61.82179902022703
143345,15.566734136745193
25712,32.1177075435658
278820,31.97446021996147
153462,17.121510019242287
125106,17.726846410816666
113626,20.939681077679076
238042,27.007818434005674
239664,26.74990099470056
161521,16.446032349900864
195293,41.183421640351725
148365,67.15119936312047
68902,15.342638163378723
181500,12.952810145581102
286908,22.651038462231593
120581,15.109049758724003
34908,19.557269876950652
188006,18.6665351782145
61703,23.845342541876562
107181,19.174291318756733
290756,16.39170110516728
180735,20.533531097002324
163380,16.776429397846808
97907,28.221115084401596
283714,19.066644239956865
220401,24.85068052721457
119650,18.46746280834601
289215,35.70572019722094
65300,24.1367823144109
17994,29.138701686286453
206896,23.624563585291877
90503,13.754295414100834
129987,30.91757302600418
225723,18.847518931345757
259149,10.98676436796283
118942,24.84699111872443
148170,22.154986376375813
229918,23.834893325315925
114026,20.68491834569893
49741,22.650959008420195
108492,27.260751748782543
45502,17.166800095874095
171109,17.451722954494016
153415,15.225737173352751
136739,18.061819233083565
296326,21.521357438890313
181284,20.68782204696556
76075,29.685798937600783
284840,22.167553806562047
80167,24.234008064985854
119441,20.9547661216468
223667,26.665359746464823
176907,24.225105102682917
109221,19.398668637801684
76275,14.698784010329362
115252,25.843553984231097
245870,31.029760985117797
87019,17.740208449185133
57494,21.272997323161793
70115,30.81571453470732
236180,26.020772773275837
250135,24.758357566354498
104031,14.745905044005246
77260,14.095358039700287
282448,18.45787458162765
32935,24.120122553915316
219035,21.38257961717158
34984,17.153246291801285
209879,22.347836991379335
217593,28.037570588226238
24266,18.18877359238281
106085,18.308870765684567
17670,21.693051953156097
128306,16.320821416255427
9471,16.523916203707593
218089,16.346708606320867
175725,34.083274573118956
16024,23.800239503404363
12064,21.14270194150148
297356,20.489898877947418
73239,22.610012105300704
236050,26.039879027271855
123172,19.016720850314357
40143,9.919166848716422
290255,28.107457427306052
51566,28.724804245343694
115974,23.881843686804004
194065,15.701632214107045
156524,20.578414364544162
250958,14.92343021180307
16671,19.388200753888754
283468,26.083562113748627
287479,17.461416878361916
1008,18.458351194965697
264960,19.35929656588719
212822,26.976132186015416
103424,14.004148199091759
20741,53.31216647879703
189064,22.584929089441488
293537,24.59843901541732
136356,22.539386156237867
108135,17.077377704770598
239969,21.882902101656022
95981,30.136099183915626
60432,15.759483015754915
290486,20.707392608742637
262523,18.329024356929864
135021,24.534300908242294
189612,28.569269009714976
193874,26.283063684869074
267957,22.77961457132583
194690,21.666087661027284
128941,29.737759579324575
169794,18.39632987993391
115538,26.917525116516725
96784,15.424370120238933
255309,10.964222189116251
104677,17.589507324213365
130093,34.138045238587196
3157,14.951412966600818
204452,30.16416195020549
222235,19.541423327958615
166055,11.369845796804535
263431,14.099900754039746
257385,18.415193865723168
46114,28.644796917108557
297968,39.24232673513588
160785,15.827036409963942
112014,48.71876969832094
30663,22.363963350070026
127397,24.655252372171706
237557,17.371499291322703
216627,25.54802909968341
36286,14.68031911060903
255813,31.738494066220028
209159,21.736122895116758
259534,18.835518653836367
63402,26.362736647354854
242543,17.555687241038704
134930,25.33778503460243
149912,22.216364477306747
205486,16.021653972288767
276447,11.873960353377685
254391,15.735959972881478
128208,29.37699100893344
107395,25.93627651313377
56000,38.15742339243896
138512,22.547421128313342
54148,28.49369869529814
89113,13.736476826814913
95159,32.548699429108375
280336,26.53505632484273
163229,17.025008888986253
129498,30.18342155802992
213128,29.5444473913097
50138,15.853854964676902
37650,13.848049940572036
39131,10.016393501183227
251712,20.762584480928172
30338,31.8046547626244
86291,15.110235572707913
198488,24.989737728723263
203562,31.406576616666747
254263,24.91351339172632
75170,24.95507101673834
218313,13.58960892562007
24253,22.76199361814773
285966,16.76726589051819
33050,21.02565389067841
74549,20.408047819762402
138216,18.48414018630364
68015,32.85431319005775
161118,16.31312242577472
132964,19.694415901245712
231154,25.533211924873903
115774,35.023883842778204
169199,16.447873131090443
113480,24.36967254320363
189820,17.751429602334674
55236,24.60178187030177
37667,37.36190945882311
228889,24.373593899454022
278180,19.624109338659146
148298,31.23941399953144
173401,24.57349597395947
265029,20.433325812060822
213684,19.81508710961819
226120,11.090321323169828
227057,17.207502317554194
239408,26.845224013155036
51612,40.17269661698451
224918,20.128222733949958
87179,20.562989533070084
271674,31.711069071902187
285153,18.97458451251412
275297,12.2888136572342
185590,17.192156409210547
285501,17.26759137948547
274585,16.310914242711263
82742,16.93729588982075
74419,12.012083026493439
203081,21.255403117747573
266248,24.683881687210715
273213,16.803234656733355
296264,15.40834199483327
60865,12.750927534983528
15231,15.610694987224832
183265,16.639383520108073
145943,50.34654473519306
208038,13.998263928936234
190317,24.842946338420653
193244,24.120312284149737
216871,24.994339108133026
137356,14.636092548802377
7822,21.27648602363575
20634,35.25748880621193
109189,38.46605197187402
14697,15.809661904770849
20540,36.90678581319805
152052,57.36946567957184
225179,37.30634381107351
200461,16.232418169718315
206158,27.901478949473802
141837,30.615576254756707
227279,25.22567866135811
97438,23.83704773056916
47639,22.176338588637414
47728,19.072890338981114
54558,29.013393008979715
139754,34.12353515171382
26265,28.268612215688176
293019,26.840928800349086
262927,16.354823102347336
275016,18.087375583606963
121299,13.826982853559874
67608,29.085328254311605
222680,21.657856401137376
69908,22.79172332850168
118466,23.91259000632902
206786,23.48357482168904
73957,23.41001308748114
97185,16.84913688571417
168310,21.596754483981382
290387,24.652147185769188
192711,25.26839330539824
40145,29.3209606043386
38201,27.900855954508824
15616,12.871353368511103
258015,26.15784649340399
234113,18.429909803934255
242734,24.566867661003464
132434,39.07176636806322
35629,18.379562324477497
12778,18.181449725987722
292775,42.451895178460994
136546,11.121593944684824
291264,21.674533335645904
134912,18.61981281384653
252490,23.060580848994597
106354,20.811696617723452
261538,19.661918638594706
67916,21.076824349017166
136599,16.233231390939643
84646,14.865487019651766
66185,29.2626988053158
100,29.154227441727564
134880,20.383376032395585
256382,25.142482381808826
199025,18.30109165271823
236387,19.525181715899073
96168,36.78498308130668
141492,22.092641223822156
9863,13.302152859631159
236580,30.417049517500175
235098,17.719917792106166
106202,30.12971862745826
102381,33.61530244661445
290763,17.92403649103877
115862,21.584916148252944
214707,25.980523834134818
3818,50.747089199365846
102279,20.249210143644724
61459,26.33740981430005
219241,37.03790327022519
112095,15.877844168407531
106057,15.823888014266654
47677,35.54878617763241
155589,22.588105695119918
149308,36.507543814388576
97503,22.040183718408958
33448,15.723368211566187
179984,27.079131467644032
91969,19.69398000947924
108101,15.98878807626482
155877,23.122553183899527
202696,30.066822883895735
53162,14.99825431731639
98382,13.3132656770804
298257,34.3423528265153
224635,15.597118744713956
158186,22.717355580566917
80341,30.037369215201885
287093,12.139857596655911
186897,14.861585394877077
171930,33.57596843399644
297589,13.665809686880925
261629,26.1711731757723
47205,13.58960892562007
194374,21.23009773730606
26998,17.297793346094412
128866,14.544509552301426
272539,24.244003898966252
162648,24.267292704461777
39182,24.355144272387918
80487,17.374702588128866
243084,31.652642871754317
210282,21.068720491196338
35829,14.61155461424929
146260,23.992949656699928
128696,21.97946537217171
13152,20.41122237438334
280268,20.762584480928172
96413,31.343250938713034
68927,25.242174390529357
33330,25.150149569719165
174062,23.551645746531463
231328,29.40497111520071
276401,17.715358542897313
199898,20.32410068962886
40675,19.311969753750834
146945,28.314729889720844
27616,26.699233082165893
124218,21.32964053886836
270781,28.82403469155281
80389,39.08183432696045
95716,13.021075924825317
264081,13.180211924489061
7172,25.955110115809084
33240,26.431702942781463
35459,29.25952923338496
185253,29.18593947974491
236437,25.967016819752985
108052,15.684521496518594
237066,18.19153383657227
230360,18.526802204739383
44269,18.200520702857823
68538,15.426231167787941
138495,18.468222133847082
11005,17.800907744297888
12546,19.646208233020275
31436,17.478449343718495
57345,34.12932260971945
122581,15.589682982684185
189498,19.019549204348575
113869,19.093741078812293
152882,31.05686723304072
11646,23.821514501779696
227900,29.938527730586223
150429,23.532513591082242
166750,14.025317537485279
226523,20.77668676228035
74631,29.279222791193177
31898,24.095538066570498
299385,25.794613878536712
179623,22.78513428245646
115177,35.88952167127689
264702,19.776751692975257
106627,20.043392151346637
101299,36.34240299625135
8879,39.69643857345434
277949,18.824360906184864
148638,67.85585920757714
157697,16.594805561144234
251750,19.22891527775706
63743,19.398776936470686
138344,21.613314999997847
146734,30.13665273854006
9075,22.31059685290944
23476,32.69095544061595
76408,8.25239847620755
293312,19.950006416957013
192778,16.340911214080585
8349,16.073283572850233
1955,49.104759712711754
49760,35.01602047494659
99389,43.405537107861534
114473,28.606244461843083
143192,25.388436126298558
124055,35.65924547055471
278487,17.042812421296276
92653,14.616104623684304
93660,22.932608799522924
172022,18.24407819289969
90656,19.87561170452313
183470,13.092586698278982
124199,26.62112847429669
44481,20.756228094542045
64343,17.18742230868327
150851,19.13491239460685
83779,21.1237282621091
196064,29.280931329154498
283001,68.05589302414992
121561,27.283192116722034
199793,23.466242765820652
259284,25.727062374522188
242806,31.174936645203594
85739,17.458100625876952
59185,20.494401537424906
218042,12.69402862985965
188780,16.241602829733544
47575,26.234482988638426
30900,16.520195601888197
282500,14.140362041911393
154486,21.55685419088163
279307,23.47141787489569
210776,42.349373205491716
181719,15.334324638380972
121578,31.105931595840456
291694,25.255036919232744
203987,23.65001613184824
130829,14.038171666172683
127196,22.098135695045887
267468,18.544598125866848
67680,21.614728935003853
82205,19.190061416576018
17808,23.445842280818205
142045,57.759400951822876
73307,23.953474048211273
152708,53.33566442350419
245955,17.655696432811578
182757,27.68070271402255
102179,23.471163286065927
111150,19.442707992445985
229252,22.837937822871606
68309,28.153207398307238
241844,14.779066898125222
125122,26.4452485603205
288923,26.20036010942801
110486,20.37102565391907
289373,29.737975681654678
74819,30.802396459245774
69112,39.78018262281951
77122,14.1772977179569
200809,29.635983681555086
281061,22.2845690672657
125210,20.84316524650482
24601,16.7149948948516
252600,20.737603214135895
68418,17.914310680438007
157840,11.742612356940752
168871,19.630316780322637
248594,29.604857755254148
118019,21.02729087056943
288689,16.838278449214872
117977,23.539234925800095
248477,28.726569248102066
64453,31.51087944136803
77193,31.224197537374483
38256,16.284439833528204
203036,16.08747706439471
108370,26.79263238510495
263897,15.968288157740048
277375,16.769060719192755
183839,15.648110195442205
41463,33.4164847597486
451,24.1330997095372
207992,27.139026989964655
48427,14.573808154162162
139606,21.692205294461026
169835,23.38769731709442
200098,14.389918570597839
227737,9.781282339934489
185981,20.00765581861099
234051,20.006683565068705
38433,23.090698638976967
206853,17.43908744337185
261220,22.25540535300302
7566,18.62053197234483
109014,40.93880815729422
120807,31.600630815384413
192373,21.06134254539074
175731,31.37589194905671
254305,26.651828952949323
49935,34.55796129741178
48280,15.036635019543448
277639,11.169933158770245
269179,11.29789137895219
111526,25.263971337606996
157150,25.078367598892747
66811,50.45026136696255
87174,27.305907558235912
122055,24.52229437392615
283648,18.329129911656263
201842,32.0365114652065
187071,17.911874877482965
222651,23.478158344495196
148544,20.729879284427604
158440,30.663399346331385
208755,15.397489238751618
145971,72.25890606997889
296420,17.766441839242106
2123,47.04806298794005
125100,46.16942938476299
250427,20.298794192984115
192970,23.090698638976967
240573,27.39001962033127
287028,15.425587540974135
173451,22.729847972277305
183649,19.969153327281482
274651,22.31117464608696
110183,21.967223742815655
279449,18.14618240824463
34202,21.01994240745197
238466,22.628619076065704
31233,12.299010593284567
135554,24.759000782668288
212318,22.712443584800784
206482,20.06033301813826
151156,16.22095065505865
151778,26.680038881991756
118853,34.05340914153014
137558,19.878467454875185
173369,24.633890928183305
41015,23.381859062171372
83023,23.266700630798162
117372,16.361367035065637
282326,32.26262299061314
227980,16.088386674513988
70539,24.739706451862343
94821,26.55161358047357
199517,15.723368211566187
43037,21.329443268220896
49436,9.416560385404562
277631,26.96934998206374
110511,16.271600966744696
166140,19.62435052395012
47822,25.707730598947485
68264,20.793293136843744
119833,19.108609304377193
78760,27.570258115869013
197734,20.490887322670496
63701,39.08938258574544
257149,20.51681727115536
28890,31.247446227594025
288665,22.869829817453507
23328,33.09030103732822
30582,26.112930382768287
7784,24.32213737797151
119887,20.18388640115266
178494,32.23637633557995
280063,25.078120476127598
198609,21.7897580865627
232984,21.56459427828171
18180,51.9218810085863
101712,17.123891864841774
85234,18.125802480026316
29573,17.890827432040517
158593,18.67102182537342
112696,25.08893435876812
126478,20.16617505931246
242765,15.33302333483422
274260,24.204450721919237
246064,37.62022321626048
282139,18.141289066786715
1329,16.440839043562924
184955,28.344785998982367
131709,25.071640923254332
105961,13.768858682371299
128985,18.744653179940627
214476,22.76654102617409
282754,19.14982982285279
71627,20.787259913981273
198196,15.144249458944751
101567,25.402078339427757
39918,27.25775143771707
247235,23.47141787489569
169701,12.830926475766521
190357,33.336122365311276
294345,30.614631758965366
177450,20.24162537906123
234235,21.616189373000616
251923,17.540278651075365
74003,39.33428515877622
184464,23.662146208229007
191994,18.647541743434342
195657,37.75434635495516
46676,22.612611458327763
47916,16.940421350284673
213008,20.73261549941682
260031,17.070784236446638
58196,13.880735000416308
172430,23.915698070985588
133526,20.730030870516583
210923,21.286630987892956
283682,22.704486981608532
87827,20.349800314000646
204763,24.89515871898443
191664,24.18449835312635
62778,18.101021163632648
250262,22.661002142224522
38566,19.766606125401665
132374,26.447183293488184
166941,27.716618470273666
282217,10.251663016281245
104948,19.221489487281666
297663,19.024085126639086
93807,23.64793667413653
235640,24.298673905914796
225330,33.8907868293537
66589,35.78476482049517
77992,13.854524296202253
131408,16.854832257890674
178108,15.562799350797468
250007,36.42465311122033
256239,17.15502484771173
237573,21.812860020648806
180157,21.79946055913163
196900,17.821652630367204
21698,50.80972241432853
288463,16.091609806880328
63556,27.488204475150347
192526,23.232933691642593
153480,19.26349181228925
102614,21.243102562688836
266955,10.81619244916033
170139,22.909937552969033
70532,27.67271261188994
180028,17.552053747912097
273418,12.701733507915765
116553,28.846056783539616
255198,16.188866110478838
256650,17.21374934769639
78449,21.737869633209883
112289,21.96209594820069
123557,24.282461210723092
124475,34.8982355057714
95771,15.145419186629644
41247,16.537557045498914
250797,25.847464951478052
131801,30.506721678047608
276157,20.259619622709984
232901,25.622472886947484
152831,26.08298059083873
268659,25.24315841627373
52322,24.619016722720353
47776,26.58107586684492
291936,16.659234989235326
19827,29.093303512239622
253502,33.038285943086876
68364,22.503105664018
149060,63.95991593719843
234056,23.513453027888154
213813,24.589392625458988
166194,19.71591965427023
155072,38.42755943379086
178767,15.65036115132859
194882,24.854379973681016
288416,22.99123761184125
222087,27.827110373022812
41652,24.321797524036228
268976,34.502127857753884
200199,19.89787361218439
225206,16.075282137283693
207391,21.93422015813335
6601,18.933014902323205
264045,14.627890280577276
33253,13.379752752285771
231490,12.646648764396213
79543,58.90309902198025
139959,25.776407761476822
194843,16.040716504707103
220055,29.45804234692377
194550,20.751574027587345
123653,14.93375998753334
272042,15.545386372845764
159501,16.575906171671427
4161,23.149825775628848
296267,16.3305701160995
264582,26.60922246766949
3295,16.567210502403952
36180,21.05158287765847
203425,16.215412264326417
133191,14.286884561058946
196958,17.478449343718495
60724,20.67234138389384
220847,26.198243265070374
244795,18.70716721010707
269451,18.07116600521409
69322,29.52250415538098
19962,52.241846452849884
172834,32.565652052151606
108875,20.75491043667383
47967,21.271077005515547
155163,11.940959172125385
190660,15.113963026520372
225156,21.143785112448874
11843,18.84093164452782
197953,21.601764275306586
99899,24.842496020716645
285695,12.777883178285599
57417,35.73427381287081
128822,22.572895614271097
119365,17.186022095806102
231040,27.177051784333024
17919,62.67038253493716
76570,18.134032897315297
204768,22.277726275686128
107078,27.048811640990653
247564,20.912358809987428
253656,15.51781319938669
278314,26.49078349921241
190240,24.739177085358868
62948,22.559642824486282
110974,18.503405863575487
13050,32.50996950110891
276953,22.82872763912527
102,14.0731816940749
260409,20.30209371754042
241827,22.239456058257055
90165,17.75110235743971
80254,28.404393845390693
120721,19.845091610802296
246841,15.237287858338268
155797,16.472168287520145
85926,20.611579467726653
252725,17.70043301190708
292002,22.908616548967995
57244,28.013364526990028
265686,22.477641690282063
141797,20.19186529238122
236102,23.46986327191924
106723,17.794881282723892
38835,15.11288220067656
77330,16.387142591015117
201645,22.126034763134772
125796,33.496102646753414
186319,23.15707284676126
125117,24.003128605149207
211317,28.43249114287558
8562,19.515252998420273
68553,21.194500250518068
224692,20.235646132374765
6359,20.31605607488617
42995,19.488675218416923
225085,14.716423917200256
37012,24.021661792811482
211217,29.70112279448632
53074,16.006878054351546
105405,23.149446664192546
38970,11.942683307645364
279587,12.94534255965524
39609,15.123312853289514
107734,13.85885194734676
6636,24.359976199015897
220174,13.718278728640993
155689,12.37165619096387
134615,16.607302607639248
121298,29.38193373135532
174310,12.75950533021178
97563,12.906693679250091
247369,25.5467134789064
150690,26.07065223856935
250617,16.340911214080585
146324,23.819998767722577
286408,25.110675265038118
84041,18.115812160763262
59872,33.48854834692618
219363,18.238450106153536
110357,18.811310237703943
45457,13.17205494797712
42942,16.977017620683114
50996,23.47512904164294
228762,29.699320485882147
92603,29.030095864742954
161581,19.030769974163597
202728,27.492121197892867
197009,31.277985791030822
29699,38.78434472409671
274244,18.481505659996245
158508,18.57993331500388
202732,29.89429978408445
269642,13.58960892562007
220970,28.938888364740507
161905,29.202533133796997
183531,22.210883270584315
280950,15.679895923232825
220522,14.065651245593703
122233,29.668330808874607
288175,14.283410123984847
219106,26.231534031809254
111553,22.5369743419841
86553,28.887080938435343
111539,20.43854628396449
60918,22.317009803825517
49916,42.14539112862127
173806,27.841900334637852
33786,23.085992381605323
155854,21.182700729277663
135007,12.092732235797737
163895,25.074589103845177
188205,27.635208303875423
158770,49.464929130310395
207503,27.320215708342005
291973,18.64044605762179
117877,33.2643253562171
208677,23.32154665202289
294141,20.09728738498985
105013,21.096976420001234
164411,22.28510249682208
283335,16.884485874525325
210685,37.45032042191331
67852,16.629806320395737
82216,21.014502687616165
278560,15.478207633050426
81422,23.910568347285768
184247,20.151769058159868
237782,29.946034091535456
279465,16.861044258359936
205481,21.222576836507972
216136,12.815407906634146
98828,28.88675884478938
191095,15.271395007764804
62324,22.717355580566917
112038,22.09291352784937
13650,23.734461797859268
205251,27.34852717022029
20506,34.85808328762056
123300,12.821551016985698
146050,29.356015625639635
18342,43.812075504767705
163423,28.883031017937697
148884,30.917415667186695
12691,20.69349266079491
144222,21.574848042355825
145372,18.1999074696016
264642,21.298810828046914
113506,32.69248437268991
190888,23.55023819851321
234707,38.33823921806323
244044,19.827072557932265
65479,13.343713763492312
211414,21.14531375817851
160,24.813720790809516
52963,19.405498000116122
42298,18.79667858423044
8930,17.436219269076524
52496,17.0467369398497
223197,16.199732246134484
142395,28.24754950845706
6139,20.89510724363736
169207,20.111089507539127
161578,18.42037241204291
77361,25.866129432790636
33487,30.36976376221488
132992,23.290486629935934
75562,13.455337452805631
275672,12.494996206463362
27971,23.92357840560581
18936,30.67213219691835
285372,24.463628136761216
134835,19.516501015302232
54325,22.970899474601698
104371,25.542509300162855
147128,40.64342828999874
249943,18.740997566804786
74849,21.208273582663427
192596,22.70436970550505
17391,15.317384818682305
190958,22.644691624447812
37654,24.632913181608522
62876,27.76984368105078
89979,11.820584352991157
73426,30.93714165318628
165479,16.799957100820105
69439,28.469979862444138
66287,24.481195964808542
145568,38.86342047605499
230083,31.905806264913167
38054,17.30769754675693
223257,20.812760018105944
180840,17.872904353381138
254429,27.855836753138572
291193,13.026639501409454
206021,17.760974539604113
78009,19.59701849068143
236588,17.974853755748434
78406,19.556321845227092
231274,16.73638060682993
125686,36.81276913164554
183862,14.821929193200157
218629,26.95754665108999
200685,24.953245860020772
5054,19.888954965123602
197622,16.523916203707593
241107,38.44967187514298
185238,21.512538019283795
188441,28.283070188969294
23214,30.230590695650438
204385,21.922998929060398
139023,23.885793798907308
236687,18.188990814208758
63003,23.21905430818518
294461,12.981392395785278
155555,23.020482417032703
296774,17.58415081213151
282626,23.664116174423448
186403,19.25673678670173
110385,21.651404081495357
2049,60.074539518697634
27526,27.720721478939396
110560,36.364412974935036
174649,23.09581031640943
19325,44.780169093723714
207388,27.772185603510263
279061,24.032051715449075
51297,25.488584501825667
124144,12.641717482301638
197974,17.567269016356274
78172,11.121593944684824
242151,14.417745170349752
76003,18.92292321471006
3264,34.66764916891136
68019,29.71326915380097
218197,15.748441413541716
75169,20.29445924210352
279945,21.476508751103736
258650,19.284819520546122
282940,23.347200300171913
97889,21.261053591266837
280286,18.97887990914523
4259,23.146133234382678
165978,19.353231597693622
22078,31.398325597485883
137789,31.810398958537558
134601,20.36697676923535
195143,38.27329521303348
46906,50.20307173720592
203831,37.44316037003025
120258,16.615500175552164
152842,24.263730323999972
170779,12.316882503991621
82134,31.23941399953144
97616,21.147337371313494
191906,20.704604111963395
87849,24.010110945846208
292495,19.374681381281242
86002,21.43153380017666
241826,21.561514195716363
113863,17.94567818689719
202908,31.252026706277196
182269,20.55760528064777
142618,27.465160583313626
165860,23.502117971148714
189875,24.406576326355456
156638,17.165466201863374
151407,19.09471595968932
185031,17.652116851643292
296460,20.200446302566025
272292,32.213851773662554
284273,19.85540266225818
11612,17.655622564282204
254569,16.971423140306268
242984,24.4953522971756
152114,64.25206608771651
290333,12.066748107665282
120355,34.715518109245764
19206,50.182874696804966
187678,15.919852697220165
27741,21.869990185531492
218592,21.777775576724956
69524,21.40180738187037
52522,21.119009426099588
176373,20.62067815759509
21028,26.750957398096865
182152,14.94888058880037
97750,22.50866714614167
177760,22.6303782642373
178330,26.93820657790615
63086,27.86815221770106
242971,28.257974922210536
93805,15.012028673487455
74865,18.038868003096376
82957,17.189706771308465
120922,35.224275592643174
275916,22.30279297500038
229376,30.76961836109972
59012,17.962939510419126
210792,22.98493444988288
24377,28.07673745121814
108676,25.306053050132572
256512,21.196333905362128
92922,25.093190528842147
20767,51.813969623723054
107235,15.920147942119815
174249,17.227179280533125
198525,45.41488059021488
119938,18.687529181310616
26019,18.41072239511046
266526,22.485563524251376
28333,20.902812350075628
43740,19.857281409402983
237598,21.40855055486917
108287,17.396026681728447
262170,15.672786567413599
126871,24.301537753342394
78126,18.825051534270546
175670,15.343919224214906
175485,34.018652442540294
216517,19.81294597422715
118302,17.661636826340235
62023,21.950242421897403
84077,22.560269575904634
135953,14.211172998543608
817,15.344240702106367
33119,30.896413678892525
152497,50.740065543862954
119473,24.280878653055073
154971,20.726067986310238
176444,16.696954020700012
117129,16.85571116942333
248299,29.0317196111731
64949,41.960202285711425
175209,14.58368850024209
276226,12.74422840622034
101848,18.246069272129326
115957,41.80387648447882
85733,22.361050714024042
24739,24.380847843317092
59649,13.067010874918713
52280,21.578424075148163
82629,29.13146613279297
275822,29.59204139850136
236801,31.44562075341209
11712,13.259430666150731
26730,21.72348577624805
256779,11.917329617563126
283171,31.005364694342678
235546,17.510781999670204
125763,34.04397901164375
118118,23.217045789859945
262916,22.343221953559606
130792,20.2975948313542
138372,46.44534756409881
202292,77.97009428021975
140871,21.954615241266765
276868,19.39960268351884
207170,14.350521890224542
84502,11.16450403694969
128446,25.084486159823072
263999,29.832285460356275
20015,49.18175100476184
136111,19.733233878132236
32203,19.622808105773927
60351,31.088275979983724
216742,34.25684007730204
210390,22.895318278755873
238378,21.91392144557627
274082,31.712250686453284
9064,24.82451254960017
98641,56.0194486351745
21103,53.883783654166486
220379,23.312452593836117
244122,21.34935250603731
287980,18.642940158303205
257390,39.47192663112783
156914,31.23941399953144
159820,14.41290920330827
109728,24.86702025486345
127930,17.69353908306815
143836,83.44041010224957
46698,27.74154953756867
206353,14.738675587608785
268722,25.517048834511975
163548,24.2801923673366
119855,16.673932776518114
147752,50.959497365389545
5434,67.82959556434659
257685,23.625116381575896
296860,26.60286495259187
84485,18.085010822580983
265499,27.43635264063464
273077,22.41451150298394
198569,26.556680721855958
13001,17.134411469919456
174608,20.183538600573666
131731,24.121751945011727
93422,22.895318278755873
87206,15.177159513919221
207396,15.143230297681665
283976,22.53895400012582
20979,54.387703782432894
59134,22.48303006428765
67305,21.591523072858074
56686,24.757540413715255
231564,21.43594468955705
3194,18.5893165771561
3611,17.107241391565957
10331,15.35553011384691
271715,42.66928507257042
247981,18.759117415588975
64879,27.708437444985947
78107,17.125305892779554
241164,31.770376511837725
28464,14.221361619002503
105071,34.67220720975605
104080,28.86543036034825
163073,15.055287452046423
246251,30.42639412751306
29137,20.792849200719374
9698,25.737524135569423
208168,31.099029729199486
289396,33.615478375042606
244551,20.631771559691032
156811,14.673073887821698
249554,29.292262988044325
125856,15.322895447463116
91464,16.509306170136426
123400,14.691832587491712
249211,18.530559143557333
81673,39.52547592804713
284977,28.102566142746106
59488,22.25582253683662
166951,51.13472309627034
25433,13.601945783476376
98686,25.117650820704718
94833,15.051107349865967
240245,22.295401748122238
48601,14.566997512549316
88123,29.48294998588643
69920,29.243428876333972
295313,15.01861371134444
255032,39.61801073835236
276239,19.375140915115004
106441,25.87213314359382
7197,20.815733018244636
164398,14.378450339503825
217633,21.747508466370086
161468,24.766521234570668
228780,21.70547309279429
287117,24.573545030031475
19186,49.99174155031054
78329,27.072365231463284
179473,23.738726338025025
45803,26.044214078146638
285085,22.1527091108846
260001,22.37860396146626
225083,11.794197521893945
220381,22.140951239152248
100085,22.695462544086645
30350,24.44869040853964
71322,18.16506393334143
259162,18.355942190445873
277812,20.931809781376984
55641,21.756411250995
99165,33.936714905582996
277038,16.465575355330277
184105,24.619619357301897
237282,17.123891864841774
209241,17.2702027755574
154170,21.176779406235134
251882,21.974859489787423
50933,16.35702361546974
145805,22.995090640358377
226674,18.21597944172802
148507,41.5907935054591
15806,20.78918729064988
110140,17.063006388760527
97336,19.286399548401004
37007,20.849813661181447
203653,21.455986694737966
57367,16.042980949484928
149481,24.792998581548726
4334,16.491121500647047
240259,21.732325034964337
22972,14.960214371418127
12830,21.015249988258397
228705,17.705913992668805
53552,21.09984693001848
69091,11.186666075613648
126070,12.778908267399826
149527,52.676241158111246
214147,18.228053676830744
123553,23.819684616353022
224220,12.1386157095022
296770,19.683082285348597
25178,13.203236760250189
272652,23.591460602460426
16842,24.605537719014638
250313,28.439651414303473
158717,19.36589177617253
273149,21.097651334181982
101389,21.343043087889313
247187,25.97869515956159
198361,16.45669888042485
264115,12.380729320693252
192708,15.74374734278742
107859,34.83681107121625
2228,42.51788197552193
230353,15.630974699233088
22576,19.071664206424366
181694,15.405159686651482
214777,28.096173343304777
99235,20.20567214173581
118377,18.478954803934254
295329,20.751483689502763
19786,51.09620809084313
274840,20.148538096498847
156043,13.989449716342984
268979,27.305907558235912
293056,24.692820257455296
28837,19.67093068080283
97513,21.648876824508612
255928,12.62232871432955
99055,36.427576375504195
6200,27.729426106473586
97384,17.38489380358987
293896,20.08857020219172
125444,27.215892287125577
275602,16.175470338089966
92357,24.21561819703641
32527,15.505134361118825
130056,22.19368748056917
229522,20.926657052866783
258190,21.70353102421496
61355,18.719852375460928
28011,24.123958325792067
5442,29.399606117134862
47258,20.237977382556352
158634,37.06245906138105
199162,26.163939844147553
39301,22.39379435188257
298067,28.646057365395016
71040,31.823005848336173
5141,72.88373930437614
186402,20.71495743117667
48628,14.511934512419767
21861,16.87959425565294
146139,39.47209083347717
23384,31.413058556649496
206451,30.095869772917002
213628,18.929765217857202
71013,22.420914845096746
126903,41.45183524037209
6809,17.05266054744095
28608,15.048604171623207
66491,51.08807798580851
11437,23.794933665483295
153123,16.881950074503322
189669,25.249840998588276
202588,16.88822860827797
265307,22.432375839135563
228950,24.63994389280113
67671,19.30331377637369
201048,16.49140345531223
267016,34.621665225171526
136755,14.507744634830118
129920,23.61666378022527
123729,14.77179035711733
51906,21.183766270647624
125219,24.300842651267264
44911,16.978246280571504
172170,14.012863917200253
46967,13.87115016635756
107352,22.39531568459521
134097,15.019520443193013
180729,29.781819628499978
84716,21.37261813097495
233079,15.600845084342927
201840,20.880507055136228
217649,24.777407585283953
276796,20.373753029751526
131040,21.543280006727382
84093,25.384480750239543
27353,13.89570809421096
163219,32.169273621316066
294045,21.207261389684223
205710,19.95597195715114
92694,17.711949468827605
28792,20.762584480928172
267487,23.36551061628309
175722,18.378750883940274
1459,66.86804004448236
247073,24.28831037766987
83159,13.923427213398782
227235,12.633662613785425
104799,17.28346534119267
41438,24.68914626689645
26308,19.274048033876102
43776,29.234735327436066
152241,37.44229085919793
220704,20.225042927695434
62966,23.565413213566508
177222,49.40720290468654
91276,30.327059313175607
269929,13.065434503904592
24746,31.86046349506238
190498,21.440488078352498
97199,24.35471508552618
232379,19.829115263007992
248031,22.636619526424887
24883,24.629947342812507
158780,26.528507938189403
105921,28.557977603848677
132338,17.874491475138807
272858,22.16350599257472
198239,15.542060226829374
157860,17.40673284755768
258556,20.66492400834294
40446,21.524953256544592
177485,25.699201505847167
33698,20.56720058313319
9677,18.147796638457358
292629,19.60360533824451
46900,20.95975414124559
276870,13.162530626880322
277772,12.078498039589853
149163,28.364869566920476
74496,16.437080758656954
67912,20.88304922934207
108071,22.90539008780284
296845,17.99930730194826
92368,29.80030192910839
62861,24.457067926239592
124408,23.468895180368527
204850,29.0486445097623
80392,23.059100515777168
277877,23.759973715500553
282109,18.557075258366215
126769,27.720721478939396
83702,15.864847073713344
29463,16.883032154298473
297878,26.71873180299756
275856,17.750679398237814
33620,13.56271097448652
156512,19.996986697228113
63891,13.622784982736453
104291,27.98345777921903
92008,12.33189021844941
231534,33.455401760663946
291912,22.258283003001836
168589,21.03961428820007
80831,13.405376349739461
75512,17.936597645413155
80177,22.344395371888663
28453,18.455371588085953
152308,41.56083562938689
156062,31.832075773605418
77784,13.472938237673555
74392,23.52477379991967
176981,15.4666367374521
160890,15.379591268477048
225497,23.45577713062596
5927,25.923747797086417
34456,19.37628955540128
227868,38.03435904627537
227675,31.556865171235586
141541,39.30237808351516
135982,16.35905950959034
61248,19.793319846928043
37138,41.265972778064906
197216,25.014160924514947
41672,22.49802213218784
206732,43.459508178676735
220472,18.200871671478318
117365,40.43214168851557
50525,20.459490401565972
133282,20.59689730660424
141424,20.372508755621798
108165,30.909332270729685
230716,18.22214591079176
213171,26.064409952548015
214929,23.500023008265636
283087,29.92825249822379
193282,17.96564646634144
65082,17.484943147280475
26920,21.167857633341725
119307,20.714239067593276
225143,23.200231410429062
148133,15.154841787143386
110309,20.148872665916105
54836,28.66270663998149
269497,33.12810885234375
18101,49.61173815296564
49778,15.468727842263695
35887,18.87622745243881
18318,17.868546501763653
257776,12.001945714625847
69400,11.66328052856873
111607,20.266393067344538
189342,19.702485082628385
23115,18.19531430326529
206015,23.727201576811115
154558,24.97429102283989
170737,13.448112491267135
269101,18.11679624092154
105252,28.10590845135713
88385,13.173603017759145
24670,24.180634528290664
92938,26.046214656617387
104269,15.35553011384691
113296,15.229231674431471
45727,25.838445748727775
95685,21.815918587827724
294944,19.959663611083673
98639,17.02506918748347
66628,23.52914556965277
74763,15.862800014829167
179234,19.91742014087242
93858,13.621258057244972
233223,18.50108305251614
210051,17.323238998120537
20188,50.0491713708805
176690,39.627965262237225
209944,27.514537398307247
171781,16.458875297763278
236357,20.550289923828096
116027,30.725334478409017
124353,18.69896065011359
259102,17.21514520361943
152242,39.40659659533226
287517,24.372385198437083
190658,18.23196299619432
219127,20.241146168913083
108470,28.83754178462319
95176,24.211232749979835
291744,23.7649021347797
227166,15.568377967629567
181375,20.46418788446494
228336,22.12888887770537
122404,19.405401577892462
195860,52.762869582835776
15152,30.025144369913686
201097,38.2719114430016
217828,20.30966399565428
275141,28.914609667405283
138258,16.223131549077273
130277,14.486381626214513
46899,31.67834596752372
156242,15.820304351481393
160011,23.39882978453135
81280,22.895318278755873
139877,21.292918022469188
164153,17.176059713939633
171971,26.5135083640535
47813,33.06096072219194
88675,29.981259806967415
87089,16.905190249556238
136040,19.16334144916545
168089,27.24896366448889
137290,11.936589053090424
104588,18.919609601819097
194468,15.861528897022946
123629,23.76406204119442
51943,28.593515031732245
52715,23.983855205450414
78656,22.93100810862756
207258,18.387247754489785
253271,21.052578119062126
142822,48.723356165276364
189301,18.305335618752892
2066,47.96437029885906
147617,19.09471595968932
109736,17.4605053322396
264195,28.520471329391057
242299,14.666600546758621
69184,21.865594202148802
47899,23.633254710401253
257487,29.484585138538637
298714,21.83038700032109
111189,17.208498060501775
238488,28.7533933586762
154321,23.66223682160389
35119,18.466297435505744
203596,23.115466765072448
76544,37.76879709958642
204810,17.81944628859727
266697,15.78369934810137
104427,24.63661691550296
21741,12.45290098638268
290417,20.19945079741418
224488,22.440533622036252
264912,24.96416531089623
248619,23.713143203330127
172947,17.025484020691813
283992,28.281957951158176
74007,39.37692184298977
201872,16.788595747708115
240549,23.211018273588245
280338,21.702880444559632
7843,17.787283024828284
252103,13.444411652736154
178497,17.96131663778066
146302,14.910103016388419
151864,13.018900270973063
178170,26.519230472864727
234809,23.269181141085852
97296,16.128998051703526
292078,30.56433486677044
203071,31.642709612925966
224032,19.569234995150218
132856,24.46577643524126
176653,17.936031866171284
181833,20.093697953473328
286880,21.717354045330257
67179,23.507681890175682
200261,17.98247285888478
118495,21.098386584295714
195863,43.47573828534422
162316,21.558831411624535
27897,24.416536306317326
279858,18.116271773648183
181670,20.79517897890534
179566,30.706949177076996
224217,23.36760623853171
100044,19.577490959689317
241465,22.953882879013786
14885,19.430171140409616
25565,16.154990783829984
25665,17.558554045308007
6879,23.475325270934935
37142,13.721759314871502
183117,27.088833944929455
217451,13.300918602124067
76906,29.32735982798379
235042,28.625566967718736
293987,24.15779303564016
280799,21.19287563730678
228595,19.880499433495594
125282,20.700875492180575
273217,23.043448194467175
131786,21.485114582730443
97410,17.84299393933679
5889,24.49549780273218
151135,13.837879767948255
102786,24.265662902129474
275133,14.604243867923822
65349,37.969413224417124
289049,13.993015905381139
153881,23.25284098813174
107219,20.459089579533874
173014,21.40020722244582
193532,34.33829242736583
131690,40.42767688649461
10927,19.34776908372935
18660,22.996446702077233
125391,16.309862161853523
53418,37.410669115853935
130974,26.19219558630264
217960,28.806225182216018
234283,15.378746014301793
10228,28.335550153316166
77902,11.450773636546115
290380,27.16953366880025
17615,20.905732796291783
280958,25.065955898891993
247081,17.304624488288958
147741,25.411120603510266
285750,31.935714637527173
135674,20.29755935045621
61369,34.11749100778443
243934,31.99422331766676
1691,46.3830995073436
37208,19.679042587417143
278587,12.633550339497985
196104,22.165318743382095
48016,19.57377778688356
138855,26.829934203681347
277180,26.268306973000193
118965,20.227568867709685
90625,23.808684958444115
175735,17.17518810767275
95646,18.122871898844227
247158,22.14630827866157
189283,21.18757232865303
127997,25.50969775032699
179606,17.4485388676417
188291,22.99367487819874
264931,25.566817078727816
273024,17.440584743042
218814,29.909299267885615
134308,23.21804521137974
281588,27.462552595043768
78648,12.549965284592915
275613,13.31099380996675
281403,24.523594959065804
202187,21.920440957239766
248936,33.478049952829075
187698,17.591494388144206
235564,35.77581396418305
56263,23.418497815532103
118025,24.15349234121541
52357,23.409104409713628
144303,43.261713320719444
287862,16.969422713596373
183652,17.173822518968812
290699,32.229917157961815
97805,25.10427540876926
76650,17.423034949357266
63036,21.12055245452192
236373,41.42178065819452
231269,21.068785006050163
39159,10.664865133945462
265595,18.23160987703428
88372,19.80148724431925
145620,51.39833982420335
135528,18.860036014187482
285157,18.219464910966302
257598,25.818305995085645
130314,25.246830828740443
171022,27.090762739479487
235078,32.575873115271044
276487,19.339658669511927
156701,22.160786558221172
103575,19.066717614616067
218647,35.54547875944721
199736,22.78007514354762
207593,13.22082692558486
97851,31.409829777343884
211464,26.408561864205033
63317,25.78931596822498
216430,27.001259510397528
295406,14.01949781050438
26543,48.83956600609539
12496,25.526190913924673
30278,27.829598129845795
4327,25.814118698638403
25885,18.211694113069136
7606,22.151940535470214
290128,18.305335618752892
286165,20.052803297179107
86148,28.543164138185755
35595,30.396937412206817
253566,14.437093201689223
195815,29.85480586273844
15743,17.74883359677591
30417,19.276789899877564
61801,11.099687835970679
38436,11.21141619744635
229915,20.876788872316876
295296,24.83912555724628
41219,21.187597828107222
64139,19.70412186487642
28221,18.353832625891318
55688,29.759024115288803
80135,18.598608881151957
236547,18.848422981732643
202093,23.382367541262216
123816,17.67467363551439
256680,28.86790246023501
68021,20.76606866831403
20435,18.125840947081983
127504,23.40882648530287
136976,22.9624122490912
105730,25.99509176086007
188032,19.651588614741517
112119,14.999020728438435
41504,24.933580539573903
197885,27.710887120023635
258790,30.100060171366955
250435,17.66413821849286
274228,27.41472755053485
163859,25.44887384910715
20038,49.223223475219164
55706,15.975830020293873
41561,23.803733915502953
7364,14.022957151985798
24219,16.73655082193412
277574,26.87943993521309
214363,24.451340846088044
234049,24.718825425526354
250595,33.00423676768828
160257,17.45906263239123
215111,26.108031530947624
164439,17.556648889023798
233182,25.12126592763247
142794,27.278610403689264
30847,18.618237480754104
129875,18.013564281123816
15462,18.046444402446205
242119,19.872320529333017
86308,17.256752462489878
155452,15.990592663472711
69114,16.89539517571522
185365,11.144358549648206
15258,23.55066264459881
272188,28.31550696472133
45872,18.962900437534394
265063,18.293627886796653
56145,19.87196487902512
156464,19.288606058261024
224330,23.516910106929732
152408,31.73548974375408
86823,57.57382107328126
45146,27.145222246240838
31400,22.686919872330495
72092,28.201026773446706
286969,37.98364000920557
277962,21.34038256225532
91113,27.037463301973098
222799,21.85240785013471
160321,17.343078850498298
153742,18.267487203777627
278041,16.690346149922497
199910,14.633986744755225
34982,21.262766462467916
279244,15.777503056683983
111407,22.164660241113246
40623,18.468640340174463
44927,22.225471427622985
292277,18.47000807305903
190551,18.876381003578047
254507,13.581208058217793
6263,26.98964746732684
249346,30.402827721232264
190810,38.073074602357735
249504,22.379231784104128
163186,49.662328414567774
240901,21.266832513702298
71533,26.753568115643237
198384,16.6217590835328
276089,32.64187047194187
22185,23.346788063059726
243551,26.014894582831953
155062,28.39816694694203
105101,29.14000532428413
211133,23.702011685133403
220689,25.404816153807097
71148,35.27689602213533
19342,48.998571938031475
299073,17.71964483640923
274090,17.010485868185707
47442,14.890369237661602
176386,19.275719586918267
133351,15.495333312900978
227440,20.886400423581154
272155,29.996564090386833
180970,22.059012360467584
147389,64.55866742506599
212031,19.403279223086916
173585,19.34341115570071
204278,17.685128517564735
95009,18.618237480754104
92424,23.366866133505248
23326,29.563916702790344
906,24.415350489215466
71950,28.42377123290799
121507,17.973459733310637
128393,16.248000650734944
115330,29.019585608915115
96828,15.144808932953055
16811,27.988502998967363
19421,52.19705288319743
265835,14.068451320055015
97194,38.78434472409671
221170,22.64755430138816
63440,18.3441551782145
102365,14.393670339108706
132247,25.461728587366984
172595,14.450458411769858
287264,21.008267600161282
76798,13.733660714318125
187253,19.991333307924897
114682,18.23203168000138
45217,13.79241384805492
147346,27.690178030235774
132490,26.402381326909552
164085,20.963325672944627
153044,22.282976099205207
234581,26.65892080460865
174253,44.60592856816085
187775,19.649327074542793
77384,20.85716797446347
167877,19.08012064310266
50697,26.339328512762034
176951,29.044738047637725
108781,19.311969753750834
221650,20.333505649847876
41864,20.34389129983065
172161,22.535525708691807
99948,31.72456048887587
54816,33.45887417330319
63510,17.471727504977842
154805,25.63041430623266
145264,47.97244814391154
132949,20.77971391660977
184364,18.85623039069382
177613,21.272475417488856
267289,23.442611396604754
15875,25.796828761761212
121053,23.144521480432285
67579,21.951292885108316
33041,26.57454865874658
242226,28.73672978406026
293206,26.42041684207382
159127,22.12033882557194
150716,34.95786805964484
285537,12.651660535113315
200053,40.14134178085515
49234,18.07572938080346
2908,24.678695490344996
244357,31.930991046171833
254288,22.883433956851835
270322,26.630842085358864
219844,28.55294609341154
215519,34.89557843164796
47811,24.044344776573364
295637,24.521732980802206
15567,23.21167472661394
239919,18.938312266102677
134964,22.77703552334053
4123,18.19465364081741
99553,47.983998853235015
150031,14.194321260876208
175805,48.3127369708666
129336,13.925188618170987
120569,19.441325069388782
179036,22.151589135392857
288074,24.24781064682097
213167,15.382996944034602
72695,19.925000007280033
153960,33.80863504465043
165601,27.25775143771707
221358,15.146704359551894
255537,16.563456440434727
229822,29.364906967718735
139796,19.512787186818297
186673,16.69673306120695
34468,24.8120658572958
21918,18.501324533472634
37005,14.601330499130535
213984,25.105039410088324
115880,20.54383663090776
125338,35.16941948525271
138914,16.87607131393102
102131,29.57381522559452
273099,15.180889336565548
57738,26.32717160842991
237109,20.903840877917553
42831,19.152704490432253
281777,10.579096819534348
292501,22.219746955369583
183911,12.37502071566517
111940,33.191559983056294
22199,26.84884769866021
120867,25.39370699572779
289609,22.499922025651788
279679,29.32735982798379
118201,15.747622354110376
2703,45.05107697268922
225350,17.73613372555922
120668,21.50671473220005
168126,22.795442430740955
32071,22.341090514637642
144944,51.23915273069747
231270,20.100784426452783
225836,20.932040221215907
167880,20.31962135067979
64838,27.902745499327374
238068,27.100530963104422
275022,14.676756421659467
220961,53.15517989695853
71608,27.585254520312695
287853,23.126814616347627
60338,18.45533660527634
8918,40.190862223188745
80664,20.69836802718441
19735,27.517088423079088
126697,30.614631758965366
143396,12.72100342605673
46696,18.807237842748606
113752,14.280943653209443
228824,28.57010519918711
104276,18.284084421158624
18158,30.43197155802992
263064,17.784237371699383
270997,23.505062118261314
198944,13.816034743707823
207768,26.153250860109342
129299,16.335135368094836
205732,16.934966945500655
167227,16.803168904290494
157322,20.123128739596336
127377,20.477482498026703
102960,81.19645784649859
167160,20.308760774949636
189971,26.244471188198656
46450,20.821108584213537
27624,29.787662170220273
81795,15.99522622600034
247425,27.454804883410297
49938,22.43016599260357
243962,30.879496356404182
140625,15.842675672116226
62524,27.031657496588412
218765,21.99593468419986
15758,21.438861300101955
61324,23.910330001844407
297014,32.65095754809856
72895,25.148724172507876
134716,17.98065262259282
242817,39.40409214551989
109154,40.252731592348496
256307,21.9213476267339
111625,25.814128249160195
53385,18.81856160806274
171521,15.885469150988135
264544,31.21224230906399
176304,16.178172652879404
87940,45.95207491048204
223290,15.30087489649964
94127,22.285399879045137
53983,15.643699835351535
128544,20.536116003214165
296584,21.24035458813983
176131,27.983375667551275
121082,20.12638883266545
136342,13.929071940203148
294960,17.29893733214916
240511,19.74648515168345
102390,22.92500094683991
147457,26.408334552282717
56551,16.67272955907735
228335,36.851850125880866
173146,18.42042501092997
136738,13.406718045178177
264650,34.23370401106461
126163,13.019595589806443
83907,24.8285296250453
273517,22.03220710275954
53134,27.15141689539764
275960,21.60908739008449
288613,21.537466851987688
161754,32.902720408896045
266249,16.339089877745657
294148,20.043743722981695
217116,14.511078167523934
133333,13.898083057244975
18304,49.183401927319586
229195,23.772937417665826
87441,24.44124965063686
118968,14.444864527156412
104518,14.966343083037469
205775,15.144031408429473
266905,29.673982696325787
116643,18.904660950722974
107333,18.284080978186047
288392,20.380754003299874
273767,10.715729876822268
222368,21.286024095387397
189916,17.45457024896704
225297,16.963997808349298
68692,22.880664339229877
117169,42.42284447765768
17330,18.483285965035556
42664,15.178663481251906
179019,34.008699663052695
91949,27.47858692338591
223141,24.14618487060008
212162,24.83863896361813
204259,25.756617680082304
33088,23.384286238818678
179808,21.508112417956
7126,29.23093219880108
129384,24.576624928792896
9602,28.67157655853174
106199,26.18256719755567
187571,22.516093934426202
138562,23.805532426746318
113591,25.231308968154604
228843,25.079816345938173
273639,14.793197707419207
276691,19.44672157354227
281183,12.08501687272398
260778,31.23579506077478
287803,20.11038966737136
201452,18.929568660391396
135585,46.51021174461742
268357,17.988628552796193
277143,15.671032174994869
257179,25.02777925925278
216295,23.7805059266886
240164,17.365497896457413
229896,23.7298997095372
287045,18.696361497179858
161045,28.76205457003079
147576,16.86430324162073
193103,22.62092235256053
96554,28.231041849835027
30971,15.757120285026952
30301,17.81279829966521
151218,27.960471086083107
161360,19.53886177427527
62137,17.3985498062843
126363,18.014045757826512
61519,21.117156424246097
261812,20.74897315422598
92315,38.76592254934688
182705,24.513112950030887
295202,11.787177616962541
99973,19.329815041517833
27465,21.754051885477043
53800,27.50263451360334
143639,81.55609284377456
51074,27.681941252176028
196045,65.4290553384071
215659,22.155104489555985
87628,46.34767809312788
2378,54.23896961620896
22686,15.358180030621156
115833,13.928392648471874
194245,23.017725248937346
158221,9.471147323816918
234339,28.069087356065705
280412,40.85817827986957
210692,25.538321773529148
292460,15.563843337670605
100054,20.73538265839869
73174,25.93144604131146
133995,15.229317166908462
184088,21.415441885899348
106927,20.84929066856431
173207,18.102610461053594
72453,19.89517758469366
282228,16.030866408066178
139292,17.67140376931318
16480,43.39758694607188
52852,15.97333496544291
124117,16.212132214326452
112688,21.022013968932498
176963,23.43937783154204
277072,13.61251623513698
95994,17.273415937860218
296341,19.55058275417797
260051,19.553941117630767
159783,13.098887312713634
83414,24.365117674997567
184837,15.126433094117598
182421,25.68659588215947
211432,25.89805676341654
250217,22.09459000379467
171416,32.036382611578816
86914,24.568546055895332
95875,18.689405238490206
217558,37.68834113484835
46679,34.4139562109406
184321,13.521516200628742
93559,21.764213148825796
42354,20.471475713060972
258823,24.443730355540282
23913,18.323672524029952
107950,31.71477584895448
75588,24.188485527369615
138611,21.985368469165152
21873,16.639456261093382
135519,12.780000115487088
83849,20.113386223764792
123997,27.799868603692744
200082,20.86550177503061
210273,25.973846942079224
256986,19.60153869425708
228909,19.91580802941262
184504,25.234464663526833
260167,33.780891718135294
154304,12.160744703298585
293050,15.784146167726282
154388,14.775828350174788
195431,40.991688158757874
24779,24.150894570829863
84020,20.64412394106814
237085,32.808809811680426
86149,27.82180809864449
189887,26.91909398607445
85541,15.645622802986333
258044,20.098840546679252
19073,29.16188036882668
50016,21.665658907232288
245569,27.378173635716177
28120,20.094006967513504
251151,24.729044285076604
33767,19.515018504564217
173697,37.15649102169403
99703,36.08551129586542
166911,15.988279242727078
154866,15.182595898770074
75611,12.493700468492683
57727,39.851800376346056
66868,16.036414032114237
33859,24.152976658255568
236408,33.796802160219364
69665,14.401994691803889
153759,15.468727842263695
12135,18.96973097540603
101863,21.603028968856574
193682,32.052714609121935
86678,14.58368850024209
93093,17.99430427212932
81959,31.80932762381517
152600,20.574487044133054
43454,21.584916148252944
92400,29.887138168858787
84018,19.227977106283824
128438,16.47876546731451
223913,25.53307987233263
61508,17.17214797844796
279555,20.40656445025121
70905,19.16655500163419
165156,16.154657445690173
242692,24.74311344917504
280389,18.923571505595667
61072,16.15003016730399
98883,20.634824557336014
279875,19.82860836259887
56563,24.594777933641502
233553,34.8341471036129
32735,18.329024356929864
95913,25.42452834986231
1058,15.825329421248082
46202,20.69555358003609
244521,26.165758372765822
7353,22.11557901330668
283667,17.425504400593148
233547,23.358738064036526
55133,27.18452877784292
197255,17.149763937165257
56839,20.820076050147684
146185,20.47308312056809
184163,30.706048099289443
87556,23.371124150668404
120296,28.029592285852836
97722,17.164987679616708
199212,16.239070895372635
227000,32.42434757813144
246721,34.772672717668556
75878,24.55338135302163
196016,49.23107361604171
242483,18.83735588892901
199592,41.63666375607124
248768,15.266761243353011
235175,23.980021466555154
42034,9.827604392905318
67371,19.48742107965279
122390,21.176547510936437
180234,16.483966292116545
288006,26.87277316014276
36262,18.09268255465768
148667,24.117958957135915
214989,25.290948747607462
102645,21.820110563265
240197,33.380965620623606
169900,18.87389461379188
120368,16.103421676496136
226697,33.26432517766044
33882,22.843477595314653
104225,13.96270967522987
245968,41.001330745823964
1463,64.93314488271965
132816,25.85914383107979
57363,20.552245272999578
40698,22.229536885899343
123417,15.173373369498682
230324,21.737731080735696
46674,23.014840656825147
139371,29.110861528298322
202707,15.95810542964578
108649,30.16521075501405
240800,21.743632153120757
120976,22.582152298333018
119930,25.34131946089905
186404,23.925954933288743
150171,19.68014436996247
71890,13.816042958429183
146838,28.244554803926157
171135,17.369028570938205
70651,13.416810512538907
110673,17.25733556066576
59590,20.319919412710668
259083,31.425602818707283
26599,29.531353196954235
74183,19.82078593881002
98328,13.104550092194462
183405,15.376319367951975
45787,25.900532002569072
240098,17.66839699539197
133292,21.22127111227074
61161,21.805123640184753
243153,27.25775143771707
20208,45.86868997978173
153082,31.211467666128243
30064,39.527921022237585
201375,26.54742744918344
278423,20.601493825845434
298884,18.960280330787185
204713,30.875776330654947
262820,19.719055727266742
288458,22.354997556092336
223119,23.69177164305176
290438,19.877009883505252
128970,44.6778779427529
229313,24.872814034845426
179592,13.66608864540088
117381,24.506714093945128
248135,18.116126187793107
256056,21.17123239385758
61329,18.049077163935657
267340,24.17360117905438
204854,18.159176559323118
29393,24.943791303542987
153550,21.481268642872017
211032,15.182595898770074
27482,19.622808105773927
117608,17.460827106707004
247508,26.29046056507113
58091,13.02105048201146
152804,21.806763580720887
156473,22.589130136656188
254945,28.84570485130585
93312,22.905760789835114
38032,16.87959425565294
233788,23.857757282307308
177694,20.377026757194002
96151,11.774929985891742
114499,18.37700205499763
179503,26.740361835516023
37936,37.36190945882311
216145,19.914730697830173
31697,10.888165508859927
284414,12.199051961575943
285652,13.78099330678323
184690,22.224069016671397
37592,14.04251206799238
217478,17.86379349101393
208749,31.565161288325648
62913,24.782780073258742
156397,24.018655855036542
252464,22.287946494389008
13422,26.239778939297008
38490,14.58368850024209
293101,14.859975766937291
94641,18.366639982200887
128769,11.44855785244084
225418,13.525549340271047
235786,27.09664829847739
49014,18.87656553425335
187627,34.144583660657496
296119,18.60281686786646
254003,27.73817790533413
229749,17.57026528955388
135138,38.582747224843935
70090,21.721870095820357
8185,31.77096167962394
186029,25.261939402643787
125570,35.95586776619218
194874,18.75124646309761
19661,20.76507330885007
132182,12.612220025364756
142468,40.936880514912055
222401,20.325039041488424
1672,55.15114793823044
135252,22.270078017479054
170501,22.222964052360055
274474,22.170372743559135
130009,19.430287270293448
41304,16.297753625989323
295927,24.25779225411477
45863,15.787008180328348
17107,24.70646963791689
297555,25.91430282132694
51970,20.787877930556046
264232,18.336263732402777
206502,27.37044242963819
197332,18.056873140262432
245678,18.94707831157866
292859,25.77669251846165
168529,21.016500585224616
79530,12.774156218081206
134524,16.87959425565294
183491,23.19442454775686
205787,26.145178464630153
133442,24.139161523448305
185013,21.917352100596837
13653,25.2996329835054
189690,23.090698638976967
102922,18.99613317755062
262227,17.73326124157602
44531,19.843812955025037
246119,16.342263441745764
84148,28.719063255312296
125369,42.45456742212137
34912,22.740187431165413
129512,38.830536316294165
264689,16.976931517302926
9095,16.47612420614918
69007,22.297113451294997
211253,14.39430179650003
89935,18.13546650554769
2650,69.4492824475681
238568,23.327170932264
259172,28.176809932447913
97288,21.877578126427018
265453,22.932608799522924
82770,16.392691273871257
230548,22.031512539473276
81775,19.262147373964364
116982,28.417740934007867
17154,17.79257914294154
239794,23.38713743738689
157325,17.072621504560125
149509,30.01159633159287
34812,25.868838472120764
289348,34.18268032964873
6150,18.085010822580983
154711,20.993710634256935
152718,16.312733411423043
260108,18.062879555747887
114662,28.795093747505934
230412,23.030813099290746
16305,33.75939921096442
248462,18.7768721370801
156913,20.672855752257597
267664,21.706199806421246
220960,20.929220231582665
163917,20.593096807503425
113495,23.28371306583457
261704,21.723120828387
160420,29.649009692366832
263019,26.37335913123534
73472,30.830483824620096
61790,14.186815850198235
210063,16.850945086954766
168698,22.895318278755873
176922,22.122808875179377
152983,24.28649263898794
143479,27.153890588585433
51910,20.582699064279172
133273,42.23068844593665
9591,29.630362094305184
4808,17.170872067259875
225142,22.00000608551396
18087,56.39921076389969
73216,25.63395379742343
1736,62.70101251072215
197398,13.478474695378804
51642,18.983093345349204
193565,34.70539696449254
73442,11.37291152611451
197548,15.352658363845606
157288,38.78434472409671
115437,14.867299254680049
252631,16.266034637124125
97776,14.97788687046678
170045,18.116894139901497
49204,28.139623675351352
139377,30.896413678892525
112624,21.318564910051357
137583,24.302275251272157
85808,22.19368748056917
248822,22.328024655300705
91435,24.803771168004552
73608,20.230240339481
88981,21.499833240805614
249562,14.153617281336768
172346,15.016470265373641
27148,20.05068558362482
275171,21.482092035030966
297890,15.610882168029116
150667,23.292570319578857
128086,17.880434685035894
253184,10.031994542439644
289923,24.787816044606352
172353,23.97493520574931
32976,15.831040477577591
185993,20.768943065509923
161283,39.9252401209508
250156,19.049921191525193
138213,16.199117142362343
37040,13.539526762477106
80468,25.52962280632537
278681,22.36023951982719
189493,21.481873562280345
67497,20.728686316343463
187986,19.648636040752766
89249,30.49360352071661
73979,26.651168588230796
94395,26.554466909923462
126251,22.449861278071474
155739,15.524782997152727
225671,32.726330474944604
124195,35.0719884404751
40538,25.571210963104424
211653,22.537790757369184
197005,36.153061833217045
297235,14.877602970382139
30087,17.639121283932063
137902,19.033971847169642
232578,25.339110609154936
104983,23.291028941271133
274394,26.054279353839497
81894,22.12033882557194
272454,25.29915391300489
136493,24.888278849657276
162221,15.275477812824732
276571,15.864682944917345
202492,22.05570351018351
228750,18.50436591437243
163512,16.73374102779388
208575,24.025406904805905
34045,28.47626412745775
61699,15.015802214253634
199947,50.127515135151874
118689,21.345076510329427
53227,21.541708269547254
55814,28.369656435104776
39125,17.309070536691955
84861,16.605582641601448
11103,19.01708928628647
91039,9.396771269569726
284183,20.60415284458914
166255,27.245095019093856
3902,20.915148700593498
119271,20.698772852881056
264790,19.504469036944208
191680,14.834132491946743
259769,18.353117246158394
114605,15.562799350797468
98739,16.1464177142969
115710,21.589524798332185
204284,16.707494017595202
85570,16.81625183044948
201780,21.07023587056943
240557,15.145623333605304
233956,32.94698866055883
272237,70.43907596109452
113575,28.65677573395262
183900,15.177018521218477
297192,14.237498860665244
216303,21.992684903849945
78472,22.343219014737798
214306,29.75803494464312
282004,20.489886215500285
13466,24.581122107035675
18472,28.848728345890795
138540,18.526284721676685
288154,20.894752046512718
290436,17.28145815372895
200247,52.98818268537343
184578,26.591315109886857
229699,20.038550232763576
197610,16.714270191383516
68547,20.92299617480112
109217,23.544773113371445
119099,28.7074983147405
164392,19.872187094542046
243130,20.953549709078708
229730,26.528945887954343
226955,25.276823117756436
228145,29.90253454477343
271415,26.851337646588814
275139,13.259430666150731
18214,21.22185343542993
208498,19.677266948685986
287590,16.370448567282164
4042,63.10823824995648
35520,28.505587468997334
182448,30.954889193343668
287806,19.309420213418168
81920,19.262147373964364
187107,12.260033553572299
43628,12.7635445342145
88901,25.51319724192329
292353,24.296043644998633
268160,28.521761504870547
280290,13.867907993922762
163322,19.16594627889495
247397,13.608409990316428
33180,14.095243163157438
134275,19.077435715699448
235945,23.212935777634744
9777,25.737524135569423
160537,13.430744630475129
198922,21.613314999997847
61165,30.68343489367225
246047,20.78928695487814
79067,26.936641473912935
223954,25.301498800666273
86878,27.236076825673923
202032,28.52664811496829
124312,20.734991961984186
175394,18.745864087817516
231487,15.394660454413676
214761,21.414514775437873
147487,10.964222189116251
182999,30.933582299763696
122833,36.2625989041711
230247,18.00499899892072
226115,22.645280467837186
128484,33.615478375042606
295978,16.58869808719288
64685,16.848681032555785
137685,15.380778925198276
151880,25.89270293027
12428,25.107843812531755
97697,11.81160271198205
294354,29.94403221585543
190138,18.453377029627223
36878,30.114719075046253
226197,18.533653123814208
71339,19.71638901317407
26154,20.506238319082385
30992,14.406401376915989
88034,21.802953651075356
82828,19.73350258603858
24977,17.9958198033725
293154,27.243275603264312
116154,25.55961636526243
91497,22.400206169621732
204709,30.875776330654947
284540,18.376137941046757
135112,26.917044837658985
283864,16.644786059033684
149575,15.449015598398788
213419,21.93132927746644
196010,22.16527846042591
195455,43.44278264314242
94079,13.336434453881958
61349,20.44991782233938
194190,30.72808981214853
257795,21.21481434279019
89103,11.826482437698955
7501,27.823552115952943
66973,15.468727842263695
187455,13.13397260214146
38691,34.888843520449974
7313,35.32399427203279
72640,20.99355636675772
57834,16.927556817026037
295036,15.579020682971862
18849,67.06802004448237
157726,17.19715615123111
255062,21.021162478064618
31818,20.340623772854915
273756,23.88620783178849
159864,16.131220930552093
89220,19.82355887266592
171248,20.31605878334451
281005,18.512648385439526
226602,30.439767645511203
26681,25.72780014663372
102646,21.171568145104068
110607,26.37093046236339
5817,23.818383305013963
59194,37.358140317306315
6040,28.974830949553382
96362,13.036223468151888
224281,19.483111143071522
270620,12.88679115739662
33000,15.64761725357541
204922,14.029419246964789
120431,15.784146167726282
10751,36.957105099251976
264346,33.06311939831126
141397,26.730220119773882
75147,19.8784939725693
228916,39.027138609438694
57104,19.23477464071086
96937,23.799497628122673
89608,16.557102047594174
252868,27.267292939666863
212055,21.561492517307595
284743,11.886064009944901
269825,23.269181141085852
15583,22.604395184134916
230330,19.15757076983013
80491,14.64666378029384
246645,18.961516733500225
67442,17.227179280533125
84027,20.30308738379107
193879,18.30503869843843
251612,12.795617396926213
294843,15.093349813294912
165223,15.290205218689518
89245,15.518127303528406
30498,12.092732235797737
219520,22.705227055592463
80414,18.562718807066542
117254,32.948183102999494
213079,32.85050100152354
121736,17.478449343718495
72802,25.496764996878102
131447,22.668659954814636
127033,30.789491902371047
8002,24.380293819465294
271989,17.48634758958878
77027,22.199820082559963
177936,26.236321276676193
107397,25.351357910774368
196285,46.148146813128015
176214,12.348495336320187
227970,22.0173331301899
297156,20.60667793472456
219753,27.435714283525794
58430,28.20188544718052
159159,19.825255105872618
287778,16.158094795254968
36290,22.936673702454414
218184,18.494587629923664
286371,27.536459622214984
218633,27.683460367741084
106099,21.416854916669415
34677,21.427131115856156
2437,66.4195157972495
118867,24.167858521566238
137461,24.94629847336055
155704,26.698138919785947
265097,19.47494750869586
204987,23.201124540731744
63326,16.721288888290587
287767,17.693153369560594
58974,31.28647680101214
79014,15.986160100472915
33817,19.99761231927961
124029,26.561655079865414
1272,11.400921891753821
256987,24.317996018048966
230884,15.614399867289738
75473,18.905715582980616
76951,14.429517783172306
245860,16.39160942231448
117148,23.888771125768596
246660,18.411701531066
102778,27.232062406471794
66120,17.166718026310505
228489,22.153721659259254
199244,27.28335217022029
199840,23.58032905388737
291088,24.065561114752178
230243,14.293678069454671
47365,34.89082794333951
68582,25.708428138884084
88784,14.344664430289182
259855,14.658334411889268
198119,18.7187673110026
2358,68.33352956434658
2039,47.45899855675939
218450,24.69164174687569
265393,20.189882725085475
276853,19.147038584965838
96321,31.96662929225522
238361,40.74674985139428
124565,16.679305733892075
234064,33.40778704480041
252940,14.671304124505491
128456,20.49252340743633
199916,18.11320865211712
264337,24.64548289535265
159299,15.688394033535179
79974,17.723762945399404
291998,27.93308388009428
295073,22.9799822534699
75370,21.37239926867223
261733,27.46796675763418
277280,16.010453669083795
80946,19.062074538463524
117101,25.662005935074564
42497,15.853099778217025
98736,19.353231597693622
14537,19.95077981173252
117331,16.522904603328517
80511,33.561428665625975
147006,47.07857684682498
99672,18.453414446884512
122336,20.37102565391907
70359,19.816652589588788
261663,17.237560520373982
165861,34.167730762484574
42651,27.090762739479487
225543,20.895351165386902
150802,18.058192635860237
221300,21.959099514495463
202282,22.824278010659427
23096,14.892661711008392
199372,15.377628536956049
49496,15.781925450458601
104,22.69395351804799
117000,21.522568092794295
33819,19.165585054642882
144906,54.82158360975886
286282,20.525132936673828
66787,32.14050288738131
18656,39.92959243071026
23886,20.092909384535073
275800,15.314208043314892
198912,13.357982792653448
289000,17.603948404820557
83198,11.728462759158544
282128,21.126342956529037
70152,29.92218626838571
119395,21.03961428820007
125667,24.76602828585896
71514,19.547455969293477
67534,23.80556518166317
271533,26.486710850071965
40707,28.199369026438593
157940,24.524985861007227
99925,22.745901757160567
35447,15.20488314319608
121747,18.862923447159837
39957,15.792374444262922
253023,27.72315801471229
151955,17.55354583935489
131010,14.693139318399384
147672,69.52706653090294
260927,18.58507415216375
140714,17.779164509783033
274278,18.85623039069382
40187,19.794134263697334
290750,20.926289628291382
185537,17.761987362638013
82300,14.11513916355118
97887,18.283936937162032
37373,29.939170918456853
225080,29.680191460807748
274036,23.598708430064615
177410,31.484662713812487
186260,12.502248201597164
203806,21.996369854349958
230345,28.634634242144568
143046,26.29131200772419
159563,25.566695550823603
145687,58.65863389704087
233191,17.264645374654485
49470,25.606548344443848
24556,39.537039923513596
281223,19.126338724541743
185545,21.67772759803859
91310,17.337407173315974
128653,21.95218603686822
29734,14.012863917200253
94679,15.251427977608927
143092,38.903835130879926
138833,25.53624028723178
88071,23.64187857911703
251304,14.139542050851201
254403,19.030278952571567
254150,17.30769754675693
257610,23.202308853298952
29268,28.31550696472133
36148,21.021162478064618
79202,13.672129899352488
295219,20.468458428211004
55475,27.68145907919246
298371,17.50646546282651
252106,14.294470647368076
63071,16.860694757378607
297534,22.75730159893086
111843,33.38554050889605
265467,14.865238271045945
170302,18.30569423989015
222353,29.368700318136156
58043,31.380139793690706
156241,27.895060009484514
99994,20.49134727391794
205,16.412357271428867
256277,13.27841712171563
231458,15.206058363845608
7844,22.059523437198244
60073,26.435850312731315
82951,17.09976287332608
187657,18.173329805537143
88041,17.15413512891419
286242,20.73049496377024
13316,30.532656997812172
53193,15.65218562784836
33404,12.048360740414289
272402,19.23709029584843
214310,25.219309341090852
28454,15.448019380963569
167960,21.303508429921813
32800,21.67829687756238
115638,21.720178733697843
64911,23.744994282927195
168608,31.91997447234919
51119,39.449033521596846
29957,19.64126623267207
100416,22.94751840569019
158728,36.88003411490948
151948,16.440839043562924
19276,21.210539293934396
251562,13.899179299963786
141981,48.79359754292345
243335,22.57951312415603
136231,28.826571202438096
82668,34.62183921096441
216740,17.29152752827648
260431,26.598224389096554
297168,18.50772081831327
265513,26.37829928579975
287397,16.9735633962343
13185,18.82637946177215
38177,15.182595898770074
214722,23.283699060723094
287922,22.498614810183795
104632,18.08297949192435
77611,15.974003397790417
235894,23.286499000017386
224788,17.066754937019606
266840,17.920752822700898
233911,14.078742368724928
107962,18.614414369459173
108246,26.053620857505813
72065,30.186333621316074
268414,18.130782193899183
193653,28.061237406259664
232539,30.34545660782116
197039,26.93180248327776
259266,16.0688521951232
210651,21.48801600014577
288870,19.892024571652094
209697,28.76984229568667
106174,33.057400508655725
260728,14.147362177818817
281442,26.18340457782103
148388,52.66139719680494
243116,23.23742461164587
99518,31.64275622293012
237376,31.004298475417677
33014,13.524349188194737
139683,28.76205457003079
228902,21.353900422935347
62192,17.079593460326087
103611,20.55285990565914
134666,21.019527229985325
27605,8.978324866373045
39208,15.91639762936992
9192,20.93932577559913
284942,16.413393806368912
249352,30.33131226281116
22625,22.62496240505316
255196,35.79720304348474
223024,23.69822997020804
204592,15.74562348025599
237343,25.573575251608293
250602,19.09575299330915
40867,22.182951050488647
20366,50.84852149254875
225234,22.901857183238754
61990,32.444806451577776
79568,24.408529187098118
232250,52.93890814139121
133210,12.851218018058663
121427,21.38743632928837
41125,33.15414035156993
269277,22.06204177848114
87049,26.860803877733407
291800,19.07522668000137
70367,15.416763331272728
246076,23.157519633186773
32925,20.868086819939403
87571,22.048798265178128
179766,15.120112907356802
176975,38.23877507739986
172451,14.976042601789658
180833,18.557531508761052
71352,22.468894610286426
57355,28.220313981616506
26078,17.82849303931755
133259,27.22689027729287
133675,23.003210640721925
83701,20.151726703751862
60342,13.652900483441794
80506,17.37561108008415
175749,21.94534559846044
50037,23.778854759631518
120138,16.05968535305223
14573,21.051146838186945
197825,14.639764146315986
69736,26.081116644070732
111909,13.714941231233945
106119,38.05208101366248
161678,31.37589194905671
9666,35.53657551443642
107457,27.637296036093517
290553,18.786086044531107
149139,71.58420506605921
277035,14.852053082954706
119382,14.238094904222578
160772,27.962421805864828
78790,14.425866552998158
88340,14.491123648342883
274793,26.303814811293297
227167,32.19056466788132
102113,25.306607582390136
105336,20.925482019288275
30810,14.943405043966402
93810,21.795331964696285
291928,23.75914739102002
45126,22.713096122452075
272414,28.837844391294187
225773,28.43391051887999
123486,27.120488775038105
60487,21.95614168467062
35513,27.68324851575026
52178,33.09105159499707
215280,20.594837562072954
10111,26.751219256777393
46018,12.187000391465237
240018,22.630513560426643
79556,20.698234129160696
64490,27.12852276677479
118154,24.903101100191513
20216,55.675724522277996
256971,25.82151362789066
86468,22.116716635530253
184525,14.553216131419296
248419,17.586290916354837
108844,41.411877143251346
89764,12.57766697105069
263004,34.55931047399404
50217,15.537714756304771
91965,22.80941878137697
5391,21.728834486867683
216372,12.821551016985698
289200,19.669143438053002
135383,13.507011699796134
82149,11.085690171758646
226356,13.600122056760913
66291,30.96954765894613
101461,29.069853385662032
58980,17.452712237277176
189871,23.099204356672146
137112,18.67786157804964
162435,14.186781594537257
191144,13.6866501083969
258515,16.136127357158223
73475,36.66424940211944
171181,18.080737267845755
13802,28.1707318190494
181863,20.874933912840014
63907,30.55741995348413
279972,29.145847783368993
194828,26.30283001307855
104878,18.10798344893956
295246,24.90059649478124
285135,18.069460815534224
4105,69.55917012902975
267901,19.972100593936773
108182,20.98786960961819
173940,16.872005083238687
196120,21.351100741950336
147172,43.82474174560365
92242,15.634434007662986
131069,17.185075719168402
222668,31.82724510573727
29432,15.030237213029249
25513,24.279719734149733
109838,16.890769871686338
63691,18.002794614048675
110988,29.438203421172922
103937,16.538421394606107
279904,19.8433594415794
203606,33.30017192142658
287173,23.29665280244255
241698,24.96533985695446
75046,28.060656411993392
116815,20.023926763889683
272315,20.134151727086973
224840,12.508153764396216
197139,28.053353094052984
150874,17.876591483583972
190495,14.293678069454671
117825,17.560429022859733
167953,18.436083644793015
209911,13.47397986243988
96260,43.698467032186926
204978,21.684684093781602
151154,17.75423602197737
200052,23.014578652874043
21165,18.20350644941785
66895,24.211632180032762
42383,16.470272816952285
286065,21.590870987374597
140854,16.650896102734205
245586,26.99327605853904
194657,20.061655891328723
251117,14.033719220037643
237302,20.368026517005624
77045,28.379332688452894
241200,31.922598485131225
151757,30.896413678892525
68205,15.439012871950656
75478,29.02704482039544
191639,20.11751420070573
184547,15.487307925231244
63176,40.03360690125699
107131,37.83379825753494
108522,18.940647726321515
218192,19.378649919375597
7743,32.902126459906995
299356,28.76205457003079
88588,16.663234520677598
97033,13.91210790285989
225699,23.446388971464962
277435,17.884220898463326
194585,16.210197626914585
73032,13.593776847480484
271888,14.268538345915289
290490,24.46248635622568
196884,17.769509409614354
237226,28.568497212600157
96639,16.3008208901947
108025,38.667833119294464
238449,23.942472803955674
70158,19.041952986028626
133267,18.433284192174767
293997,26.26070702096025
228821,29.676851282593237
161823,20.562203805252757
164157,22.22757911327264
267737,22.622197885179876
219417,17.472450007588275
198752,23.4167698218178
220589,14.910673331189916
296451,19.565037930323538
252887,25.217487666943317
256396,26.466896507746593
21574,19.87868358366321
53686,20.567222892187043
119669,23.11553420942887
165800,14.82600183024341
91694,38.12928258641012
184421,23.517387544891726
131487,32.359165963543525
241454,15.22480233830404
103489,17.20067404478133
80753,26.728355713620367
57517,34.24635568480707
164015,21.26674870624591
187808,22.087973567361196
71062,18.868058500037904
202221,41.33566102577983
66191,22.914839462020264
202468,23.592154802022517
78742,18.445368560254767
42258,14.738298353980321
146307,17.45457024896704
237914,25.0628965930619
133839,24.47373185447653
64503,26.887497766774793
116023,28.591393934970984
263986,19.679252758101352
110635,17.834026922455283
4699,19.097175815661718
191400,28.977131671444415
28973,15.182595898770074
171605,30.34773427707112
102697,17.54548528925589
239705,52.064524541376365
130058,24.27063306498585
1855,45.09554654773443
287316,14.60522893029113
153238,18.47086834494256
148523,48.778096176142526
48457,17.60366172085785
281115,17.762676458117404
195043,14.84388048344179
130172,25.287815779700644
269238,23.630299235280436
256893,23.51885625203842
236269,28.37355721740529
264740,20.233794854481225
296278,23.82927494525943
219952,19.99925265122952
248361,23.77173518445254
272848,39.70812971326571
6667,23.763820346354883
237274,18.711548989417317
15378,25.370298077194402
15835,17.41539778807795
45028,17.24903902848273
174731,20.515964536375627
172536,19.362995844100844
232465,24.696690892777088
148641,53.08795527607465
151627,14.8606483146768
42027,9.760941544599913
292696,16.576229506352483
247069,32.55772236062291
202753,12.115704068106982
53676,17.022693990884992
234493,17.72177976658596
276665,24.63848512713731
294427,22.386514299750054
144506,21.473617471344607
48553,16.473472527090244
19864,52.91980068811834
91978,33.78739327051186
141996,38.37491543335567
66229,31.585488356523246
148858,26.014451524998275
193523,20.339188088008477
74584,35.21549522206217
262178,32.58152631455723
234656,26.880629196698134
255127,14.49054682378139
166373,30.697308026136085
144552,19.273620818610986
265846,19.90586885771351
53666,25.090060926893027
161372,17.958127414045638
155077,19.739946023977335
162863,12.983312136521823
283062,30.699819552747478
226794,28.941100529589978
27237,20.512840833916314
278325,27.34852717022029
159058,30.126788282587587
80503,18.95383189075094
209175,25.916759467183653
197306,21.894978400516724
44492,25.2014886611543
18690,28.282474393523927
214786,24.695364398103862
156907,20.90385860365847
194620,29.077132365768676
83668,14.001347999407091
252347,16.887093971369634
239031,23.723459573573045
285924,24.13021626626046
16466,17.37524540994463
138703,24.441791156237862
87137,19.928393560753406
80777,28.74001686774063
22994,27.71616186224792
205954,19.836320262382863
107885,24.524985861007227
17663,28.245177008152815
78920,23.560819830187693
32224,24.247076672741624
142604,22.870241432624073
296382,24.646934167890105
285455,13.801527793158652
95200,24.03536220677241
232917,36.27617527998089
294874,24.33277005756267
182488,13.500257380334963
143856,74.34786392323605
51963,20.801728211161958
14045,22.82778947893548
170301,19.432092482200886
73651,16.365561186726257
80438,14.75109613041371
53888,34.728113654524385
239100,28.88111367185852
673,18.98539881899473
52697,15.110986078697659
67412,15.0370462291996
199588,17.16412560930466
293354,22.13727766580442
98514,23.772921311256585
268399,42.43152290756181
47007,18.305335618752892
99567,26.815936821952455
289722,19.157090944633616
82530,20.90385860365847
76717,11.756315787373316
87205,15.110190473571535
1774,59.84735135205673
95218,22.439050786716717
292164,26.699226623171143
232104,21.823528064714274
213362,20.070840701821844
51739,26.653207373394856
80351,16.802526727551065
17907,21.17119534230393
3337,21.004866144144156
142426,78.69205307041202
213335,16.452437438936077
258856,21.31910403549076
172827,20.558952261789663
101686,25.761547341312887
132202,29.52852429161022
32521,16.697950861033647
164254,26.986894798696664
275390,33.415769447889446
7134,28.207506466141428
197248,26.097885382655313
253968,17.016700300212353
86806,11.997926985003076
154790,37.55209606694685
244944,21.368047413341223
99043,30.886130732492752
295868,12.912193491937344
139829,24.460793863492242
246094,20.921540218325497
162690,20.36682698265921
139650,22.219202354522608
257102,21.296065606931812
218696,13.055064578040028
187246,28.042878423079095
80336,29.135664584461843
92339,27.658196111470552
152915,15.71555429962957
54988,16.09409986557845
11224,21.56112595336792
245887,22.542597056739588
85477,34.576810861572255
292447,16.320821416255427
17779,18.827274291456895
27796,21.688784980959866
177592,24.564737526409335
115310,15.934848787080512
220198,14.405959502275289
284452,18.505580012730142
170761,13.968673305106119
69605,17.57152374287221
142149,50.468562535389545
151684,17.031661410172564
94927,22.748287007270722
216426,23.759471155237385
296074,16.635883243492053
17437,31.93807887144423
149892,28.68751647467144
213462,21.239302605673466
91903,26.98325157628729
244106,26.363369074757127
291986,19.835998013594708
117896,21.834973227472567
272213,14.934963630295448
107033,21.30329524550465
269477,17.966041230308058
115567,30.29887754367225
78510,36.06729334138519
222958,31.043337436437536
232939,21.947170028302743
276759,15.899109553715476
100176,34.385749024833814
173902,17.69042251467655
45235,26.087146397388274
10663,24.58737851994252
56938,20.00229478279014
186570,19.364293055481628
193062,16.661967256734314
232424,28.373474919232724
114797,28.86173411580726
288082,40.67056570174275
295654,13.96068908972209
269197,18.934668049352233
37017,15.248021469522962
284911,20.56590525726801
116966,26.985060124594902
784,26.02977901541732
55942,24.945997041398705
208202,37.441856532160884
263155,17.26293141963333
175222,19.603860520795585
273428,14.04251206799238
148743,59.95922445273182
239863,31.364451328746338
167709,26.625930712920116
24440,17.0197882713923
158113,25.408109922567814
270494,18.05340053375605
161610,23.256920202131436
111950,19.982965417941934
48291,23.82927494525943
293771,22.77920655538448
155226,32.84363452433875
295850,14.317514541600811
120073,19.75856625136048
22941,18.433284192174767
63061,23.480718432358493
82428,14.550584206743503
45299,16.96229978298681
82847,15.376319367951975
54379,16.88061397300545
22533,25.747078676056038
71525,16.96747966345327
84624,19.556321845227092
83065,31.45485051477616
148187,19.294283643281492
18254,33.56570285078697
58587,32.08054839542899
34308,21.667799365263342
247384,27.719601678031303
266413,21.325214397521425
20600,24.00231346310443
106389,20.406409360548764
264449,23.164223646732022
73805,32.78994138432726
297860,17.29624787250524
231277,20.110868243452842
98087,16.22793975925625
116048,31.058989251171443
140211,27.318308440932366
62929,21.05054728331307
7035,17.19715615123111
262203,17.25354138255974
4760,32.5423614958607
38359,20.31649691674136
97898,16.071100346066512
174559,19.261196856084176
94971,24.79038976899265
260119,15.039608942826902
232238,28.432021791675634
273212,15.474414687740843
244407,18.15603598368094
292759,17.474073603738027
49131,15.86229225105219
191730,16.53468411306914
233750,19.06804250240639
117266,33.38744404798284
264414,17.993329854734327
117161,21.346805465164756
206012,13.349212815722563
214051,14.729277783876011
167550,19.40736646028308
100478,29.044638299576672
1501,14.236144932850143
212370,20.256665160518928
123555,19.045656212292293
33696,20.87558430682942
77306,38.17690500123524
33210,21.466586068075365
20114,21.590122269778863
47085,21.844550815817897
194575,21.864801137027644
23940,31.558404336101823
268830,28.201053855669407
278745,35.95451907261416
226007,18.38604522660203
111744,25.784710576273387
107778,47.14633693702005
282701,18.8148374089698
261661,13.83844673947272
264094,30.273834877514787
273410,18.769438411905654
258309,16.67461919207334
295480,19.972594400620224
253287,22.940879460497957
179114,18.260061341582922
209513,20.785986043909013
227280,18.57061878535086
228478,25.234369386607675
295017,40.49953548588644
298261,16.119420990644535
261647,29.12695228174143
95702,53.73413373127251
69427,16.35052800952885
254998,27.919207072392982
287948,17.17214797844796
256715,32.72218733506776
67389,13.621749547078107
92907,23.3360147806478
268645,16.199065720277993
83899,29.948146934594767
266076,34.290385789049076
270261,13.614728966171905
217979,33.188222801519146
129644,19.710915988779707
236537,17.908610029816817
131812,14.86959741320383
274433,26.11796019061317
153456,12.989264605658164
234678,21.39216222244582
293739,19.38727030155087
158677,10.184545539077106
39732,25.517048834511975
192482,19.82755042059084
150185,10.9777567981946
287060,15.727190841388424
168604,15.740668881284503
233659,18.4878239850725
29497,13.910261089763015
42437,20.69353928949692
167142,51.26126841960312
255343,18.787025680070947
234740,20.10172028802461
146675,49.29882257712662
44100,27.148918889187996
101331,24.475015020274224
226699,22.927631102702044
135785,29.84062345173882
10121,18.21599420957121
248340,18.01505337736937
296207,20.145901712254222
279775,23.442591677567645
152339,38.68427888674465
135756,26.246771647681538
231464,18.89054417999189
67496,28.652602445473327
70624,15.331650040605917
10198,16.613733879481373
219582,18.111751050722045
221610,19.43409385493016
195385,57.92302912658998
52365,19.781524012273287
105059,23.364808699923028
140752,19.78942332625447
198989,14.522443990994185
100758,18.76545871450968
64313,28.9687245229719
212250,39.76370382899243
246018,22.979003901032502
119645,15.12267999690306
219119,20.208887308579932
87352,39.131727109314184
53239,21.282067035645138
60339,22.67381824580483
247457,38.117729272138
115463,18.21359531658218
285108,32.548507016322404
97166,18.30825965715352
38495,30.856215205027173
1209,21.234897768951654
268495,35.37721343326994
265249,16.799328162728465
23872,32.54453042084585
178705,37.65319202636897
266763,12.124217282624182
294441,19.483691792218817
284244,23.932028873926146
167497,30.145555130585194
240572,26.03315894097945
202407,25.707808047987136
16188,20.37746607726243
36401,22.325819937250984
297768,21.61083573665447
113912,18.82409516061264
185282,20.856554871525592
295926,19.08377444521603
79976,17.649592058138346
87114,12.260033553572299
227690,27.265088374339257
189640,17.951446689652784
133230,22.843477595314653
215574,12.569511176367934
151544,22.487559389979754
196905,29.441728609003594
286593,15.24572661020612
176820,20.199393858113275
125208,18.377141759267968
248428,19.577038189878298
40075,13.052507088465939
226143,16.894137756331382
188158,20.745449535092387
104086,26.066980279931744
186392,21.2047751666555
99488,22.61949099642495
62783,17.584096461024664
67099,44.83206800501984
297069,27.681798294853564
221768,23.92791659269398
199256,14.393649758171563
131773,39.37526975658606
202173,23.319565223749624
181635,15.610842144157681
90519,13.46953963276798
191753,20.24040904477427
198393,15.343383182017694
254384,16.718397800350992
173278,17.60366172085785
247525,17.58053240307543
92375,23.20983451750328
11844,16.124591609087187
61764,22.587073954056592
171976,11.871292710174568
185315,12.770469435306333
177016,17.586291326483085
290775,20.251126089031384
287412,15.697086406006402
86770,33.615478375042606
13982,21.671987534744186
185328,22.07717891029187
10138,18.59157803709203
161620,15.560335786998513
33530,16.11818568053922
152558,33.807812350976086
218382,31.394661620444218
53073,10.409901897021992
198756,16.60192622812184
139306,12.473075083891105
138330,17.296257710532124
32657,26.755585108575247
2590,48.507954518213246
141329,26.94448548749803
115694,18.093701825373422
101025,29.82913669619628
130051,15.180366556692325
113270,19.565037930323538
295056,15.137264178301937
62016,20.19138712532003
217082,26.59690302339235
59180,18.016602252195174
41601,15.986160100472915
43592,25.76488641117053
198011,20.41965472887488
102423,18.828456655776645
22363,15.454573638568746
185419,20.076229150672347
55357,16.64721355114882
275694,24.18065985695446
42175,13.051922292247742
178469,26.674352202749866
45986,35.45629174341523
5026,25.334244957916233
292152,21.031949569982224
209956,24.214824613191603
178771,27.162805035811772
171584,24.09441437132582
201609,24.649673019524847
131592,21.26808543694505
281931,14.9128339400383
169930,16.614617780078007
46704,23.514645825069724
95796,11.825456885597418
50488,51.221480493275564
183849,16.66309664457945
25752,14.98056733464712
238303,21.239268794263296
204937,21.81053614408891
188952,17.591764195945856
68935,16.833671607007897
121600,27.792429654232052
119843,28.749707205655504
23992,15.004403620192818
244153,19.069242602371745
42862,16.891998394433973
130180,39.615895051673284
108588,24.859473946435738
218808,24.171766478597245
4858,31.364720661616964
275410,35.34786861131785
11260,16.672911376961036
37820,18.89894355851162
156561,27.25775143771707
75978,16.575762684533004
236530,14.184354241466588
172638,17.15339090962151
32679,17.278092437583155
193034,13.558470087055053
200509,27.981045607069383
269038,29.003383071134987
65667,24.394807965342274
216106,29.060482613311326
131494,24.49901512990859
171571,29.109694251210833
8823,22.361326853386227
143004,27.57114577288869
203116,27.243711916828307
223409,22.697308491014788
157588,20.429667810810827
288037,27.16953366880025
10987,36.18947239426336
254308,26.786853628853823
123712,56.54892990287741
291896,18.469054415192055
49903,20.332973321591734
233946,30.37001902569163
168190,17.952318498432458
219405,26.797336223678435
881,15.219407649464094
8179,23.563141001539172
61872,15.182595898770074
291269,18.506160346904288
228459,20.629714726139763
169714,28.888250026166844
295954,15.434873468765435
60235,27.249282353324542
238853,24.474586104848424
264317,16.597084588228306
102534,25.72577985831335
38836,26.72361287914024
186981,21.453453635744143
102032,26.102633896833844
176665,20.769137496842966
226489,34.99432750791649
281865,16.33807599207687
250058,14.640421367793797
104775,13.342924723472686
257024,19.741482171570688
269294,19.456946369869616
157071,28.19106747708121
294136,19.598387010570434
111067,14.627890280577276
161031,25.972914333416476
175877,20.56071053861167
169677,20.85716797446347
148079,15.509144857598335
188710,17.363875877054717
19597,21.115708844190934
130097,20.236710638887995
148211,17.512484830367608
118740,39.43899075815644
217283,20.052697400557786
96224,28.025848304429406
266117,26.30031644304226
239366,38.88848067399401
16708,46.41217155190968
143578,39.427920833477174
193341,21.043827534112445
122088,16.39684929954266
209581,17.297636607262156
170546,19.746950450532616
205555,22.83478617905438
153040,14.811970808063574
3677,25.979935351223446
277124,23.87010437395519
243340,13.086749509592
67747,24.378555176711455
186419,24.805164947060007
159502,24.569269581571273
258869,19.00204177617253
39997,18.31711114282499
9129,19.766606125401665
112098,24.60065773056917
169760,26.20036010942801
77127,13.44802523375516
56366,23.28411149773089
16840,17.757985876326465
67548,30.749959100718577
198454,25.5842755933423
164440,28.492046028800292
80745,25.702673000261306
198595,16.866906137332847
227981,17.872796133628107
113521,26.0392956258176
213455,35.250391571227674
72861,15.088407485166291
287454,17.8736380591799
35902,22.44618306681968
85082,24.74728864373738
225509,14.490891922255084
12088,21.504903800873798
11983,20.1134552540041
253754,23.387217318056962
285382,20.46190385265031
138622,16.87548769136896
54478,18.836526638457357
2465,52.748627482845606
52911,20.770330442721114
88603,20.81271809413608
245657,17.239158165382555
147429,52.676241158111246
72061,35.68549827203268
273230,19.70752608301375
142670,46.26484123813135
149716,47.42472249316164
211320,29.574032986275462
202861,22.127743679703862
131710,16.82189677418925
252475,20.117542970979436
147902,47.31134908783292
216068,16.41471177851586
207043,15.047542732916861
18038,67.68248040657456
166966,19.86107337428758
162174,10.227195819405573
21690,22.610539977937126
39273,23.508368812561176
157180,23.60674033888316
132819,33.615478375042606
230529,23.367221585345128
111584,23.419085666229293
142789,38.244276991144844
198869,13.659159586478552
189925,16.629621153789785
36260,21.167946278564557
205582,26.877884009245783
151543,22.768294228713522
190182,27.32707805064141
268499,24.935669002361937
47697,19.095577102925297
282465,15.179183301037039
84189,15.756319643925735
55229,21.769918608135676
186653,18.43873271696622
185591,14.967768026991632
284053,21.49107047727489
182921,16.112387524255357
17292,23.391070846088034
28033,14.412902118369356
212000,26.630700272404862
161819,24.559336723872388
164386,15.43685156798115
261191,13.330502224449663
226789,19.313019761466396
242908,16.63386035989099
98517,21.665942547968847
279793,18.813728486806312
65637,12.396423639698803
207689,28.356213420937685
146166,16.006811137048807
243743,24.048722220844006
279138,30.873179777514782
13792,20.87620280512315
153153,20.611622373329816
171506,20.094025250074694
264419,17.993329854734327
148082,16.83162998434803
167380,12.31912902941327
205248,18.61329665150038
268445,20.923127774166307
273604,12.231117996762304
192307,54.51154315286593
449,21.663732954306347
166504,20.36346478252331
11142,36.10191228287782
205744,18.883174006410606
224816,17.428411825882353
212332,26.202553692234687
168127,20.55379586674495
217434,23.855082381063887
237504,20.101016660481786
167226,16.48445684592534
177731,14.461636513473882
297154,17.77885352029315
147348,69.1876377784323
209806,23.100952197220664
234851,17.983660865645483
14616,27.252840036549735
55517,23.13769699971042
146342,28.303393106955333
185939,23.477043302552364
41193,16.488865016680723
279241,35.35628867418031
33952,24.64451472757069
200590,27.34011290421459
48004,12.569808212941828
57742,20.736866412210173
21276,27.54392168717471
280917,13.979501855244314
234413,23.274954252069655
115279,28.68243133759763
91117,24.259649925133687
176224,21.237464797102962
169847,12.733957433452606
219445,40.39387590610399
60326,34.01970701760068
261696,14.37495062128183
13406,15.283848007404316
211931,22.93293208309895
91664,20.891505580182972
146787,29.99198679861654
54316,14.219048583317436
83156,20.822761042691262
266883,30.9729859425669
45809,21.556230058470682
88163,23.300153262893787
121319,13.665495384753518
70967,30.209030887997585
297492,13.71132564373023
72897,27.94382944632961
98693,21.798249650749362
18810,37.11360600642969
27202,14.560754001857669
100430,18.431638763989504
143059,19.18613056318498
242979,21.641535990146316
46909,18.244861495541905
27934,21.45139402045232
233605,30.528000346052657
179871,18.141144134246485
57005,17.936031866171284
34120,27.5238331289168
105484,23.380551173573927
68607,15.609817750861476
30817,33.512325394846094
157578,18.161020312907358
4727,18.891573340391183
237309,23.807459510870736
147251,44.93724676274054
128936,22.19971742263969
271963,20.994445907155765
128767,16.955184347312382
74188,29.673062262811165
186618,13.79096118282844
43968,32.98725572975543
80256,16.827720469440795
50301,24.827171701952782
18602,13.416917544575679
143885,44.66397289152471
278660,16.52910933971899
106851,19.815698071920202
221150,15.52724263906388
120408,12.481644953799409
279917,17.34836708292717
94999,22.897656901256507
135581,40.74263690408735
170017,29.4887479994156
232884,19.43789969879606
240667,18.755257839313302
192472,32.066185247229875
20271,53.14393033319743
15966,12.952255584321808
192347,21.125686499707996
149006,11.603138962868687
56682,29.437338936803787
143914,73.6840852556863
284117,16.339529509344395
11747,13.635678800155437
156762,18.012356093630597
43650,13.940703636929948
275191,20.884169691711904
149692,52.347845509156606
69907,14.985914121364075
34979,13.510823182717308
260560,25.886855175124516
298563,23.946360160171942
67382,18.831110837373526
220860,18.079923350893292
252702,25.90029343728846
149695,53.914011642744676
222647,19.602236255802175
294169,24.15869031950748
9257,28.365844356166683
280588,24.64548289535265
61618,14.828436397123166
199273,15.5298941334146
145501,74.52564071914937
60879,25.03817151838479
53829,22.01082738498351
150419,24.15532159180001
5088,74.76207184501034
192903,12.900669984089893
224678,20.113069444700905
238844,23.178349756192887
135626,20.53606948686769
240939,30.44493818677517
177898,24.937786937583336
58415,27.42707258174599
29267,30.23969387949221
2063,58.20478521021033
112852,28.919030584689022
255478,20.216410224405394
218992,30.74758493993695
89492,20.43962434186532
182275,16.213963227095828
184841,14.795997781145786
125533,12.128650887197429
246328,18.46729521891827
219510,15.026453262017819
289614,17.372536407250436
149565,22.536786837310697
112946,25.67758152321385
232414,20.010645554786898
212180,28.414016801874375
16477,21.0347947793832
187403,20.711024091382487
51782,23.590698509931013
56216,21.72989391029187
261660,22.364301285407514
213906,13.60854517205668
294063,20.33331967955202
261654,14.404693191734406
166512,31.530905240173446
103551,25.47922810885771
126520,19.676161188148406
221583,32.609904959933246
23919,25.027708698638396
154129,12.778603625824758
89689,11.931697417638038
148232,18.11737372896223
69467,13.19425527031957
32593,14.873618031474797
20127,36.82593084449003
133427,23.239393291380104
222108,28.312097602772518
100113,14.08182263504465
82849,14.368008467693375
84918,26.171721885433378
153301,24.31364071039497
209613,18.737717585245004
165169,15.138990854507801
200407,21.127778195425762
240186,14.789422216339597
249608,14.985675857958137
21893,19.525070584463304
29113,17.91266277341507
40454,26.751219256777393
190166,29.09520367272839
61659,22.641094275258766
40717,18.61463101273015
81405,16.722778292766087
89223,33.615478375042606
214718,29.269641198278755
52597,27.940143322609742
44811,19.22462333859801
253415,15.127946755176453
152824,21.86832083959039
152863,15.549926539355713
249347,30.33131226281116
268393,22.003501997820816
77044,15.764336790320602
221284,25.720958257475992
210360,28.282474393523927
295952,19.2528244319871
246933,27.909885603510258
233390,21.36710621028062
1553,31.15124180282654
176140,15.376319367951975
296206,14.469915276757328
237248,21.46548408689361
13038,14.0758343972956
3381,16.804584917538072
62540,16.91994049257587
135736,20.830099376698126
135876,17.687388567401083
135997,22.752759551438423
19316,41.598776560231435
116482,20.370783220186347
257606,15.97593176326022
69884,26.164791362201463
270656,20.66285945379311
36814,26.851642567517
171726,18.20895641782407
112214,14.824684129545224
149275,41.06821077067828
153357,11.586991379074275
48580,19.86911922176921
106485,25.346915499491537
35108,19.141306559437716
233967,32.78675955935875
198424,28.844900341410465
6204,36.06729334138519
262745,19.7829979304785
220233,22.452979967463378
79675,23.59137680553389
89224,16.749168883076756
48071,24.354277701449877
40199,26.838089049217167
50790,23.56009814476128
51085,21.956735501043436
42382,15.483117328185093
154246,22.30623017168031
279981,15.655714033102504
246506,22.52603276959443
167694,40.55283903774479
53648,27.57951498342259
294644,37.90846353375561
147449,34.43916793391864
188378,27.37659236020452
25846,16.306483139583936
206831,22.13375772313235
194906,29.07402904676427
69936,24.580687275699873
126687,11.38240827012523
72158,24.284322995511182
137448,20.384731612561872
188367,12.064145721588098
70342,13.572217314824758
74166,23.75153305749755
60591,19.33117799173998
255633,21.61574400044676
204701,33.80634768476898
15714,14.350013816218839
31039,42.03632672360741
167418,15.988787612672706
34268,13.282864286071032
26823,22.485637030937664
91715,25.436254904071134
38456,17.898055028837394
173062,16.284439833528204
239244,25.789654732078134
210985,23.146969302802887
29077,13.665809686880925
239258,23.99120324673126
20411,21.675692207643696
237480,20.88207359123393
297381,26.45493178123534
232621,24.334711913702062
49940,30.658435489828424
116757,21.058690219947003
232063,19.90444092444853
53480,18.378950140827072
4264,19.598884519356524
238909,25.94392700996781
163358,24.860600761953584
251774,19.65796165759509
95399,15.365005863845607
9642,37.322151060113356
295321,24.262156742570106
3558,17.15502484771173
267436,13.401864078876793
111566,27.141374307703614
207347,24.895034886575406
266975,16.721498694144255
178584,15.75535548121876
21235,20.036511160987878
196424,51.758345333291075
132770,18.606393133066785
179020,21.056901265107772
288762,16.772325746293085
240710,15.75616971281853
105737,20.18735609004485
43922,17.436310578658063
110699,25.159327350227407
198427,26.34996360544499
44124,14.795059712769751
70389,19.948818560306925
199559,26.74990099470056
110596,22.668659954814636
243163,30.818733113877318
135648,18.849980548460803
154769,22.42424948469692
95892,16.764364852124565
282671,19.75799248406789
269044,23.240686894559637
207307,24.97095855003
12693,23.89497305602836
230950,24.34605921726096
43840,14.693534892297553
3866,31.15124180282654
114509,21.584916148252944
248277,28.41779797271
289010,14.47031013718474
199748,14.732513743141155
284136,25.8519147315642
107415,15.398839675700913
112104,38.211911671228144
231951,22.422716018105927
179818,18.727914340285075
138670,18.419865084477916
293027,27.747395253891273
183006,16.87646869203451
13053,19.08709763586023
239431,12.195315563292457
292112,24.17807376772258
162832,29.08418248056521
107232,24.96567123323346
77671,15.325817106766541
266485,27.05973632424942
126869,14.64272134009702
44929,18.355456411086386
58244,15.602210859257422
176999,16.32743424525604
207692,18.191558204272955
151039,22.237724808786137
129824,23.782618085547075
178342,18.552041017446143
227767,31.018458931235237
97078,12.799969002593857
253489,27.229017717297097
157384,27.286780460527744
248347,16.698440591449053
259631,21.59661426350305
232827,29.078281666056206
1465,50.41217217804878
228711,22.518712117089244
70842,26.069830175124515
242371,22.708465736654478
191488,15.389071451383339
176346,18.62589548231828
251718,15.747507070383605
298564,18.730177242078405
131341,29.306696618788983
120802,20.991335631716403
142993,35.292293646212094
128009,16.12974850044771
198429,14.90729576952079
278909,22.040333451295
190806,43.836674056603876
173043,20.34156089995291
22165,24.805922603093546
295095,11.993556525919853
172463,15.416924274829459
281311,21.993045893743176
12642,27.613047911151693
50038,26.8520322541494
118287,25.594570059354034
31431,13.718278728640993
128668,26.72361287914024
206904,27.47586695386791
228793,27.891781268922404
112189,23.140648185941725
192924,36.812542616457755
101768,29.75355138076394
207320,23.39619894331927
249093,19.318933418262176
223201,20.292104845046516
75111,13.206843093194625
168093,13.491278846033646
227536,24.123825517436543
227747,42.38212152281183
187684,16.523916203707593
47029,30.544318436260227
342,17.038357940000616
172219,13.665809686880925
108347,20.511071638457352
169495,25.48930388175371
194350,21.162946270016285
70949,17.056179973535244
41725,28.257578053997918
58388,25.052054628069662
37589,13.937427060299067
93875,18.308471159948592
64798,13.385039131682479
101844,17.541014272129324
62227,21.636672196107753
99269,24.417804298967532
225452,27.746862946477915
183235,32.04528285586155
281533,19.890828145400246
26812,18.638737860980076
294217,19.019549204348575
164426,22.863575887997605
203276,13.904719950571462
84549,27.339446217048568
93853,17.29347177045588
215114,22.088168797384974
194504,15.629330866230305
224113,28.18226947575633
211131,29.997811260630385
253787,21.10791464357772
250340,30.91096099569962
35922,26.977645241866895
196358,39.9610984415764
24074,27.615555205186354
201230,20.827301784667675
119560,16.93048332952204
260268,21.605608837820977
215753,20.43620720915349
286004,21.803489201379183
206554,36.05670257810161
273861,17.49030285247361
264411,18.211039854734324
156682,21.341673532212404
115329,25.891764544580884
245179,22.14764960355961
59958,33.348899178902926
139852,42.52497698305319
67735,29.03905918866161
229754,17.547904408795272
116230,24.756802932119978
234490,10.45677190510504
42953,33.14801057617542
289020,18.84817708992186
172626,13.773975569231183
210372,22.895318278755873
263159,14.178733859332533
31527,18.64044605762179
258884,30.072853560072293
51255,24.83400533074425
128088,27.99173778253934
66464,17.6626359660967
70806,24.89913994321819
87887,17.32502737271632
294002,15.54054124612546
267299,17.9446278960527
223225,34.80977867293814
174630,14.244033656758404
107881,21.43919331572153
252497,13.993724633295212
232702,20.68099942427665
10584,15.54687192784397
52848,13.779411854106277
203314,29.557580220667226
145658,45.88000369327667
95840,24.465909940988524
194647,21.5694919689325
210461,22.895318278755873
150323,17.35885518638595
261572,19.985584717816057
179288,14.964542102180255
16309,31.8572917324095
132577,22.421995149039155
243323,39.99921906663464
142189,56.17481117955367
129556,19.98373184192875
66794,17.237169347696394
124155,26.206884080640044
78130,18.190222892810482
187879,22.9503421135586
2492,54.943035782875654
153213,28.637523037588444
127142,14.16857437305391
195921,52.25239328867652
259640,21.38213176808707
59337,23.284600546869562
159007,30.03902188918799
54959,13.223831509606566
104124,20.34072516644091
147019,49.83129608937942
9810,17.8637651986505
72955,23.75552219488818
231855,35.47549738400401
133729,23.461752420193456
119943,27.99495864265152
28937,17.58885663778066
65879,35.097762094813994
84626,18.7572160297455
27046,19.634636039663555
235730,29.868916642626147
156528,20.367126128853805
18964,27.243275603264312
231684,25.431427801456113
57231,26.59389225057452
40464,17.70653492762974
84555,21.807087941917736
20436,29.266148675129603
94656,13.06660107191306
173188,18.119319901828323
89590,20.814240656489275
107090,15.424496934365626
186744,29.006789117560363
235879,44.31347886365523
259919,28.278830068936248
86012,24.72126653064003
10736,23.292570319578857
24412,43.347882849256855
49075,17.209684466585493
18002,49.799925204446176
131316,28.434815683428504
189092,19.353231597693622
103259,21.563831979672763
129391,18.55430388719271
136592,18.884211412957388
136754,21.594847131563476
76839,18.352491401150203
127302,21.338302520231636
57646,28.02862948365244
232071,43.38091077940875
141032,28.584411470703422
237646,45.11462051000351
98618,20.523781887458263
151998,41.83350316108607
245351,27.745039743656594
35759,14.066593706677702
71740,17.59737767332249
21747,26.858891570347033
162599,16.00213938811603
213045,26.835920684185613
63865,27.526525440595883
246778,21.21030094113059
77405,19.115203139930188
198571,15.939680818255761
89243,19.339658669511927
48185,19.324113209887766
258839,39.64930925514626
11169,14.862734419532567
90226,20.0156315452995
238031,36.80741296876541
71756,17.594877673322493
168707,23.63567856384167
218784,21.80620388100552
85497,20.699988523963214
162573,26.815672392326128
283863,15.564708372930165
221801,23.074571244746174
274506,21.69892459343716
157362,20.937616249249444
71083,19.213845618681937
221974,15.29034274677893
251847,18.512648385439526
74511,21.800117625674847
227846,12.696574770183522
255839,17.757888023193992
258326,29.135664584461843
40335,18.241773012730146
195570,32.89790776873062
32172,15.574693033012597
94091,23.66981758541036
257712,25.624913409730727
77413,23.916021059752133
172457,45.77110393987723
66500,17.462676686340785
55951,17.579132328931458
27041,20.408047819762402
181990,30.042185989259785
106736,19.05947037640301
163035,25.29878098407968
183890,14.637678226748594
160848,15.986160100472915
108955,18.518536885774413
65772,15.990592663472711
35363,22.229536885899343
107743,18.31472215975411
33449,14.16224172983225
48082,20.386159009106432
61945,22.834463398024234
66416,20.897747962291394
254884,35.13022390828596
101961,24.041161280167792
256129,28.132538355907048
235397,29.968753967509418
229540,19.025316643044402
197393,18.67686421051399
295459,15.251427977608927
44753,13.014227446556173
146309,18.306014274777233
195505,22.39954675442251
199729,14.382312511859862
83472,26.840928800349086
21093,50.41929729999774
75900,27.88645638635103
171957,44.254670639842494
223755,33.16802647791843
289084,31.53272727056775
130460,25.001888005935538
113935,21.31910403549076
282889,29.233873795178567
226648,32.835717655956714
53370,17.937824288237923
225008,22.114526888853145
235537,16.619081147563517
257025,16.505508140359588
68523,17.577041643761333
229782,23.157551503037183
156789,20.1497499882584
258100,17.482917304916107
278078,20.52018488608676
258552,31.930110320645667
232671,21.21650371696939
224524,32.53828665985499
222961,12.839080713261628
159807,16.777357701135667
225907,20.619556765913412
261826,23.257214845096748
177328,30.25753223593599
278447,25.528460583859435
95352,21.918098506080057
241797,21.190842534744185
145036,27.101642417828124
80910,18.139189485777962
110401,18.75015201751483
156958,17.889160585528504
159935,30.657568205852613
94349,20.251126089031384
137137,22.17529201546986
58235,19.739253025948944
296792,27.732670564078784
159670,32.213851773662554
239388,32.4568517028468
168210,21.70924329769697
220036,27.017249954485386
69179,28.366081321323225
155236,23.69622713374462
290426,24.927327942318446
37089,16.426336516665295
32699,17.474591852255898
760,20.360994234139632
216644,17.704924926998387
271751,20.838359620508527
289805,22.85470162449459
146916,69.48008147167077
72098,33.66207623984496
51654,19.633332644977408
190301,22.82981808932586
12582,28.602787490269037
297787,26.382748941678425
25970,15.609431927046467
114698,23.206295031126906
102398,16.87896344054321
191626,16.77343267760723
62127,26.859163723615666
139899,16.06915186796575
75995,27.25775143771707
36806,47.60562198204953
261167,20.26081480266634
159386,19.83550652132421
85763,21.513905065633843
270251,24.400179012979244
209527,31.615688269175962
205848,15.573364456690726
187267,21.123475079448873
142193,41.92081105963821
260034,24.654562735609744
106506,28.66544695146216
233688,13.743121237569776
122097,17.548581359165844
36085,16.953657748896752
218918,27.272039710183794
157156,23.544317088224922
153078,31.93615382777716
86891,22.42821266102728
211915,15.525809609790667
124782,15.234475005860123
86044,13.344366121251221
266994,23.52897072349461
19965,32.433065587394296
77923,20.85716797446347
107674,19.01932027676494
234650,28.064235392813828
41525,22.308412422244285
105635,19.995389947101835
32604,13.626953672477134
107983,22.976140359767676
145215,47.439511062781634
200776,23.30354277360975
109491,16.39170110516728
275015,19.394320815276995
111372,26.25792330898553
20680,49.836434733563955
242020,25.682791215974238
5855,22.038073971369624
201652,25.672088852749926
186064,35.123029610438174
129386,20.013626140727155
63527,40.496876130029946
166070,28.76013278062436
97156,14.055524391054854
152780,26.894434355169757
279647,35.68692784289986
111895,35.746035738021654
237748,22.84208792721668
56461,28.537770556452063
55062,22.737197284935803
294241,23.13308906226876
197611,12.265762445244286
37030,16.23431145996621
159482,27.38774160286464
112706,23.53971789863214
14042,17.273066221031534
18146,84.27596328327827
160041,23.497604737815493
61460,33.25552182268991
45486,15.046256236886876
155196,22.346013990025153
52835,33.69859446124726
270437,23.55403917518867
228807,30.03802591148726
183320,19.216424848326945
72493,32.243881655608085
42827,28.204405900664888
285014,17.63046561911363
288954,22.41629819690119
254367,22.754491912768408
107806,27.305907558235912
105842,22.7576679512043
96577,19.56989833413789
51494,23.997184134690258
111396,27.64080687210045
26097,19.58657376120872
122122,30.896413678892525
29066,24.32483175648564
100268,23.243865779451415
91216,28.42148229916604
91342,16.82264759732282
127655,21.1230600090607
205522,20.458111170848934
256549,25.06004565862586
41534,22.422825111734127
5373,26.05210534115946
133626,28.060677807373985
209905,26.414928668482297
138626,30.45738008690928
4008,21.777332079505623
22101,16.453633315817093
143421,33.89503450727523
289580,16.60759710460041
258813,19.04278903016356
7201,26.303814811293297
246903,29.374295073970245
14781,32.49952636823684
173719,18.125928826185522
158544,25.133161399498498
269685,29.32038798531737
212103,29.543572919075395
207903,32.52812346870877
285101,22.335294244949445
108873,20.50645105631503
16736,24.978033772886782
132181,16.385127794731208
140764,27.203795385530906
13032,24.456107958959834
283912,38.736613934097576
148231,27.620305636101516
48286,20.76737701022862
119061,24.689364147666787
78757,16.614727384995714
240342,20.657434935102536
241526,21.71165469875978
215622,20.001209205016803
34972,18.61092394223344
146666,47.023097874714345
253094,24.77451148589339
285427,21.639315303693802
268128,24.631042530031475
287163,17.345926758997525
187849,15.815658799850308
118703,25.727641807527696
113247,17.53256139420166
97319,16.48658157584104
13639,16.43556379970973
170602,17.046632626557177
706,36.80060270965548
244105,21.069827087189765
256286,25.948586865122298
181706,13.398938325419653
239187,19.739946023977335
249791,17.829845713229282
68837,26.5353858314857
158777,13.788751725040214
24129,35.41116877304471
159956,17.952841814729183
81011,23.585342954613672
143625,78.64247993141264
159945,27.113763172474343
215576,26.865378733454328
16786,28.135817059801457
108601,28.513881323864574
187056,25.26292940264379
155211,10.428701358720023
51591,14.550595901693267
70675,19.686632468680163
276606,29.125936192574397
280508,13.774756872054505
250355,19.873261238318754
12383,19.372674521395187
251735,38.33013887914741
94970,25.179388978273884
55084,27.784143816580304
149756,27.250769206693143
133954,25.646148003152696
14047,14.437484708355791
168428,18.137993102379504
156118,15.974003397790417
17920,30.753945587394288
45261,32.23219512104336
266578,21.116853160380227
250559,27.02010217062242
257052,21.659405473759666
197872,22.038073971369624
121038,31.872607469843842
174470,20.635498527402465
232214,19.106907173529994
67504,21.858356467391044
55095,18.668266860676304
137918,18.936884824658524
281517,24.34014763106408
295342,19.698917664644988
280908,19.421977655865593
124539,13.631895150994257
297522,21.450199756198025
122746,16.021499287744245
193222,24.516721227123703
105824,24.820968305897082
219574,15.707996351067305
137525,20.440560483382487
122156,26.351753772334423
185728,18.740906631241653
147347,31.377619800505432
285949,15.290918639298468
255190,23.58032905388737
228540,22.484093250520296
97557,18.313776961527502
82223,23.239288240484164
100905,24.365441541716468
299394,15.027389191879132
175643,20.275943345827365
91072,30.372532483016737
87320,14.693616558463948
189063,38.26634102786099
294862,18.359690622315064
246372,25.91228030468592
163428,25.13974856220478
190420,26.758579892125567
69374,26.986414481410584
99956,16.47743355152943
263982,34.59656416834945
82693,22.454481492520518
108642,21.203793164674142
144359,66.95844169150314
186109,14.44323445894475
20481,17.91277242144636
141462,31.228494537147377
90229,19.53790022700286
265260,13.771108637550814
176222,17.47248442704119
217207,12.481644953799409
169895,22.984916408592685
36982,22.265102403813067
63845,31.531753716518324
54066,27.920731034669547
108537,21.016063405045433
254116,15.464488070189386
82580,27.715068295868377
292709,15.376319367951975
108142,23.03394447399449
243500,34.82758252820504
267606,18.80909844521821
164446,21.9330860486621
136527,20.935444403140913
58530,13.77682471134159
103493,19.44190639437962
22089,19.938817628569023
48471,22.44399547456465
124292,41.10052358555528
239626,22.499922025651788
79533,19.385862480703
201853,19.637100237354172
264131,20.55028506154722
252618,18.927632681345763
242967,19.47452360312476
248221,20.675749267271804
290631,17.16789004911373
250290,24.112783024107458
228461,18.082087357295762
238925,17.86770277251996
211850,24.842886260036465
62494,26.98355674262448
125023,32.565652052151606
215021,27.730519415466397
89798,21.81753741504961
217051,52.988041504619744
259676,18.083689561053916
35417,14.293678069454671
62616,29.609663335114426
36850,19.622808105773927
290406,27.12686821224397
193998,24.68815664306293
217581,21.848454165671384
255760,22.81544561542889
231598,17.769909613703497
113529,19.986751590764616
79179,24.03658955590375
139749,21.133377555827433
106256,27.517869999177616
222636,32.13016191071104
14732,17.582496899811794
200166,26.487621068322017
78193,22.278842961367026
227711,20.509360359542026
244565,31.727688272067184
27987,28.332648510142736
280186,27.99986535153481
178521,12.119530488362912
124944,22.692358032089803
67102,17.962585278431813
54625,16.807539640750775
172721,18.3762263175812
184241,19.40599441851726
106999,26.57475268637582
96409,14.319621379832176
151442,24.447455159016545
163718,16.478206110478833
40718,23.31272087030401
285793,29.322732806287707
1751,49.11638926556829
15623,20.533959308103015
187160,19.055783510356466
237025,36.091606816096196
166554,28.346977507344302
250414,21.60471488314129
157948,34.11690318650034
50401,23.276643545953124
8643,25.04165318523482
148009,59.95922445273182
61113,10.766501606226896
51203,15.538778262017818
228474,15.74322856937691
105585,31.995813538868465
17674,15.136918176477781
180215,12.223413801570441
49876,26.398439418223973
39653,18.58324232700542
82441,18.51439073127412
151633,16.32743424525604
7412,18.218893016694707
126517,38.31670377981093
143339,35.222643906721316
284045,17.20640678010076
182110,25.41662127302282
57230,28.776649233829325
199790,23.401928484728327
11069,25.314998446431325
1436,73.04730267926341
16408,27.684965109995566
264682,16.198444027480868
293180,19.877009883505252
36446,19.537274416244067
39894,24.303113993564505
123641,25.85679702454197
146441,30.22323273854006
12752,17.462469240756114
71703,23.9982610147118
220548,28.5590258704048
43824,22.386514299750054
238215,26.319997862032984
144844,19.42441463427067
89168,29.988218235152647
169586,12.55221822874736
172553,17.332548248078915
246394,19.834789279218477
187708,28.479398704507503
236666,35.299260235659276
277893,18.391889443373653
157127,25.409887168914107
54738,18.052064617954365
273571,13.043826089088265
197562,22.45885822885111
297773,49.6171815665501
173594,24.5165053294567
149121,48.868980426553534
81028,21.185852065151067
145710,52.2983874828456
170749,17.462314922395663
215195,20.594837562072954
35350,29.135664584461843
143120,19.219623894576642
18394,27.037463301973098
108063,25.231260853998283
93391,18.5285900694742
78019,22.93927177891323
266330,22.499922025651788
160023,25.08346462504528
148949,65.68268289752598
290167,13.459665114658765
56147,14.420530823999494
242623,14.613223672014692
210970,18.08458514292801
109024,41.61164246296816
7626,20.110371254002597
18721,67.5025155643466
24967,27.305907558235912
145592,47.34489887287339
156684,18.598729915662787
240504,26.558491151266423
82334,13.373918376027655
186766,26.46548765842362
231586,20.998169083986102
202757,16.766261633827195
64575,25.948644177759597
167189,24.856242076811114
101453,34.0247351970127
186046,14.953026561908274
87599,24.12638026300798
266717,13.20023869987856
181474,31.583372850663142
162318,28.24232868274488
176660,16.52798569446396
59013,20.145600342068402
74772,34.576810861572255
167600,19.50191117666941
53629,19.351394118745343
90674,15.466150852733275
279194,16.440839043562924
185267,19.082511161401904
15702,18.095663739686394
220146,20.790697137428698
293061,15.852421497970232
93829,16.342099295759738
251785,16.069328001318
105488,18.73740989893449
107693,23.41639002806361
66803,23.591428369097702
195039,15.352644519494248
81473,17.21732567967021
164203,20.17641647912878
40515,25.949289010696486
42516,13.937427060299067
108613,33.55819465870876
245493,47.4493916474233
6953,21.933571359941812
26110,16.244543600153886
97897,15.814487835044616
35075,26.49858072183962
60690,21.490857544210964
213248,27.87839226535498
236985,17.98015498276572
124738,27.120299125705554
33257,16.361367035065637
261946,18.47086834494256
261646,31.39507149515191
164228,24.130843442085727
206378,26.33980682508664
242601,15.975510549726986
256710,16.443402143771703
132700,14.437573995877496
21450,30.295910861095415
109031,29.76266667513621
16192,23.81107284827354
185719,14.018380652760902
89482,30.20892532941599
211609,19.035646555350105
201361,36.02217759148635
291340,27.055030068411508
289105,19.256903787265937
166290,12.617738123561576
48449,28.113140979363912
96157,17.885000674791918
6221,23.00464519643165
5299,67.71391504448236
114374,15.578783459779322
40819,25.484361673404642
121086,23.219186848634642
172831,16.38470059841667
76519,36.57530833372756
198661,26.61272030017568
270070,18.57008200714379
202873,23.078286365402548
233585,36.84232044256815
299178,19.019549204348575
174806,11.141205707508178
26729,30.654915822228112
146753,28.646843619124958
163946,23.513708308737513
91987,23.337225230564197
91366,16.472179585653688
219450,51.0036120155454
195439,53.855214113499166
136223,19.740615652073423
237076,18.108213081051087
41481,14.423170261521971
292029,32.74957469964512
145949,49.963018582813675
247528,19.179996596752467
283956,21.99084623821967
249074,32.30617574344948
157675,25.898863031229645
295245,19.038773615118668
95279,17.630698432102534
132360,23.967352541013508
251398,20.045132508095012
148097,25.46909912110674
63118,27.451609406542445
49355,13.16481986743383
259368,25.436254904071134
92320,20.46353395764178
208328,19.0495230779782
150746,20.263128782028772
94643,22.379120111814476
41223,24.588651047420296
98648,15.441025041915585
223230,24.025961988437075
290691,18.07572938080346
14938,24.389888908731464
270558,23.436343359628925
1694,53.55911319680494
102269,19.660532790491967
173491,15.376319367951975
282960,22.352332503924018
33204,26.395899683202202
180667,15.120657254997695
292527,20.704241909664937
80718,20.70521282439109
43314,19.45270127829185
15094,25.619471265357838
246756,22.56913905447876
99716,26.16222205340576
18223,48.620721748961046
89392,18.771945142617028
93554,22.89886347576503
193450,22.05588718828067
263512,14.448756997960022
262654,16.78340128611091
261606,18.721797239917727
203426,24.428800106308906
257119,23.828043784427592
230520,29.110121682218484
71620,19.473722148544226
24012,13.639631800227125
232101,26.94183732638063
295126,14.421095579373972
229852,21.61439192971859
294702,20.91104226437453
239643,22.405456497762906
914,15.059170567220685
140107,18.075489241514852
78524,21.098386584295714
37674,17.45906263239123
54099,21.546144930687866
264910,22.398545457802857
53478,20.149467680569035
132775,15.146704359551894
25159,13.906296101927854
242704,21.251472791847313
176367,26.9660025930347
80472,28.07673745121814
272818,31.08292206559172
119920,20.19307789472662
375,15.574693033012597
1234,29.33515742283828
200194,26.94183732638063
31593,11.53711149597534
57695,18.893611223218272
63447,31.301548675372704
226647,24.124413688350124
247155,12.90219014719795
47427,24.171316694972454
231212,17.326978333853567
34585,19.184098062095785
227776,34.98090443493023
84948,27.34011290421459
212177,25.36627903180926
27322,16.681967864333718
232711,21.038259823500503
144146,36.332363910109294
259870,21.666087661027284
298049,35.11305959067355
156122,24.665477215198738
41795,23.984153958360118
230385,38.41211025660815
74354,28.165412147461844
163970,22.4361971905583
225655,32.84716976885136
9903,21.75572959343716
111924,22.928924878429626
298310,20.177630241536626
180305,15.828840400869652
217236,18.962286563355587
168365,13.14321639699628
17503,10.860932383742009
160140,20.981663781376987
227377,16.190525590754497
293998,20.594084692743877
229779,19.739946023977335
1709,29.07179192969976
27947,19.01762713789006
90915,9.435098149259195
247340,21.54355783779976
179599,28.20131599876168
14576,21.57025298926946
299318,18.68097911179125
290286,20.414823598778963
238712,15.666433789308272
228428,15.248834902682024
253598,16.32645843813555
113873,15.994727411002753
65120,18.13052380486356
6871,22.11451870061336
165386,20.39709996332241
35179,20.48258943413832
201920,15.388348402883995
87406,24.733425688807564
224591,24.60018048811081
152264,44.946295520636355
139372,26.528507938189403
182996,20.0887355222194
125450,18.592550107847522
52511,12.98920366856702
147377,50.127685686287194
30165,13.484444144519335
58677,16.060419226088285
49650,13.033617030523208
164250,16.53304946133448
223053,28.154260664957302
197067,22.21246212056861
126662,13.467874518025571
235278,15.321429812260225
11772,20.327258152784545
223234,29.05999118485485
130121,28.266787949601092
192040,18.305335618752892
200139,18.3832850630042
276580,11.456633751691328
248833,19.389634623814203
15261,26.5706845429424
107489,31.14820746191279
185554,14.745456454063424
179455,26.06822609781408
148933,13.811509196703122
29108,18.618237480754104
23019,19.467522551410543
60177,22.466336134618427
200006,24.540436672741624
215847,23.32707292350962
297752,34.12669008298103
88171,31.70563304992296
176189,14.986811379511945
206657,57.675121214046875
5559,37.28261482614252
115414,23.665914754776658
201391,30.01544051573594
55161,20.137743355177427
284631,19.648834951760733
24887,31.34191412532964
253569,15.824747253325327
34744,16.149441005990052
98714,18.23742777959865
286341,31.9715503786203
275637,21.7363110453172
63686,19.739946023977335
178926,20.712417388941976
165714,21.681378687625376
82291,16.210290164423554
299392,15.404029812260225
115835,24.735431359752678
297044,23.089526206245914
256213,22.354423877257624
79017,20.92729645868757
44084,16.438241121163568
169375,21.662688103399717
236995,13.403938190082886
230656,27.842324133065393
108951,19.829467779906945
44731,22.300136352560585
168857,17.266162847611916
64560,25.711531784092642
4306,19.32634489285425
130851,19.130950078572315
229495,22.293866102465696
178679,21.163407300635846
36625,21.926047907560168
125598,14.59266483132384
187213,21.587840250760063
217746,19.748016737434376
279420,14.250033568953194
146505,27.013521263682456
76943,22.800844432847228
153600,29.98955570156353
137532,16.353928651571348
13094,28.468229440311433
234905,19.886976691016407
92746,20.942947406848862
257973,30.225490733051878
58888,30.891713920252293
203372,24.941888026141058
55710,16.153920940500072
19724,42.1970617434482
70080,26.72267298327818
276607,17.654437800060656
52990,24.059778201136716
104723,23.071132580539672
260888,32.944793366806636
258400,20.343497884464945
288289,18.754877473862688
150459,15.226503006508903
78418,10.496936238438375
123619,14.490668482721045
182021,21.481290314524937
264374,19.632436776288035
67682,21.718067011180064
17450,19.64093265550704
172131,26.335111021836422
213421,22.429047546307334
210379,14.236144932850143
55678,23.25413654517622
120547,25.903399219909282
283647,20.46722730159467
253283,18.024701481924613
225647,20.536998494403665
232527,19.34110077804464
145901,18.916940353101243
7662,15.625460297336735
197141,24.989999875429103
235169,26.86110257163502
23206,46.78796974403893
165203,13.123369071498695
80599,12.678515452235228
98292,14.262175407786097
75285,27.32476692044772
89006,32.25213743750702
291653,19.663659154944813
239893,21.72002437342426
239129,20.417110059272343
150661,36.428838147470174
35564,22.391825408786115
242415,23.40621561317284
144633,19.1319369121074
263850,21.49861761130799
134213,19.741482171570688
156176,15.779199002728745
3898,35.34786861131785
13203,12.604339989695228
108413,17.49900561911363
223116,23.343926648356867
142560,31.894313593647883
275212,24.330426676388743
218061,14.569542379448155
232585,32.89797571877999
202379,26.66039989574686
256936,20.69756722369047
45061,15.12117366386482
138675,38.71857965541391
196773,24.432586034383743
241552,16.76117012597918
157300,14.195781475533286
205624,31.10259000287899
27586,14.47625649451137
7375,18.822959216759436
130222,40.07354039994079
257480,31.75819415667832
192496,14.271487358021451
55576,28.76205457003079
175590,20.261951690550884
130446,12.033041216978143
194868,19.90846532531599
123447,31.187209622592242
196785,13.496937833462662
34898,23.356859395161642
159189,22.112827713184323
49601,29.214635633832565
232087,12.800645191894649
149773,15.718770709220271
108885,20.558191930433914
186729,19.28119543082301
126424,16.770452033328034
207919,25.145654729228752
44891,16.081898735852885
165598,22.104546270948465
168619,18.68980054683771
229838,23.670319901481598
297672,30.470474891599054
171110,11.586964560607708
221196,22.240003083015353
57899,27.491390435047215
115270,20.563886999775782
116617,29.601105342606093
80349,29.14014360660668
289315,19.173033013060966
11163,14.327369272037288
241906,25.278688557856434
164859,38.567128913094294
273907,15.784282897064278
33058,21.551737852853268
279275,20.235158855110406
54580,25.044336543060933
18770,71.92682110083553
57868,14.222909058261644
121436,43.502464164010306
88394,19.35075829549087
57539,19.01366098134321
106772,23.19011132630917
21377,19.5875927155081
291687,20.92615462145098
195000,17.384826942558032
280787,18.823483716026942
249544,13.734525626968317
44215,14.981038874252437
149896,21.89108672730821
64790,17.105081451554152
191946,21.28289231391435
267996,17.921131489010858
124788,16.982735242736826
172221,27.691982120746065
137692,31.753761658835252
17606,16.58424932161596
195660,47.01529918331566
278289,20.185363843407494
51372,15.208702543311372
228101,21.365076988999657
50685,25.439618512762035
89558,18.831506827772433
81116,23.656084645830447
246050,28.650133866552416
12874,20.942433446827575
161210,15.990592663472711
150627,18.35982821003871
143852,67.78973814065466
20801,61.893881796511096
299393,19.47759907218266
204322,33.97207417824764
207405,13.273870615507272
1921,52.796419660295854
91350,23.076093108627557
157310,22.19405560421696
9850,27.298130669264147
39930,26.208929128989706
162116,14.757843006696225
266974,21.133377555827433
293646,16.47361411016211
283715,12.363755534732523
174399,19.48687228277315
25760,24.144866946655867
20701,50.86006335335586
132966,19.003970687969545
14428,18.27257308651762
37551,20.15221018120095
72504,22.209643370746466
111350,20.30492352752857
18806,51.062950918080084
53225,26.667638746317273
37514,14.151852548996533
288750,26.124998398598915
206855,26.859524696041063
269615,14.99988391776778
75493,17.09203558011857
116856,28.96350610216934
12769,21.961652447247253
220106,19.045060778822766
157187,17.5652627367497
123733,34.888843520449974
84404,31.9135674371609
222678,26.596466022599184
141446,22.631896641949588
239906,29.50788736913396
93086,17.107158920223934
188410,23.496720554786886
125629,27.45587656528881
259712,18.324604875287513
101280,19.432771856669177
105340,28.06695125293667
25357,22.205078903573288
282517,15.008199795860254
296152,29.135664584461843
277782,15.231112702362651
78387,16.469391113360388
272260,19.639107347023483
147926,44.43144938109016
182540,21.028913953855966
5158,32.98459010163576
158422,17.0731295076263
293794,21.932276916748464
76110,38.33011396336618
112768,25.147196958812067
195579,68.42280410488067
246358,25.291984427049073
108448,27.05512241374164
103601,19.889260106040688
207782,21.463974622178746
73363,21.056030267694165
227723,20.084844595471502
96026,27.680773848197997
69263,17.58544935144338
32256,12.542582458269333
261097,21.666087661027284
53919,17.112938932002315
184109,37.97801702997692
6144,26.564961740168748
287086,14.408529487524214
142110,49.514522804036154
214564,16.982443071702015
67407,25.677912922811668
163986,15.674582782300835
275604,31.90417140985562
281930,18.63804503015934
284740,17.628488701875312
181222,20.85074179428296
156076,15.694423218397736
155389,23.17241467270037
25999,17.568545409407328
122619,26.108287071641534
102037,20.023472548006758
268405,21.845261509252783
268055,17.68986801878328
280182,17.67156530713017
46210,22.363765038398455
118384,20.953234803934247
216198,21.712712571459942
102176,15.015802214253634
646,25.474283368619446
211871,18.33496539228614
18020,62.204846769265394
259523,26.74483909527998
227982,21.601782412371904
213922,23.21814408857147
83426,19.24043052100611
171667,16.07400289980803
99207,24.79715570851288
184939,12.324717784762228
176988,28.405984407816657
113530,33.283642929232784
58540,22.89957994205039
76814,17.443869517755378
200586,32.12745714028618
106634,26.101990905691018
56426,27.4318884932381
94309,15.146821556026879
132530,20.306181692565602
172449,38.9568484477668
138151,16.22536659116717
20300,25.903140343039915
79628,20.165280754053413
242029,15.190345522608144
79103,18.9296470540999
193200,17.29071383529599
237808,22.885181025655193
71054,29.692416966870876
89273,26.528507938189403
226060,23.196111883235737
13796,25.13961809465494
72567,24.06892491680454
218180,21.944517232794638
103513,24.479824228699453
89837,11.718272247204192
196138,54.48688952389995
177311,17.40780206725948
87239,21.961699314392526
187067,23.665156316724726
187368,19.534865954994928
139626,17.80212332460232
163625,15.320099541258823
149808,59.84735135205673
172092,10.666164984662556
45694,17.774416652896534
80557,13.863230868875183
239130,44.944262565088756
291241,13.348902104985376
10849,20.667316234328496
234910,22.746294863544623
3874,48.57951258996089
224226,15.505134361118825
95155,27.85618088493097
72727,21.649616285437087
80303,16.29386188095109
278168,18.48692697590041
42654,25.44645737329352
70368,17.16906236687003
104877,14.56607420295713
10205,50.79722087122701
44204,20.357359834177192
2158,70.71254675933311
216907,13.524540027960828
122937,30.916632902061075
203364,25.544054131616747
275847,18.937567933368385
208752,21.014200576354888
124429,30.51910251693071
82198,21.595491247014206
6531,26.309023940197342
171019,18.072681016682488
160511,20.166933386275723
174395,15.423659913518179
111962,17.55922723291521
247949,25.606548344443848
114949,25.084619907441848
84188,16.681769719947177
85359,10.562606017848566
243355,34.39316417824764
223267,24.48761292935062
20416,23.80605722947124
105274,26.21453619866413
160269,27.97046053732082
55487,27.305907558235912
274688,22.098135695045887
231045,25.90533974704485
226948,13.58960892562007
133761,17.968033027827907
97081,22.904608807718528
215871,22.223476608449293
229590,27.69239082341606
288509,20.723805699586457
238113,19.591994237219247
34550,24.1579192600501
292937,22.82981808932586
69563,25.397428284894442
24441,15.182595898770074
168370,18.159510495752347
137715,21.630288552566007
29426,22.379207113558607
123413,13.087811146006311
19059,16.2622886638127
179299,17.702496630126078
13953,18.962893845585135
289393,18.843854790201792
26073,16.34935343517037
290322,18.83735588892901
253461,30.75822634450776
115879,16.998009704558026
47692,11.491194453006933
221212,29.418101942812434
65964,31.268657941904042
15788,36.73843999961473
246272,18.974916756921225
79411,12.517406726723314
157796,13.81798802684673
264433,29.733578326803006
89180,34.69938534219489
201085,17.590155310317122
52664,21.970373804865623
167140,28.509233223264026
47175,16.504342874404095
74232,20.72016117855433
41165,20.76150178765468
48787,21.40131435610028
40549,23.620238092468064
286576,24.609512894471212
277121,39.325208210765204
62534,16.11989087337508
98928,19.071573720687848
272442,16.283612680558434
202196,22.57581195251611
16122,27.196588662945526
274101,27.153890588585433
266661,12.830926475766521
254257,24.91351339172632
262034,14.432950090309012
104444,17.960939303836643
130525,21.863370039634965
45896,18.29704496859158
147215,28.761380165511433
140085,21.44412546931512
1791,63.25848634570004
142537,42.39219907811231
50896,18.60836514093061
119853,20.36521944620617
298873,25.744060407960205
85335,22.88388921114359
32811,22.9743399531505
298076,13.943314643437082
41371,10.170034729210572
295893,24.552447920377332
86097,19.444003383304477
236164,23.026429686842505
298924,19.504292219716586
103655,17.08474280651048
158863,21.1281368341173
180240,36.41508827557799
20908,53.49981215705092
17479,16.65129269101512
145453,20.267408801988232
185222,17.491870838139835
286212,21.208273582663427
146594,48.39679355675937
160351,22.243803295952866
52858,17.620894994026635
25987,23.577572014758694
37606,18.165731875560045
255822,19.668779224512786
66007,26.01471235632901
232873,25.967016819752985
183560,20.380754003299874
217338,32.12369799652957
275293,30.51698088485484
234153,30.132912083527735
233892,32.779594538391805
27498,18.160460002353275
138569,22.377819003565108
178052,18.41225601239807
65954,22.51014587411493
207409,24.076430295747876
178501,28.76205457003079
259436,17.0197882713923
163668,21.283909519827212
47468,21.92077553270668
190346,16.39418088039422
283474,16.809293250260644
58639,18.5273225030616
145653,64.46797724310197
135939,16.221488274701194
290978,12.03928638296431
231368,22.236082396720555
103676,22.978826652576473
145108,27.30861863511792
205102,21.9185374569664
137708,10.42940683084962
201480,42.13355101994335
129028,16.3782323942988
285780,31.055177004645127
143680,49.06254939899598
23507,18.053875475832513
17235,20.872730618528806
145866,22.19331704938231
80296,34.264327892388124
198416,22.54781998499387
104521,17.814362280871162
137804,26.33588284597152
111260,26.99855515421433
46328,24.718825425526354
108985,29.135664584461843
28051,25.73122923519174
224027,26.820644629800704
41515,20.24046318086685
97210,28.76205457003079
287059,24.152910291648382
142017,28.684071587036026
233131,20.131473366421666
165231,18.96684294434207
191067,21.74051489243137
36089,20.637244378324716
144342,79.98495284377455
85428,13.317113303358486
193729,22.00641295430634
153236,22.558781855992848
120406,14.865238271045945
78243,26.949083973932574
161666,33.58417747761913
204287,22.792669631360948
241306,20.158082161805883
220580,19.52673229583943
197516,19.688331912803555
165824,26.216216632518126
108572,18.763040507835957
155717,16.67240097848862
232212,20.19301029452513
132010,12.985926543562712
236944,15.117665969132059
23606,20.91064515468811
201722,16.482337074569056
202610,32.91445391688417
298811,20.25669047410541
170486,16.440839043562924
25552,15.059947230023857
9947,31.07135733915568
143624,44.16735991531089
251338,16.87959425565294
224564,17.06163075229709
11091,24.67169580739948
242313,39.264932200379846
164373,25.697606961858487
147393,30.808963600134245
64049,15.493084499766804
260353,11.190050333773396
60371,28.828888703075496
93032,12.881254189996511
179976,20.999336502246415
43362,25.857398705972457
64428,38.096954272138
148048,27.765185045750297
19407,49.17506701414665
224823,18.567763412264554
905,20.985444424052847
249565,17.45638514316606
87021,14.385403224449465
128523,33.615478375042606
287825,18.663612707544758
147356,45.74841315730274
108145,16.288697699402206
259090,41.078511617275204
225816,20.00958707356775
227229,37.77375149708909
253544,15.505134361118825
205742,22.25020138477753
202171,21.883176970959386
91377,22.559043390309178
277975,26.701154052442547
78545,15.082896093225093
266420,29.105999660390296
277941,20.76847662905819
66732,31.09886890758214
115858,18.372843840116143
197215,18.909849339441603
229203,31.268657941904042
187444,16.135150701605244
61168,26.170209941355296
54005,20.370513443938812
69682,25.290722640919714
159709,15.468727842263695
295510,18.558027508655968
149142,46.233302474029095
237328,19.4537571527408
235818,12.801724416150728
177391,19.31729084758185
198930,20.160627144180673
75631,14.073711694074902
37154,15.65620788871573
215556,23.392057432380994
73114,31.23941399953144
276911,22.608148786110473
34504,17.313158115833044
15068,32.244779659836716
98146,30.74515078989875
108704,16.001001069925472
136394,18.007063044347813
65376,30.944565163333444
105359,22.200385891178314
246089,25.637773017370552
245793,20.79220784993685
296580,23.593836292676222
141184,20.650555649952913
293863,25.030116721216785
198580,21.968738400516724
266778,30.468503097604998
141244,35.51812658179082
63185,36.11449928931011
188045,26.603395416869795
106483,23.532485238118728
239980,15.830530147702893
287929,19.6206393740861
60505,22.57688051535812
104214,28.285271363548098
267639,23.12135538636009
264206,19.165249990681367
113860,26.76029287844516
279651,20.969355032998635
191326,23.267556202642652
220408,26.207968772337903
163896,18.179226204375176
252889,16.830199940300272
264452,44.65803796953458
170458,21.028913953855966
94394,21.605893413453774
108490,20.540689586714475
14760,30.469563187102796
128862,25.270447293934687
290867,18.02955824185919
188241,20.138524813286047
211309,27.458922886021913
45780,15.668653171062648
227995,13.561620331287333
24301,24.37233947870035
270886,21.518533800261988
278329,19.880884658482596
89239,17.369028570938205
226435,28.76205457003079
41819,23.24152934521718
178217,22.142325722997562
227046,28.30503843775471
76184,18.564028802886973
282923,20.5826635199084
170023,44.49014205808867
210295,13.304478186943038
143123,16.934148367859184
67917,17.949725255576272
85141,42.01663745429939
262480,14.899982058189442
282932,16.60192622812184
244225,24.473763539456012
259316,28.226699404639096
123877,23.935338525655194
30957,21.830702120034587
248627,33.357645057544154
177172,14.747613506311103
234266,24.87702462865422
222205,31.51549367558966
213250,29.028082313967964
260404,14.624050012529755
247266,23.38873339582545
151038,19.703591524113286
184868,22.508456702454414
202383,35.3534854934126
88200,12.128650887197429
139624,17.06569740130232
92947,16.32729768194571
24541,21.36325185530733
198722,19.961058869170138
172038,26.022216968398205
92027,21.770060571168433
154238,27.085248995855626
264116,19.080381173206394
176521,39.79269221492506
27657,22.213385457802858
216955,15.52195112528691
95644,15.190345522608144
104589,25.99824631763365
165109,15.505134361118825
172083,30.838724162847047
126704,20.831451639644342
135884,9.103250166627282
240198,33.02742916399206
212583,18.57442690823978
264466,37.66737045266113
179025,13.741920682717307
130699,16.132922020078926
117411,15.937510689862446
244194,21.951112025077308
101275,28.711703465016278
271488,30.3138131642286
97892,48.511907474872544
130040,15.613334935774358
69226,24.31689836361848
251846,21.262766462467916
141290,26.4647013593874
166938,16.942647326459
268219,20.614502868841743
6502,15.161659845123125
54284,23.13880555360387
210320,14.867299254680049
56667,25.709142389903207
201363,34.47183382321931
256964,19.93437480033241
260377,25.292071370731232
272117,33.615478375042606
246459,20.315489279218475
205712,27.72365396980017
39364,12.881254189996511
152480,38.43914352891723
160061,14.638134973822634
76666,37.61471817198632
136928,13.071882720212097
10686,30.12971862745826
222821,22.09822024133899
146054,62.900568081815095
176501,16.78905760767804
210618,19.620405725838175
296044,21.130635723855157
158511,14.575761837184007
66364,18.51436080544086
233783,24.33277005756267
57210,17.531711023681545
187198,16.313913760674403
226211,16.483847323469686
280276,21.028913953855966
293045,20.308760774949636
113954,22.863507460084644
178513,13.95428778787431
264576,16.676391709919034
97786,15.863987428473484
200633,19.518735987468258
204028,17.521122339987507
30776,20.366539728752805
192628,37.45157894552116
204787,21.45557451128921
146237,22.393527933661233
281835,16.42771944131685
21310,18.376867758111842
110413,14.25149206587804
39944,15.168126645982458
225317,20.20102632292967
289942,22.018674434995653
232245,28.795858731385454
251270,13.633694473499125
264490,23.12602756832759
88130,14.012863917200253
59673,28.102566142746106
244443,26.957067037665816
63481,29.883470584255765
136449,25.83449649936299
289108,16.018527897165523
115028,23.548405796338958
205853,27.866538223473754
2819,12.238770536634327
78800,16.454957996377555
175297,18.490901346063474
145745,78.69205307041202
141586,23.23601392732248
276191,19.398116040572997
18286,47.41204106278163
112334,40.32965837386442
270830,18.01260851047569
206953,34.009573352934055
88645,21.21193763550564
138776,26.907124020124947
84517,19.20367265471701
200651,28.258799385198454
250206,11.335557115835615
186519,13.5977182857467
113593,18.573308233515444
187472,20.274651685372085
23255,24.11208873288563
220741,17.369028570938205
34005,24.37300450429998
19785,53.42867473118567
30638,14.353755702746525
16821,19.810083683297638
141279,28.917918953455654
42469,22.098135695045887
106962,16.649666803950424
206179,20.926719156653967
289299,17.821819274598866
133615,17.434216022704007
172119,19.0565370827086
251445,17.04986495696142
279470,27.199362897233453
149093,50.434705594410936
171832,16.772436168120926
207537,28.432624688936095
248860,21.78364650703817
285474,23.51422184779893
210233,24.095974423778106
220501,11.896355032732709
71828,20.66957720473938
150116,20.308760774949636
272706,21.336728734462156
31008,15.114058282024569
176983,19.81317749558621
278788,19.389824289183856
151171,22.735767392289404
85871,23.033829613661943
45697,20.86936425660271
208229,26.09102475255927
68476,20.19307789472662
97104,19.400113622054317
261569,23.409380903976448
212702,17.38862237776707
10437,27.009526288365123
297711,17.846668269037032
225057,25.63960041799419
194897,34.80702820234215
269639,22.23683483662989
131506,36.94401657865829
287909,22.782193326720567
212552,32.61936726843241
156704,28.693737365953115
150237,13.649146325358151
130271,20.980612366502356
267730,21.744962756719225
14459,15.990247197109586
245516,16.43982183519394
110030,30.080386545227846
44056,24.709333064985852
14208,16.300071142133948
86098,28.918766166422635
211699,20.569752819930443
124249,21.31826462630969
80684,16.84794529889954
175801,15.930322826130283
269567,18.305335618752892
150019,17.66801813946704
139952,21.740586152693304
222911,14.137653739998584
228325,28.29838823714896
63073,26.816468360360016
234823,30.109068549089393
232986,30.010038393588825
130501,16.440839043562924
65044,13.850772224449665
93706,28.87599009063789
172199,36.493803589952726
80792,25.83449649936299
136641,20.719783788288243
199653,29.058531668466117
281189,20.370499234718608
182001,19.66972986040451
16231,16.44293025463383
62189,16.807088483851025
191619,23.173235809307975
165116,21.531739798585402
120771,12.645396427766475
139529,17.072687865569304
85237,16.720620425186734
150307,14.880468252244672
138471,15.591323021209229
159304,18.492597614680527
114864,27.784882570913407
176570,19.946495129719544
292973,15.990592663472711
242219,23.74064030189948
128564,15.146958336886467
95792,28.507735441864327
57874,21.101531431718463
176431,22.624194124974217
219783,17.58699374839479
114513,34.42926633065495
50120,31.67170785476849
87601,9.007799495107799
116601,17.53647535660447
51925,13.659768112593031
152066,53.417553022070614
208284,22.052846521032954
297253,19.185021537506326
46187,24.718825425526354
180489,17.777443924246132
125379,26.792054931166906
275854,10.880609725487489
10546,38.24034960696386
91456,18.910828236867513
116963,27.909052015209575
68004,19.534865954994928
200627,22.545407554432153
286116,20.846330109369525
287808,21.13333660835179
225991,27.204968008445626
148295,19.4898097822591
297083,18.483911745685408
197421,21.4339831324961
235517,22.16724860630927
83839,21.345594185492654
149642,18.34699160043558
276548,18.12087770979476
66143,25.21484046146945
9430,16.529830635632095
64835,26.201964193964848
129314,14.32635446411752
264455,19.676152207468952
274129,28.053353094052984
282310,12.509353806841554
23499,18.96684294434207
45097,18.51356563825231
184165,20.77668676228035
176057,21.354423699316843
29600,39.07480205508552
22206,32.87741923620529
272307,24.918593602768603
142097,28.648984430532085
195064,25.178879408320878
20523,22.341090514637642
165739,34.38555760389279
2339,49.39605747632779
10317,42.64941690433462
123678,18.964864025810936
109488,11.029085013299007
299362,21.858356467391044
201046,21.90842082558516
172525,29.88166886923262
141453,13.14293438077488
258978,12.222228389065293
116328,18.22488863780169
198075,21.67110856940173
132639,20.73799373907512
276647,17.420660421149705
153035,25.245673269157756
122801,18.348535958882227
7490,24.12434681613581
72926,26.016808423913425
166201,19.11967971930917
120796,15.051346852991532
99926,20.998007123449277
186299,19.490348428402772
231288,35.65709343827913
230942,30.47899918699261
287499,25.643326289921855
255609,15.874296407060616
199069,16.320821416255427
275038,25.972449659620715
30044,26.758579892125567
232545,25.9837251814306
104608,18.290832698432517
53716,26.72361287914024
295239,19.60090532136804
50001,19.09460061496848
25102,17.15339090962151
155798,19.709370824896943
156714,35.117782099933564
15446,16.43982183519394
13575,20.47383346307286
53031,20.28639395049527
292631,17.38781701992792
143074,22.136120782385913
235799,37.935735886880124
295519,26.279481956390146
116703,20.453170427723062
138577,26.5977513187919
80289,17.352384848330736
89685,20.674092482180058
37122,22.540464644095724
275562,26.549364165696762
271593,31.443754098727954
257626,19.020646067426032
244098,33.274475149656666
137014,28.135618040000587
120805,11.281531850669877
55200,18.179226204375176
80394,22.788738374676814
94371,20.251126089031384
209163,18.64331944936803
113929,16.5160415990905
101506,20.628963963790856
149340,45.344757434973744
93841,13.216116851614084
130481,17.394700362468463
92962,25.981302097007426
31276,17.953531562772195
272947,28.07673745121814
218273,28.574150505159974
73474,37.21566784067311
120302,32.49118748336614
84864,19.307768919752935
87004,20.11513306717767
274579,15.750983700238773
44003,17.060424249293753
286922,32.63091302942131
56911,31.884098156192135
92099,45.693814386845574
186222,15.864818241448933
91206,19.725523461376
145129,49.01066630513991
12807,20.31525139283774
62503,14.569542379448155
132020,21.214354075148165
277958,21.614558516666087
164719,24.140179744008726
170197,21.17153033632969
148098,15.651853097356488
265435,17.39375327417475
209794,26.595748668661912
171220,16.80228973081754
34568,23.134293864228557
214086,22.605834819641494
227271,12.026808255870188
43733,20.61177528924925
237766,26.30122467840904
2524,48.95789943131787
153465,21.492736094578284
59619,20.436951643589996
34739,16.287884527527307
60846,20.687633844626717
84925,23.39686343376335
37607,34.89142950869911
209517,20.70216426206588
207381,19.740414309839007
272458,18.874039306271797
246453,20.16332633666635
7057,17.804641637336402
104317,20.199071594291127
59011,16.88831192104454
15130,26.642079733738143
197553,14.877538269761718
205414,20.48980042567532
107855,14.350671851406338
172956,22.665699731243603
225288,18.711970132022948
107183,26.77362164840347
211766,33.052780847958076
133755,23.129979882723678
293073,13.89646525479102
30503,22.5200825944518
29682,23.551928377046956
173036,14.359718452631189
229075,21.301628399523132
188852,22.93100810862756
165742,19.639586462012822
282120,13.230939178653037
145563,29.106919730398268
271443,16.922026703634792
7587,32.29638634900091
249893,21.11294390032389
39001,33.12810885234375
424,27.436856439292768
25293,19.739946023977335
212144,30.60492314729364
9104,20.180668284988144
289800,25.949289010696486
58062,34.504570800604604
95311,19.894096358120205
65917,20.59465090408262
235158,24.579991680427487
268105,20.697386157550458
111222,23.73768036955241
49372,13.567903384929338
152956,27.05831762317978
286124,21.13820699493068
205835,21.981194758773917
52058,22.346991547648408
119087,16.637821548987738
250166,20.386091578183233
287088,20.326248177974396
209869,40.27049849164051
229444,26.528507938189403
285433,20.3350123246279
245373,16.17557056958816
268561,23.658026790648385
72415,29.94534831041475
284919,20.359817406846407
33605,23.579783885622348
30492,13.540673509744334
273849,14.939616163301059
270906,27.434322475583507
123322,14.569741086499226
102389,42.303260676728755
116574,49.36482977014437
63418,19.804766018812906
184057,24.636532314410907
143679,46.10817918422576
99595,30.309179291578282
53341,29.136603670651063
255428,16.211648044712987
294133,17.369028570938205
135844,19.02955499684297
207780,21.149141320152967
169228,14.711536596731474
248925,22.245934699292643
205512,15.43685156798115
65240,22.324768104043248
126657,26.850179201742606
181043,15.75176156238982
135200,13.290452043023933
46943,15.681225458781665
226502,30.262506072228234
77329,22.717355580566917
253847,16.81344730407119
290813,26.01067158257506
118754,22.126969168000123
220440,15.44310561259715
181121,14.581041797952844
119871,22.190543306410284
68261,13.202916487325913
248212,19.39402435766223
290734,24.56915458749889
215930,27.137187477277593
25220,34.08387358288536
214219,35.02678331751169
173288,25.960567024541973
211522,22.045649691517024
181655,20.860122610009533
36380,16.267978541866697
64078,21.83062809483773
86304,20.241375138428772
9880,31.698027106249533
196944,12.956037473729955
116642,15.386408894497928
189443,41.42456416343852
171717,18.125368145708798
265483,13.237775734318628
124289,22.734928066649513
129867,24.59904676026516
142087,41.842781723607416
243874,25.03534305330111
1745,64.30861335197775
93490,26.059173337490172
91132,31.37589194905671
86285,24.78329418925234
58603,19.993739775437888
116471,20.779069124009776
27555,25.242174390529357
85668,18.473890355093097
231075,20.872419406917352
90092,23.349249408320883
210712,15.349250659914986
204369,24.24981777168008
153291,27.448365811310055
47762,17.389540023387674
116120,17.95370344117503
214773,21.46711791220028
283726,17.041493678779172
100218,26.247683560793014
273719,27.585081221654683
33519,13.340487224449664
259807,28.590074369843943
117001,25.014449447370893
100807,15.770117944473688
222243,49.02535586689605
183885,14.933092213098448
140033,18.91249370407695
64997,26.501712706498495
279258,16.282102324232415
29568,26.53787492961343
10862,20.276349034343475
244966,39.82598041242928
73556,18.56218866525692
143869,50.536434087281336
46558,22.39096408158853
99229,20.30865696971957
131426,18.678537555733367
210870,19.577753517222
264446,24.617160788541845
178358,22.872413063902506
123828,25.254133525568957
298213,23.910858344284197
13740,45.33932352835838
80512,22.401625280984995
79844,28.522573704894455
203646,21.382583620017346
164621,15.97474167789726
21756,26.84685637487447
53735,26.122618611744066
17211,27.9567760402172
131468,23.714266417634096
75318,14.922076993733956
210285,16.87218903444797
179077,24.69428432947207
183423,29.105480691135902
195948,40.228078880045565
13184,29.251673267591507
113712,33.65365753082041
122520,29.24137377914257
92557,13.523118622892364
90632,13.516224009405187
224316,36.21969386401959
105815,27.243275603264312
176633,27.35202327673246
134744,17.92689751933715
39306,13.77682471134159
79495,25.80100952802283
119161,14.900049421150507
141920,19.463847655159892
231176,26.05780347164488
87999,36.2625989041711
163708,22.32342228940165
134291,21.89647407143336
106669,18.89841129222692
190373,12.853740041091992
39163,17.528815856094337
223547,11.39492125870654
57758,15.43685156798115
91989,32.17512656082392
130670,21.501222453798583
92996,23.908795259088713
123743,20.73937119714958
205318,16.647168864859434
239332,20.1722567807032
278599,24.52229437392615
209492,24.060791466716353
235133,31.26923319901517
91917,25.70284998073912
110770,25.933366436026184
78502,13.978337879869915
213232,20.44446975324103
26437,20.7455499925121
23332,35.79720304348474
138745,32.33343846615957
277784,18.54058830834601
182471,16.267349199720236
90145,20.48654339762532
105035,26.42359484232825
245686,16.57921606382615
172324,27.50411578816884
62092,26.124989850666246
237138,21.08686957557938
231377,17.391583533040315
50986,25.413818914421693
77922,28.36021424625495
42783,12.857449264036125
11628,17.972422244739704
272732,14.473979503269401
153505,19.44794284740728
51044,34.951602002073834
46673,27.83488814501187
19468,30.45856433094381
1990,47.12976468696155
135343,19.156109455071796
63109,18.466381325102184
273910,29.292269325261884
226766,19.108122917186975
258035,19.860123265755185
17952,27.451996707666684
128739,17.51563558556588
113637,22.58568646534798
276031,16.947889829052162
156055,19.695254826783128
27088,14.898763613617524
85160,30.896413678892525
197335,21.481820808723384
54696,19.66328786752194
296067,24.64548289535265
117933,25.665298189669244
25169,26.18061905711038
172000,21.37470966660788
62512,20.544110178176787
27398,21.408318639488016
44757,16.3782323942988
295856,22.04073207589705
49611,17.347156053540942
101583,19.624610583080887
280390,30.203332353943402
189416,14.516202763937581
29837,20.287689377557523
17630,17.40598459402218
216526,24.904835142806746
285600,16.72562059666891
98515,27.55230944315615
53138,18.701976522118333
167667,20.18261265022768
155480,32.565665160632065
25069,16.74135525245882
72256,32.33517672008074
120956,29.528165965884757
86485,18.49081981391803
26212,15.684729717416417
227027,25.596578601434036
285368,12.882175942869981
129904,16.84256129020404
145770,50.87244465874057
285187,37.314908440295916
34597,18.936393774955242
233188,29.098360213989338
143851,30.528000346052657
235746,22.93897029418103
278578,31.04200665189352
213714,27.186091397388275
181058,17.908998959302227
148404,16.442859217409413
82410,16.040998862082752
289924,31.23941399953144
232488,36.67475608043817
194739,15.192767175402858
215586,29.67669669028204
165012,47.330131873594475
199934,12.70767734995397
54124,20.650232040646014
211548,27.521776690282046
38395,16.320821416255427
96162,12.452492885412694
146627,51.43147473519307
82996,20.96691223732583
214124,31.083243201783556
81740,15.815658799850308
183994,24.412829351619234
83026,34.27895610452437
178224,33.11473567477362
60433,14.55016968250373
1551,47.64254484012556
56879,26.52368764409305
57146,23.00858990765613
24355,20.715165291693936
125441,24.66566428292719
238452,30.20868762001091
237478,18.996827933846948
181580,27.088637452303146
134893,39.08938258574544
84908,14.57280167999711
220653,22.04915573456045
69040,24.79038976899265
174546,46.66703606976948
9145,13.661481512804462
32788,13.901204329074691
104382,31.543248164908864
196809,12.222228389065293
271429,11.997926985003076
260931,17.092880471271545
116051,32.50290976661962
216411,17.53025677347004
154164,31.285369308458918
207950,22.705033803949988
164001,19.85679475483099
259606,30.74339551925753
28036,20.98017083345325
226848,24.040909096019142
21119,41.858587544825824
135497,12.541507514077901
203038,18.7893346018191
178275,15.274081078241377
165666,23.269181141085852
173102,28.11485106574934
252767,16.236155003683564
288913,19.145350379061234
285797,21.402640241066226
4527,49.374437659661154
140110,14.492092134394468
20636,15.91465083229468
150900,23.179299240037672
150425,17.401169980800933
101627,29.127539691149547
150630,30.01637909746996
208456,19.826110085650058
133005,18.343744397932504
291903,27.883047563549503
182270,17.565442191618473
237802,27.489608050756402
35351,15.380778925198276
49752,13.211560822302369
142951,32.90139637771731
6110,14.811970808063574
54500,48.618230504222325
286876,21.972139761891054
138946,28.754357708685347
272782,15.51539851282755
177915,21.617958415207827
191925,17.584751887045375
185202,15.441395570873416
139239,18.166907256042684
119220,29.85636588786728
187826,27.05005356645439
136822,15.756212018192922
258679,17.89619907303669
4280,17.808303819427582
1447,32.17754263465581
96649,14.359954978821799
47404,23.49074740695574
143757,42.36701686822581
169195,34.1594866790612
90476,15.826771663620857
147225,82.43942715523565
263978,20.612089896253444
192757,13.797207449654692
84281,32.45475955619956
73619,25.695512974157204
223842,11.614166976180964
46238,16.96324737733762
267051,11.281531850669877
3274,22.19568182899915
123129,24.03801341715361
200578,29.5528414859072
148998,23.031217773609747
171293,13.878203281970162
177490,21.369710868153312
125507,18.77966160527634
243198,19.45911620915023
156155,22.97430864935369
212873,25.95683994361974
277421,14.78162521826556
215528,24.430582314481182
275773,15.990592663472711
101723,19.92601760776931
245647,21.87595781429901
126744,16.44546919438969
265788,17.68676112381615
287338,14.002662955847674
16662,20.849367962291396
137389,15.083116769580243
99989,13.343314514591196
283974,28.729433581433046
285838,26.646323616226987
60347,20.72512190514103
190376,26.035687136378463
222971,42.53731838732824
271901,20.722187596752462
29490,26.963322727959962
242014,25.682791215974238
179530,21.31821544664918
232968,18.172193110659048
270602,21.016500585224616
181223,21.51657910606236
268735,22.993749854157024
9045,20.175882290469776
51466,15.44405347608959
85456,14.216575423404114
15844,15.707553259716757
133103,23.761629409066455
211780,20.10575212928621
38634,20.93411136209245
170712,20.395135585615144
267412,27.723478026568635
288337,13.943314643437082
139205,27.939453999442662
156110,18.883303612343163
77668,33.194589665262264
18256,30.357977498885496
288451,29.960831315146674
207215,14.878784620692079
90031,13.443839180458562
259850,31.41067770231341
157245,22.52464414256384
159349,16.280307586861266
35770,26.834069276697903
72561,18.6007880796944
192288,18.086053213781568
4368,12.325507908167342
191417,31.777539654645125
86339,28.432746838155936
185793,24.77451148589339
151317,28.696125184834113
193664,23.29176865794352
227759,34.53918047750774
216863,22.641929225494444
214238,14.904175821265735
51159,33.79517563489535
191956,21.37070590001176
237165,29.454122548086445
276832,14.61660522063617
276667,15.791215223199583
94034,16.369023144641325
193822,29.086073842206407
40078,14.975089883443909
95350,15.376319367951975
152829,32.95120157879882
120242,15.846126817453627
289411,16.363489055125722
295983,19.074251054865236
299315,19.496944906659785
147831,48.12006771915977
229348,14.434365436137586
274455,21.047317303419256
40602,15.146362705247554
108827,15.249162620657865
171513,22.571033053377437
33125,14.624050012529755
232938,13.027040776875783
260794,17.2702027755574
149829,46.2804623728734
151722,22.908616548967995
69120,35.78784886029816
286611,22.058171673367205
33835,19.87784840591963
178190,20.435434423651053
245643,22.13477381124854
142437,35.564759708628586
123252,21.40670149538379
131045,21.350625867007675
149771,28.35931647467144
175639,31.934143464117007
33803,27.21290516676347
209659,24.099481561645863
44297,26.0691660146598
176843,22.82981808932586
228701,20.86390566927247
294247,22.717355580566917
86444,23.084203507286425
35847,29.88699063525137
18436,25.26545613062596
4149,34.75274038936751
170202,23.61993491598349
163730,14.474143312237999
86378,15.230403348894047
141215,18.64272618041305
298196,22.963266895142084
99328,16.87008478285151
45887,18.04389303967893
289232,30.989123789889465
133089,23.12547304027711
286877,22.00799145752682
121303,21.026909785572744
136372,19.61122789224046
248758,14.624050012529755
196877,33.91686323365017
32250,25.017755281592052
236276,34.93134208059015
76476,20.343661066893883
199874,11.338836546125846
230861,22.795797597583256
285975,16.48723944923838
77411,22.699294944249772
251233,19.740117014528515
26094,15.986160100472915
259899,24.944883232626644
277204,16.598971994288984
69946,23.59159414597862
188555,18.080132915669218
106632,15.50675116778794
69681,14.785845406122373
23302,18.119319901828323
141174,26.504303165722412
47635,34.309678142263095
243657,16.79616819063439
34075,23.66981758541036
94785,15.320030044651451
244888,24.810292668847886
285375,17.258277769393864
3371,23.88877094824382
257441,17.771756797804777
258463,20.48950648306974
135440,19.350093874129794
167317,18.019959775133167
222145,27.20988324728462
270281,27.940093132652425
14141,22.375540240498395
230258,22.618714905122626
29152,32.16877094506238
294520,31.830402773220545
23719,22.0501014145361
93532,24.482499846193384
267676,29.67669669028204
101408,25.496334103957153
217067,22.20864110691145
274850,28.657897213780082
211343,11.29188203850714
230086,26.916449444854237
95035,19.58657376120872
103558,21.548565261438444
213619,26.02439019577226
61947,24.41683674218107
123271,12.202274783668729
118891,21.56112595336792
181962,22.843366900000262
108227,38.40865657978904
285318,18.01600551851007
223918,45.95184480074833
265800,41.669554992708264
201120,21.022125106005724
2125,68.69927920757713
80535,21.920340767400514
186926,16.137743922396243
22471,17.54641832364625
242419,17.233157491632987
9331,23.40798633433313
207209,20.18513495238715
184437,25.05204059279247
243579,15.183751734720556
190097,13.13103632344776
284637,17.290017909644664
218256,19.915820161624215
108316,21.337848505288225
221375,50.48426878233596
193637,27.101778407704927
124803,26.59572536336777
170357,15.69333154838784
127062,17.118027261390854
142499,48.68147869183446
251877,21.52888655017191
61747,29.264962433894073
226384,28.053758748745896
177578,14.776181085619617
202858,29.949027663362237
267134,10.755122504118962
168260,22.01960727529424
88957,16.030473835664846
135256,26.13498205947723
145833,24.863996950667364
188932,11.350830920206672
127205,26.823435581360762
174497,13.266238948326926
121581,27.592150607069385
166273,22.98062059471993
113703,37.27361853195679
268900,15.995635307215007
45724,23.24152934521718
96553,30.444833826149456
187192,20.36639177794928
203466,35.03617542764822
297901,20.595211988633196
253644,25.91356908818774
55977,21.351422402800598
217711,15.423136922766108
138586,28.251024150924696
65586,21.950712809189618
81454,20.9912510320142
61415,20.968243530816714
58176,22.00294844267432
232853,31.95124662393595
53798,15.764017994158081
278416,16.78619691336122
278728,20.848318729057162
240293,25.082052458985444
287913,21.723120828387
95859,20.57108998715472
73599,25.886855175124516
64462,19.44337629108414
252605,26.612532703805208
296486,13.96353190231666
23,23.726466928100866
97967,29.127539691149547
41615,25.58017040509957
3702,13.99796649259559
28595,25.741199842592305
218875,27.43537421641305
172922,22.236082396720555
13932,23.8526459845818
154750,25.8143990592104
298157,21.07091628570014
201790,31.262468299784473
176306,19.55277238255635
13536,16.248627752561937
43211,20.46459372844916
85404,19.90365112135516
124974,26.672630103118138
37822,17.549145461514378
25564,17.689696726869098
83828,27.109132158188423
29211,13.930052145108434
91332,19.164122763318495
175869,25.077718610612276
261905,34.03824260590739
163617,18.673553142676436
163348,12.984357213723644
131928,19.27062962908221
275756,21.477826286249915
29795,25.949289010696486
20343,27.602331793253605
211148,31.56437367792737
246194,19.873172515456215
92468,15.872616984628138
3844,25.024567641754526
173693,34.07487942158967
25769,22.40443403316903
252936,17.528904413335212
212751,26.541345785292492
105335,16.247136098888966
166988,26.089034270901788
90910,21.873312977613715
221841,30.03036624294372
190013,19.995396784667673
80309,12.16602796731695
229366,36.21477212510115
95160,22.22257112612436
12481,31.176825469123393
219017,18.448174886745722
171902,13.665676607938718
44434,14.274228640265884
155490,18.696710236032708
222900,18.39718116941581
216455,25.800717360857174
75044,21.205335789421884
71709,45.654635631898245
217071,31.245872999168775
166710,26.082978579117036
162988,18.436881642626098
158436,28.427939423306505
104974,16.518322443371854
169447,15.875252612920239
178579,17.464669516055753
232564,35.829070545704894
136965,20.39783773135313
142786,33.34163411359412
8652,17.992720959205776
198673,20.421948127913325
139414,25.427578385965216
276857,27.207315439004578
267003,14.624050012529755
81330,9.845089398400827
152202,41.80533593068752
64085,23.964706902800266
93525,24.964243956095906
228274,25.4808355439222
234720,22.51970139554972
141081,30.949173418807856
129485,24.656361123136882
173946,18.40864509065043
294565,37.260775241421875
248254,21.919802619676176
158898,29.686965478803494
98579,18.30903170096689
93593,13.404688410234607
41229,21.198237576956664
7175,33.58905490905955
275719,18.401297482636643
226653,25.99908472592722
278614,19.040535622270504
174221,15.929305563855468
165026,27.583021956390144
245113,23.963814529316675
259341,49.04731904701402
13057,30.475949722839864
125123,23.24376813551417
126152,23.433187996195528
168783,19.56822988032801
114550,16.8168269664808
278702,14.055260555615178
69159,19.287529854215272
379,19.60712087315938
159623,20.8762147504079
198306,13.472981532641544
56692,17.492353466291036
7983,34.12932260971945
9962,21.789248916720798
125288,19.646843185604435
70375,28.479263703787602
271551,26.05826897398553
106804,34.40232204975838
297866,16.777273262094052
257314,28.145990196845396
213450,30.27361725818713
285933,21.17376099014576
53367,30.063802440995623
163792,15.82492721853643
99828,13.480850215402555
169434,25.503011013275326
41075,22.052879197289702
147846,32.31375813291453
232559,25.465379729713387
67116,27.460587120746066
194447,29.82533607785752
243649,21.092091450322066
8350,17.19837416864262
51546,34.04269183901107
80172,20.074011633505258
174090,24.197884618629182
163644,23.58236687830713
219994,23.003708893739276
99450,22.678296142537228
258117,25.050319001882563
177324,22.381935353174992
102016,10.126501903958077
227257,18.169657789744914
44138,17.900540538868373
139541,12.82212967466143
70782,24.1921459778211
223827,26.956223558948114
114263,17.70653492762974
203318,24.57182319840881
145081,74.42134561700998
265301,25.292071370731232
158400,14.383397533175696
277285,30.57868314434366
36505,27.69401589135033
220634,23.61212980438804
101364,13.86436852753655
175714,11.046334166026377
246582,25.737740162444425
222902,16.289345821731438
8608,18.348995452807713
282221,14.8057165884722
69257,19.36454534315327
269704,19.927497406848865
122731,18.764803711332856
194663,22.882006485402997
266158,35.30507523563337
87033,11.953928706536354
79490,11.19008811593957
162613,56.52035730143664
37273,20.070793331442637
184523,16.92142403800714
232816,25.431317909195435
287470,16.785759986154403
296502,20.8542576331482
132572,16.962829738436124
149525,43.55066882015158
273909,23.99459198350393
285876,24.115896609252317
23561,29.832285460356275
148456,22.654596828999146
23483,19.37431825810635
121545,25.537161302701378
8224,26.083562113748627
285326,13.312919498259504
3692,14.776479909217063
277427,16.201876133548065
235689,27.46153626543758
74771,28.555548548705996
261260,23.728372612398516
206638,12.481644953799409
133654,27.097623626652204
129917,15.521622733903346
255063,20.54383663090776
46917,21.656905308064218
29341,16.848109323235057
156818,28.872710356480543
30445,20.84980203073683
100860,15.563092654909784
228585,30.437261042886878
103995,18.5285900694742
139758,31.224197537374483
126880,17.55058641233584
161955,16.579323249812845
21549,15.783430071949663
298932,22.839554241725505
194805,17.06402933941675
34434,12.834686623563533
213027,34.3280549599243
112106,25.15481740696769
142737,34.848796654270544
61079,22.805231171979706
257058,13.018900270973063
69507,21.018505236420395
91504,23.76329570702439
190476,19.174956653522162
270537,19.11722927592498
111749,26.119614193725035
38099,23.615994300086456
60015,19.168050615835174
33392,17.424188637234195
86851,13.033969204964546
57685,22.286302724991224
124387,15.736245952441156
181756,14.285607105091094
83078,20.70389955837748
214888,24.26798945318314
71344,20.733132164056148
58442,15.202711868711063
75222,12.752527032353541
240483,22.207208688626544
287927,17.362767954206785
218455,23.26104222413134
152394,39.36792411739843
214834,38.83782871152853
105777,20.931540193671964
16381,20.099681570348505
276684,19.853343373273553
260373,14.297677682418529
188147,21.654486077281444
5376,12.592743644267392
107750,23.7208511218635
85845,18.509367995468835
37998,22.5353097053782
163326,20.509557542256317
100886,27.69401589135033
107813,29.230026099451994
79712,34.25655378528259
88840,14.70847994687919
123188,17.315679211257383
228019,36.50596727518288
189571,14.21393456848445
250082,24.213816393243665
142976,21.37261813097495
48033,20.408047819762402
100147,36.37477927101546
101625,13.795935237852515
114140,15.498127840684266
285653,22.843477595314653
58266,39.192333417342304
44938,20.394577845971526
93728,11.953763313031757
92209,22.26490314072641
92181,18.919983109686463
112085,24.89631123310574
284882,14.42372840695241
52832,15.081264520697854
299336,19.47828862342597
288721,22.895318278755873
147795,66.16786506740925
131674,14.028367176365629
5655,47.614664840125556
45567,21.6946996917119
101655,18.388492793735722
227921,25.471168709354004
214193,12.931223918628593
90974,14.56250860660457
83434,19.708420083738503
284216,17.274232402952094
58633,23.720243118121402
187108,12.364011303572301
2317,43.675278245156676
145789,73.79093579724953
109658,29.090354233816036
201748,31.20680741891644
207380,28.8930984365875
111125,32.71445178771853
152228,31.171838710650338
191352,15.23156356802192
17467,22.637626039363013
135133,25.107932246594572
133322,18.59895343478623
151960,34.477525588981464
217038,19.577753517222
265797,22.806479934356638
233608,28.78651740922051
63987,27.376879244424963
129293,14.36817652314627
177155,18.825703796356894
27273,12.339034670015867
224562,18.03533928823792
200439,43.82545606746976
288070,25.364445146283185
190082,15.68931633065819
66263,14.524613396302675
204470,25.22252112629856
287083,22.318538693047437
160086,18.397289319602873
115076,16.972376931288593
152344,38.96491424533225
153791,25.98770421323598
224528,20.711715602895374
243811,21.736440228149593
298528,16.015050045115455
292500,20.733830404740058
110540,19.370545639576186
92518,20.462830584699432
178611,27.322812911154358
249621,21.8842519514836
87971,23.801149545627805
173351,11.31763360776964
114340,22.009501151212167
70633,17.849266968381865
69633,15.67289464331655
208968,17.71880461143786
215706,14.730810408015392
288842,21.029345555595672
206925,24.661753914988257
180336,25.72886429551543
14945,18.45968996859842
69324,32.01699935272486
292338,24.084276261065607
217349,30.997491865687458
158993,14.888529604234838
195950,53.09001190079762
123072,27.476750460527747
119249,22.53959318222291
37931,15.376319367951975
142004,75.35365959783215
94749,14.15387918330162
556,19.110150188143862
122257,16.5430943394973
99788,22.098135695045887
216317,19.7840718697505
287303,26.019161923809055
104658,14.865238271045945
124253,23.299334041484038
135730,23.115157087189765
134100,21.050187944158637
160956,20.185650079903688
45085,23.932028873926146
88737,17.92378969272492
63836,34.41033518997146
249290,25.91190708063332
28888,24.651272038628658
181358,26.642716788936468
297145,21.303612308588875
3020,36.29819978013952
156240,20.280788543472035
128219,18.890709000202794
267843,34.61008715380431
79909,33.252176374496784
72374,15.274081078241377
179372,41.31675486430687
57587,24.201074080640034
43070,23.727201576811115
119549,15.745047061555876
132590,23.8238282782817
246209,41.86362830932047
28248,14.589309392091304
27604,15.065942587602478
73680,16.60787627838373
85948,26.576797638457172
285323,11.632806219754057
57161,16.341822435130236
111331,28.48053175167404
285856,25.409046284852035
195795,22.919649854867455
150556,22.315216039812753
94241,17.001971773954953
41690,18.330858434064645
131722,21.896855899114772
65309,17.16727523451695
77765,26.216216632518126
290429,15.030910489803523
161223,15.606485012630694
281233,26.19707348129426
248387,20.347934394686312
290580,22.114224058838364
294813,18.896047867076735
175391,16.133602652879407
282245,14.205881480220029
185567,22.148213964460357
169161,23.419989950931516
239144,15.221604953272106
33412,22.196816677371796
102340,20.846382268410906
111289,20.53385310990378
147848,27.51151447505642
3878,19.54446293654372
203007,21.193467755981075
293365,13.1985417663584
209643,29.430600776252316
250690,25.582032489817454
70118,22.40677236706721
289679,19.68019346843368
98330,14.926568901995239
188330,16.444703489476318
177685,22.90744513849572
246329,23.76234194475531
251601,19.15955411904786
59729,33.18830924278146
37428,19.58657376120872
36294,23.269181141085852
99670,25.942609280149036
58789,14.776582387808247
21105,49.77526746137589
221287,26.969249669242828
116212,17.416684435456236
196973,18.64128063453302
148509,44.35134181099953
78837,17.530301574711324
152373,21.262766462467916
188389,26.865474703800157
29044,12.275307800145127
255014,28.98013265865052
291057,13.041575288085363
147778,66.22210609600099
69490,34.18705224189686
75624,23.417530540093594
246495,33.367339466192206
11566,16.296587744364203
120574,36.95490976768487
107175,30.90886071970608
108330,21.734914907019963
234666,21.67110856940173
164100,25.78263788693696
153290,20.204289746190508
174562,19.95723138957262
37580,13.940703636929948
288378,20.684453093566585
26242,28.940267475295713
71761,23.36677383450616
170864,29.76059103264304
254297,15.815492143594295
62342,22.22757911327264
91204,16.54894132055295
111634,15.340677277103449
116698,38.655609093902584
141246,23.24152934521718
6838,23.77005155253078
207693,19.535642538877017
90718,18.784401558680155
268702,29.030268562200156
188765,22.66153760281967
16851,14.235000568409248
176906,28.28021029975834
204863,23.824621773022837
170450,19.115632626822322
81169,19.128842826192678
79190,17.829653723110948
235190,27.372028277749916
65416,15.106841714268873
135916,13.59658621791084
85023,23.865975071010006
102438,20.43408928094859
195591,38.64896264176339
120603,22.997098863675667
26527,18.30258579012029
92500,18.685911839043403
263912,28.292093681355375
152302,45.08151193629279
82895,25.76277622927759
232551,22.20772890822901
208003,26.29237046259796
208900,18.524565411216194
261405,16.844042958745746
21923,11.674334752864633
48999,20.8610092939344
262236,19.200881328533377
238017,17.10981725435509
113567,23.171374237749554
126183,20.98965418406367
15813,21.03042434023807
262444,20.2668474774209
187024,22.04958291455697
100183,15.182595898770074
148987,15.897395236540945
74900,29.021855079783542
118844,23.27904545504348
125852,26.049927365801146
45149,26.159905243162267
238546,16.921625277933174
186951,16.955184347312382
208384,15.421170281982763
53886,21.682583357342168
266548,21.73355678547705
115419,35.17111401419531
167029,21.211618113785864
189681,25.1706069180484
238979,15.402377005523146
62284,20.544110178176787
279353,26.971844913200034
61,27.351199400585397
178491,27.96827119220642
245871,36.36984034961807
93117,17.698438368515003
276942,29.66036021674234
213540,15.870001413375808
228999,27.511262999370143
239956,31.794984373815225
262056,21.639221184656726
180463,31.006323529515576
122481,27.18014544282186
292330,17.340251389297446
270975,23.304559260050098
117642,28.225173241135906
279517,14.4043800134832
176590,29.4145370750089
240825,21.393073209752906
42856,15.086027663268691
205030,24.46713824549069
109706,20.185420933152436
211605,22.253327340389827
79949,14.958698969170163
123971,27.015982147611385
116170,20.692514490959343
216855,13.14856842616373
41818,19.262147373964364
129078,31.100165863533853
73139,11.638210169195224
144006,52.14826825253933
49344,30.503981558350187
56230,23.78661572669654
274103,23.532202215198744
29115,26.898828090799192
283061,19.522594095598336
113063,22.251296211808125
10843,24.560768276919468
106767,22.39379435188257
199500,16.136076867661416
247076,20.411589769591696
283190,28.41345341575025
244649,16.55818041734275
89959,13.993724633295212
217519,18.541248652445248
78809,24.718825425526354
157132,30.933582299763696
122969,24.197185768188163
125253,30.87636532917448
197788,28.494518646885304
297144,20.172401262851043
197221,16.465475912134373
100505,20.16301570486314
281689,23.157551503037183
290588,13.863496467260628
187431,21.7239874460449
22560,26.06656387431418
274536,25.90844696888889
204370,29.253157887729607
15301,17.802390366118384
114203,20.551878669006683
236355,16.122284084957347
101343,31.40432210043179
161712,15.414885076693887
37812,10.481230842218022
215823,13.344366121251221
40191,21.599061642771062
201807,21.112037648447217
148071,32.37236681619221
163274,18.18466610629967
8841,19.67964527422116
209138,22.71830198894212
28577,21.462440128094563
14320,22.386243974603563
23101,17.602659426257897
183306,16.253614032331917
242034,31.76284661659637
8656,22.02540798081999
270535,23.246583236081527
101593,14.067249834006867
162854,21.144547182443837
47380,23.983680709300693
31645,15.274107795565229
264435,20.500882320362617
200836,40.80317346268778
267475,31.417331817206865
251141,15.112423717987223
21823,23.03147146791137
80682,16.580642495798806
60917,12.47505253157686
137013,25.503263353795337
216258,17.421739204345794
292923,21.630288552566007
215856,18.04543918131062
55442,19.979856971307072
26946,21.30560198629906
267523,13.862885123423109
220117,16.294959024224042
32193,16.872747676886398
227934,21.09613747571104
49384,20.86657662136307
90849,13.925567031644785
157096,39.07480205508552
264160,25.431317909195435
171977,19.966143060665175
217944,43.192156466096016
112233,49.39752812640298
229554,14.482125437485573
62167,24.6051796951592
63152,28.74001686774063
298422,17.931990946848185
296526,16.609547071844194
67413,28.331416232261773
280042,19.054588072821783
92659,19.133086119575307
12705,25.898863031229645
65696,27.763492540637902
229085,16.34630928971928
267146,22.843477595314653
229430,22.911524784209217
50726,26.286986543897797
232595,14.467686934365625
74799,24.11906485078129
187168,18.178569079364387
26340,19.556321845227092
92899,27.055617384907805
238374,23.88122990638202
240264,22.882084175884557
34635,24.059812630703345
201507,29.687846919329512
169537,14.038489761891052
138903,20.062498251575377
155519,16.335363453673665
35150,19.558858833726894
234494,23.97473246455082
165130,41.30853098612829
169081,16.20976613828384
219163,16.148448121269205
6432,26.674872403270264
40406,13.769034455908061
167774,19.253361777865166
181458,23.924718256886802
257556,28.117685842121965
91180,19.241482327476156
76942,19.77111606903512
125546,12.326322062830423
154360,26.528507938189403
94232,30.521655447862166
101719,26.528507938189403
12363,19.095685947966096
114598,21.496603113333997
254551,19.011032634938697
284624,15.281807444511653
130453,23.905805837504822
11406,25.092446840477052
95832,20.93996977938321
30969,22.250638035787738
20428,16.80367902774035
91877,32.57108057344925
272375,15.552711563905245
66208,24.13215181238964
151167,16.599844644346806
130913,21.25576217146141
188563,20.71876676258625
84787,19.667093555697374
45817,32.70613252235499
271168,21.35412013760933
122083,21.507214798585405
288723,32.72075540380094
150833,25.63694260730553
106212,24.62779468772428
278666,21.514130236518973
229943,23.216623951027998
179187,18.104514221279736
283426,14.02479633184274
51034,16.42897221363092
192046,12.643346196668436
140891,19.437518541232144
76716,15.210061895964396
183801,17.10071189509718
266580,21.793113428457655
179839,30.476884906845516
298410,17.962939510419126
163804,14.012863917200253
242055,31.705449308458913
164559,23.611230312497106
254826,28.99721822281885
33815,38.22265157508756
206306,21.55824911082005
69820,26.009649100264973
189497,10.778760448710276
48035,20.49134727391794
15923,28.110180215891557
243794,26.004716522415105
174190,19.339658669511927
108767,26.649738364494027
268221,21.279430548230085
58413,17.43288777371104
17734,18.544110951996224
125091,26.908690934739088
220075,13.395236112197287
224161,13.514428811079043
255693,24.96808050012296
269855,11.158795764265781
43568,19.492374418051917
25826,28.400407274941927
271658,21.006856445921034
138891,21.450205931518184
35240,15.921589804928825
174797,21.519432844074448
140548,14.34000969408712
103303,35.77775062346766
151525,22.672032307857627
164466,16.87959425565294
62701,20.360515325722353
115246,20.19307789472662
74632,27.051944281001447
12381,35.09780738272384
280535,20.672855752257597
236510,26.675489702109758
175057,27.28025802235221
177759,19.874827035662797
276273,12.477390180771922
209582,14.78998640142487
163086,26.6006164252472
247342,20.60960888841516
35782,13.883394622944337
15171,20.827600714918404
202011,14.491050374911662
117312,27.744442231606524
107958,21.16392561783663
5510,20.810889451412358
236014,15.286346905437842
47399,37.4678097625663
134372,21.372191032781693
233512,23.523892783549407
535,18.02253441766679
296471,20.329062225479063
168290,24.88652475753661
57165,22.70759643491783
255122,27.090762739479487
183694,23.36310304837918
162742,13.513045494246237
266590,36.64773681638387
10017,19.90444092444853
118134,27.158457987063162
153434,24.866949777151902
19637,22.606015219527205
164812,17.556648889023798
232176,17.784158937165266
124629,25.7427494709018
148457,14.674573598682855
184154,29.109476948727966
25647,18.57380883922948
74435,60.137212679263385
280909,29.832285460356275
106320,25.292071370731232
166450,16.569008767648153
120169,21.18606623821968
261707,15.297269310979388
229626,17.96203235547563
221126,16.844590355099292
42140,23.963814529316675
280964,16.073668981572684
62685,19.140692509018375
111379,21.67553276143432
133349,45.62729020929752
67734,26.061143158099945
268378,9.990916188717543
68929,19.148793975647116
161317,19.77007260579986
278761,18.571597508253
238444,10.338492057077229
10980,28.040499595763983
143439,16.87959425565294
120216,13.052168117645431
36915,13.757908572820941
287989,15.636237599487453
58197,25.279025296951456
118323,28.78298164123396
183391,11.706065462082222
150982,27.302973304547816
37557,35.38541335603864
175190,29.946034091535456
23137,17.00524506696556
189288,22.821074005184567
51289,30.69702427510263
239584,23.702248325899866
87460,15.309999921607613
91686,28.256836986718678
97424,14.98475300669622
55461,20.474006434540076
263909,42.57320390280837
199941,20.813277379025877
24388,24.939296141008576
102573,27.32707721672204
146143,47.24046447297529
179617,23.048796357983417
154084,21.460275992015916
145394,32.468149920312
284453,14.204136595405515
280970,22.470818323924455
162441,16.413445116453957
279220,17.478449343718495
155696,28.42148229916604
245866,23.664828165138807
140341,32.10548074603456
11614,15.446905304388384
276726,17.64945502044432
45897,20.401260630088096
177677,16.183850738073662
187356,12.940384435306331
93468,23.37239615559055
43046,24.647903635003345
297037,21.480758951603242
131745,20.189561830463354
58906,14.297591557709916
172378,22.88628660765519
249970,21.723342057912646
64263,23.909946057024477
161500,15.745411477869132
45048,15.584190021419237
165477,17.19715615123111
233427,20.999336502246415
258888,18.882011499310373
211095,26.584822097007425
132241,20.157518520780787
24372,14.158813139408906
179360,17.992392660660194
167952,16.90749030916824
187226,14.446588441896463
18029,61.0874544086807
182691,16.015547855309045
137295,43.36744047183902
2371,48.310101655695505
289065,22.138697362377222
75432,26.5706845429424
225274,35.65874523711859
188991,34.41001619896245
161576,31.03513024292638
1593,49.37745191843246
276575,31.943556033791076
165324,25.396672424364443
103935,16.362321290266042
32878,16.999084668809967
278039,16.510633871376648
163047,26.65616261378853
246479,26.367183236440376
12364,28.65432341579317
265443,22.04090121789316
111097,25.33412488972656
246065,25.123430490799972
274660,24.87983375410595
174333,16.440839043562924
286953,13.473315770819806
77497,16.756012569845243
194055,28.590903534810423
210424,20.443977523199184
128842,16.60039986682346
9672,30.792464944117718
15928,16.311700554271187
236324,18.1670033366095
289814,21.794283476110415
11813,20.67822223869546
263864,17.908781149264854
13239,22.784943500499896
104935,18.988954608071303
295907,14.865238271045945
298871,23.505062118261314
102800,15.985705647214676
299038,17.792008420643477
274577,16.523916203707593
239878,31.316986717257493
48950,38.582747224843935
124318,24.923638899935042
150020,16.013086650552655
257019,13.993724633295212
247322,23.86633387511885
34376,13.040541016985696
281707,20.37424716368442
69497,50.81605791084723
148391,64.98692597288886
85964,25.171466581808204
91788,14.567676354266263
207001,19.932300492335862
89298,13.649432152635953
132121,23.16612814443683
278255,15.692441736463525
219042,18.984644910064425
1395,54.08778330615628
5159,53.61120246784306
186751,18.06356138784674
187430,20.641477137213318
132586,22.181556438268895
134591,20.886670685522393
223686,16.770850409373075
125043,21.388078105045913
199326,14.250033568953194
258460,11.369150431444648
257991,22.36592497793713
35295,17.970758284138455
208623,15.087083024461265
49076,14.865905423404104
265165,17.032504331375414
64897,21.030840114405212
9352,16.239414783999784
148107,25.21932331721057
269123,14.012863917200253
280216,11.271443962261793
63344,32.82292092438779
13994,25.351860678328883
252803,29.129783334236482
183503,42.002990654658376
181774,15.595674473467207
245764,28.07673745121814
39985,28.76205457003079
115599,14.611431528987861
106381,21.703673894495843
68251,17.158968254256443
76964,12.34633463389277
212141,24.504216554137695
1371,28.53124328728655
286632,28.701423249106664
266175,23.235987810021964
116727,27.390769394519946
211869,37.956520927877165
193363,36.26002393549696
280552,19.276789899877564
228162,26.470532815625358
298159,25.35449567423371
22013,28.389352555285008
271949,16.07868126155768
55400,22.34749660984382
195320,36.127981355239896
245818,19.357435333739
262638,25.436254904071134
211724,18.909228999744936
208428,15.097985758851399
60064,18.822134830894647
56678,21.90801857535638
290634,22.62820628862739
21227,22.917737906761456
189206,13.655585267430505
291,19.3797206935212
204081,36.98893409369194
259234,13.899065648898702
298649,27.86977655956732
292109,24.347624959065804
74349,24.565915189749482
87899,22.895318278755873
68286,14.966586174853498
291839,19.74908821676123
119411,27.019427525524765
261592,23.109643577537412
101303,28.053353094052984
30251,27.10149282403927
97745,20.559970858205254
262588,20.098921966512414
206621,21.101492852853266
233127,19.663932401414364
177223,22.71678696348679
200924,13.87659399477179
209215,29.989704020229265
256386,38.704112774489246
27834,14.315504317520777
13107,14.678382240269707
132395,14.645759541077538
273064,22.763166354653137
260797,17.96695766686569
6175,16.134493523134225
213053,16.072014435456236
4336,11.666607557980734
221949,21.952943931428717
201854,16.109028698727123
123428,22.109364624488443
73910,22.581334668913076
47287,19.66242863919893
36896,34.58432955542057
161150,14.883656498690408
221146,22.581334668913076
244644,21.464987387693732
88890,22.24023655889992
142174,29.56627099352726
178709,18.476680177077395
228719,29.833708948676144
291976,16.24746352553354
88107,30.881965082981036
88211,21.076737874843438
65520,24.33824112629857
284354,21.48137408988743
68558,17.55306787847853
122428,24.99698884725094
134853,18.510444350896307
134312,33.36890639815182
66550,22.930340399877576
151806,19.86127898444007
243530,28.591560607069386
260029,32.34942936075519
260701,17.222379918185602
189392,19.252445961854857
33342,16.787123571418313
166726,12.314700217232417
83749,20.669555654599876
107599,25.880505828491742
39452,21.032364638702013
226957,21.86698927181024
46563,24.382769023017016
118807,25.66245782161152
146279,23.999764383745564
261714,25.38257393069806
239428,27.039140948243812
134878,22.365323167128434
258422,20.343497884464945
184845,17.86479020945962
200988,20.609349793658065
102540,24.82251102911023
120162,12.323747557636192
40683,12.864348974202723
88403,18.07572938080346
235930,20.940722298157205
199894,35.94441760495015
275330,19.676161188148406
142820,34.738795111106526
187587,26.128685659753547
205918,28.384707625217107
280426,25.02183854463639
123666,20.954681520753034
145463,27.627851049652428
269311,23.637656058880633
165008,13.87358186039541
251168,17.015604958536894
81065,28.479670909660637
167212,12.692268366936842
270450,18.735445236333852
57818,33.17445635255357
191976,34.426086652553096
5780,25.548581958345412
184287,15.668642354110375
16793,21.013593326254465
120270,31.195618916518335
84606,22.372946233231204
236181,24.839395697518253
71047,23.028592614692304
105272,12.019585676132525
128877,24.827540190596707
200693,23.387217318056962
151931,16.563720307385047
247823,23.954704877302664
31113,13.023524697122676
159823,19.013566941407635
49274,24.96808050012296
290197,12.020718773387731
208176,36.90605508902671
107437,14.981967318987117
108190,32.475979677260156
117940,14.894516465136514
227815,31.9783601589598
291588,23.36230228870291
242439,42.287917200943724
147484,14.550742133542489
212598,23.921143062902342
31072,25.846947166638266
263837,27.13148998514662
11431,30.68838981698886
154909,17.60366172085785
244564,26.742000403689264
193867,16.330137257619775
142387,28.152893370496166
297915,22.920513818811926
285146,20.85146704052456
30008,16.76947992406739
236095,17.345561137058496
167257,20.694353782588173
23427,21.44614037873226
201351,13.874771608750738
285406,22.775747929718598
199866,12.202274783668729
220464,23.311719695005475
186369,19.31503268767278
129713,26.5535748661981
161083,24.524061442318448
181566,21.027104385100465
137694,27.137612766774794
48145,16.37986946386756
284318,16.106763804802526
263886,22.683015695119924
14471,19.519881218069465
194628,23.05715864568156
35576,20.72591318660574
9811,76.08724618004315
98183,22.255976663148992
1756,49.49274050422232
85811,43.08248950020482
75183,20.786291515321263
204724,30.884333158542393
41046,32.22069240679785
219895,25.837937049552544
143414,19.104135735832337
620,16.99804575193205
287757,7.4290329845649765
190336,25.156478583833483
287427,23.003802612251114
193252,27.720721478939396
240771,26.176741511981398
90590,14.032629591167893
296379,20.518620158482964
189471,23.39416131380539
252643,17.640826058561036
40733,20.07944068340897
260808,11.624454711683317
142856,30.117889997623582
85426,19.308451835204576
176194,17.904167123089383
15636,14.397969784809174
194385,21.744746881281227
243016,36.12964958999248
265585,23.444858182083994
196590,33.004410550244074
105347,25.02347671934958
97796,17.70653492762974
259330,22.85231222871264
281137,15.984636559310562
255352,19.06525483135421
47318,18.97936308908846
165891,18.246546056113125
93409,10.05779612914618
276037,22.553993871391867
40711,13.90618925551053
34460,19.714684470436502
47077,15.819590041121028
193920,14.529381522114907
210102,16.11487819669451
25256,13.861719448582539
192931,39.05523972208782
161883,22.77961457132583
291601,26.891244360106043
61127,21.58088049218057
185779,15.986160100472915
217591,22.63146141042906
11265,25.132239643098522
283320,20.126739687560764
89971,17.369028570938205
35580,15.58875143084875
260405,17.205572618691644
247108,17.70385094617273
26821,26.989050430787195
25745,20.740374936578508
37590,20.931289800092678
247059,45.59437323925577
196297,49.51645780210927
251337,24.55671749079598
162712,14.497370972383868
280936,20.04967434731003
152552,25.073292454904383
168607,26.20036010942801
180573,20.304644733951477
224209,12.373660331129841
180021,15.131374836096748
167135,14.569542379448155
171824,32.55257824136338
54762,21.30542455779775
22650,13.09040244869227
27481,12.140599178337594
238818,10.748286798194599
261245,22.164822083539192
264956,19.475032249473113
195958,21.226127845039365
83349,28.273757045098296
264844,13.422656592571485
191510,21.02357189481088
65383,25.86195738579726
200873,27.200852342442225
122125,28.372816755710783
268754,16.110115977644416
144279,44.81516892288664
201644,28.745031664764078
159469,13.848049940572036
228936,16.57710100154471
236307,16.512845495311616
244020,27.13874609107993
88842,13.449497197559822
279135,13.879763475861333
252018,16.853955046159847
200116,19.62954874629073
290034,14.59266483132384
167267,33.24735942059432
114036,16.102142461330942
227293,25.741987579483897
282381,21.41040834929013
107932,23.513193255934674
195859,23.997022588586937
192455,30.657568205852613
105466,23.69622713374462
8642,14.588995104577966
32518,21.723120828387
132567,17.945898923358175
120724,16.711795396828126
20628,18.217231831536992
186316,12.342734158906499
108619,19.550132725236068
133907,11.261263870239912
188709,16.679958879481372
54183,20.84682760226237
221771,24.970650692280845
100471,13.504950228937679
280697,18.851579433313045
236869,24.842576433273674
196100,42.71524968181997
254457,12.830926475766521
152440,45.71239984034716
63445,18.31711114282499
222172,24.419188353926025
128844,23.83011397343053
191606,31.91997447234919
115633,24.638469559561564
85425,26.216216632518126
255207,20.292611010641856
106525,25.288815454393898
172069,14.910673331189916
295858,26.3824716454041
78493,20.27202646067328
563,25.48031287074796
193408,22.153089214539452
297176,15.945368967300777
134983,28.808428658616897
256600,33.50136790135345
31514,20.565010849021398
275899,20.892309911895428
202607,26.057532329815295
94299,20.846194419749203
72057,17.082214441136628
30096,23.49819913100651
270924,26.266755098835432
114929,14.370525257910327
243121,15.911818539637803
65163,17.613227281274852
84079,14.951975660814645
263419,18.760820377099485
272822,20.7345236488641
240995,21.611932955924694
268087,16.560638294719432
229601,26.217534614138344
153498,26.535835925418162
250467,20.50571348555182
254616,19.65761567438025
28388,18.92676839039823
298562,20.337583814658178
157685,29.127539691149547
243757,22.634402234846874
141522,18.178753376631597
146667,49.805962444833526
23617,18.55701199650361
94013,29.361357337168823
92753,21.531739798585402
236549,18.63221699839931
275461,24.30247768807322
71985,16.20383772737516
96188,14.757777438794779
140914,19.20884530158076
202083,17.478449343718495
235378,25.324755530637834
33718,20.839056768149693
243044,15.145623333605304
179441,20.484045421215907
168305,16.44665074705489
96333,14.456976580644104
114624,51.04058729999774
294483,15.823750705362821
32232,17.26460871443094
13065,22.212805488021434
262942,17.611945438499163
191384,30.736239957478155
148449,20.013428372834642
285482,18.196151693560807
42937,17.150905249092723
273477,26.499485773077947
27126,16.481731871829673
277110,17.465413760023694
118848,19.872605173051646
240149,15.729666635639418
34764,15.469215438131489
260762,35.51812658179082
9333,28.968628429587692
138959,18.595908090259904
99118,47.38239766436862
291266,27.687223568930467
223666,17.06036555193416
28578,19.755339505750083
28009,20.574487044133054
125136,28.09886296307689
131330,26.517377095102642
243393,16.821977796963605
75026,34.79500379527543
172696,15.884843139988863
243683,43.80715211265574
273827,25.95563998823718
284993,19.965691964199618
270716,22.70888921469878
269407,28.663315887796053
131363,25.45739858564948
194399,15.071906972440146
29058,15.380778925198276
97483,21.17446846350027
132751,23.368503397147556
211683,21.066774075148167
43144,15.251956140224541
238357,20.118634746930617
169954,27.05683541226869
67426,11.539719449784272
231088,19.96672626863911
241373,15.454066840888578
9970,16.1464719713169
103873,24.417739572707916
114484,24.647229134018367
223367,17.92859347448652
1144,18.67366600820962
281464,19.068609720009597
146710,31.15124180282654
193325,17.508233110661294
220388,17.567023635514396
190953,32.581971849903425
197394,26.804026275827788
145283,82.05677031209663
195273,45.87132328867649
25698,23.602447047029877
180721,36.03555220222921
171038,21.696342378742717
169210,16.750004766043844
228850,14.504739639747518
134586,16.44750493881695
39140,15.182595898770074
165065,15.886115235477002
56845,25.161622067820492
99615,40.74753499609845
62755,21.999834175884562
16714,44.919851718019025
144660,19.875904849617577
37319,18.155556240921538
139761,31.380139793690706
217612,26.46600585296927
223073,19.52719633217675
294485,14.678918012577597
37024,33.2082582805756
56320,19.624610583080887
65521,16.37970561858385
196317,42.6403258764371
264378,22.28897638856991
171174,17.15724900600686
94086,27.61917449336456
204158,17.23928439413817
170354,25.181584141656465
103410,15.157638714055022
292446,15.193581273611821
211039,23.456249490189723
191627,31.541811202491232
77427,35.09644882679803
179218,18.959538249076527
187212,21.596754483981382
288819,16.43982183519394
7404,13.501335255284653
166889,14.716423917200256
180578,9.903959418680774
148678,75.11939779087535
19836,31.575599270204073
251905,16.658393132147786
22699,32.36667877432228
142582,30.656673031915453
225926,25.468950248790215
221833,26.19586767854316
286538,9.276247795985487
157961,20.012213427241253
104198,20.19307789472662
260973,29.643841879856687
124486,18.90782798689413
200049,24.18596212687215
232992,15.821182964468807
214012,14.017808998637808
36352,21.153606299735124
158442,15.71248916250021
221458,22.580805068426113
18369,33.56570285078697
190972,20.86295757678991
18385,16.87218903444797
170640,35.79720304348474
83280,19.63495952374576
174913,24.87035945004539
38213,21.918098506080057
281425,21.01358026154434
139333,23.518758230639662
138350,15.406707205669656
265933,19.469398829444362
143780,43.36452118758961
122129,15.596992592915196
6978,30.93267359684868
73936,23.517099846001724
237535,24.639259421457705
12271,25.287546981327374
67004,43.5640808101142
23135,17.805636535000453
176592,13.347101129399814
182895,25.020669518243487
25388,14.129978862976287
159940,15.442424123413659
73024,25.198974342059856
208190,12.956037473729955
69037,21.408603544539496
56531,22.410954078486235
196539,36.862435487941966
125268,23.798123586314635
5025,22.613857795829414
32065,29.490718723016435
52926,26.01067158257506
56850,18.922962947250095
35762,22.468901380521807
274321,21.635955790488122
168456,26.938113510194746
49369,19.47355163845736
133685,14.243687961843367
270107,13.259430666150731
290194,24.62979230216935
21657,17.628542956256762
41198,17.366832418773097
277040,15.412001695677413
45656,22.091259738556577
120351,25.868167959641834
122164,25.890095844676505
255136,16.304450895372636
161114,25.605712986184137
168079,23.948084809246733
288432,16.39025901250614
97570,13.00826828587993
291960,19.20783382252957
139925,23.03133067726784
286911,30.42531158703602
64535,25.790321348966238
58659,15.504666240634936
220841,31.63929349130806
231463,21.538583607740243
138358,26.556467183202205
59218,16.96055404243058
112073,17.51805589918512
257862,30.34702009367225
10456,24.634681490225507
283354,24.739177085358868
30247,24.906936382456223
31340,16.87237387702157
153088,22.678911178525183
195827,45.1547717087288
253797,26.038972768541033
128811,14.57119758367009
166065,17.979749469737023
84066,26.774913764739733
271875,19.868212282556346
279546,22.49823411851516
179680,28.47626412745775
17698,25.481887420988972
289576,22.517689642239052
51281,51.24502656087564
91928,26.461799293735815
171201,19.679042587417143
234124,17.51707682473293
154680,34.7941039012306
283609,17.791092282790153
219320,18.390610862639484
209424,28.308416285025725
292221,18.920329550893296
176625,13.775889032086146
112758,24.475015020274224
28402,21.27487110142481
47410,17.255934447438584
97997,23.650351493448518
44340,18.473890355093097
62926,22.164898895215995
279437,16.706275795888377
43028,22.21694177627343
210368,20.54383663090776
266002,17.423593097224064
268225,25.1555842484575
6119,15.832726161479375
271981,21.284418392419152
215305,15.869319850431589
268347,18.536401367874948
164850,18.466362803859482
122142,19.356783711022253
91812,33.47891252820504
55586,16.616866522656586
135708,19.77177654520104
34313,18.63157843421299
235989,20.99385389385332
290288,21.7769794625076
260629,24.7683773689788
33669,15.136720588092505
36882,29.109983877842932
151428,27.037463301973098
84012,26.779453457485705
192683,20.80488018816634
228233,16.67018989577553
270814,16.665538112380382
58839,24.048504722329444
158912,16.723279791393068
86850,21.27930787778584
182719,20.67331695028898
86627,26.893285815714933
95461,14.630469553621634
192844,28.91918376770484
92986,18.314158997187622
260817,14.899222325723418
2274,51.30358736538955
113389,18.484173125260426
82988,13.308177752285772
259543,20.74455886121749
177239,17.33354804474285
258474,20.939678983284136
14761,34.6788053934958
178064,21.52254457059297
124044,22.724510411146767
245347,26.38988112398552
105818,25.71856703534703
177643,23.711299697999532
117494,47.135712455684754
287293,18.90556389251676
258933,20.992805321368035
103980,15.153973163378723
131219,23.734862292205055
76147,19.647300751867622
17564,19.145045554623486
139908,20.83706970478
187924,24.05508449829299
190256,27.761312396581992
154506,18.038868003096376
43077,18.362526335641867
218288,26.96775608481043
82801,21.327747227282106
227719,17.808903289559026
148214,23.117131798666122
191497,15.153973163378723
82165,14.963808719556141
97654,17.270097946856946
128940,17.65422744992332
217343,21.911150236276708
250009,32.712520650580174
31096,20.039018503112572
218625,22.239307815211067
274591,31.67170785476849
281926,19.206819322804204
252385,23.91622342952318
229448,23.180625512049033
172165,14.58368850024209
54106,18.394084818079406
299173,14.145126438115131
50121,30.712591951498343
252818,16.036414032114237
85002,4.915238304460056
68014,22.574547382357586
200699,23.598522723990087
241083,27.83551746899733
145713,57.63254021021032
66514,16.78146141500324
63241,37.11215613269625
182025,20.639798833973348
25937,18.642971235136276
201031,16.69776248380522
147825,82.89623550443116
29041,33.045646561281885
19274,21.757458135219316
124328,19.68925059850961
15528,20.169751514859133
31622,26.996228389197732
98434,32.35354112254202
268721,22.142200586317283
215242,18.983228291341142
299021,23.462123309558702
273232,28.34282867634331
241696,21.14323782957781
236282,24.51044268557236
248561,39.81179383216962
165442,19.07181016812708
855,27.43407980836211
293621,15.274081078241377
159050,16.68946356645695
273078,18.91889591905793
230558,21.443575420899954
172690,17.547467146608902
267024,16.713681696780988
195666,52.30256268871888
74487,25.967203152280423
287078,10.47433931477917
128743,32.58679520831137
208640,27.016714445656028
14875,17.197009030364523
273536,25.969838564060332
23783,27.815782364634508
11355,20.771336635859292
188959,15.834726104129697
124309,14.683192685072338
281471,25.721157225315938
49440,20.054718740989664
135066,22.943878713386585
45981,23.974500999842487
89557,27.758611840188827
202174,23.15542424149272
80852,21.724129614450845
9210,26.324403352377345
46399,31.268657941904042
206790,18.163275765000044
179951,20.813115091145182
33908,20.657434935102536
239111,18.01452743682593
257131,12.645368027451847
126156,27.996736563978697
75146,18.00486541615389
223630,18.86799455814018
24249,27.421997926509817
143393,17.1474222589079
225498,16.66171570311814
195732,54.26845987957188
278709,15.965558761333222
20883,54.41744595096725
102725,18.785961592516763
20228,51.41249090689662
228049,29.76490541969657
98477,27.800595250867424
18843,54.614954512509996
176167,12.034420124284788
194826,20.338517932555682
192710,18.07449510744661
119481,18.865093459689326
264190,39.14233896558053
73261,25.667294850666252
93623,15.859252740411105
85430,16.87959425565294
52817,21.622604825980243
25407,21.276043739596332
197400,20.186801163434506
40435,20.764036266133832
84277,21.200273074869962
108552,20.033197990020238
53458,25.750071279838785
6103,19.14911207211375
103366,17.212592330012214
36678,15.165474938081507
161216,30.856215205027173
11973,16.812651964151758
108426,30.467487761164143
65401,17.91552436988548
287963,18.90370941610453
179616,27.25775143771707
252442,36.378953821955015
224146,11.664904026644122
225315,16.44196728400957
37975,15.376319367951975
257890,20.805581319443572
34337,20.688452664150635
807,24.600168864984017
270302,21.004866144144156
157955,25.169611692228496
136862,19.651997677807973
283008,28.13566302600417
245594,20.370676815802263
181270,13.272512692958765
288840,16.97656929017141
246243,17.939171718660187
146869,16.711133062821926
286034,17.794881282723892
261438,16.72408795103093
22703,15.867373764586864
155817,23.471163286065927
229497,16.701855982000804
56203,29.58480147043627
294989,22.277262755797217
145803,10.642043709794759
275427,27.56593547317263
5089,80.17820284377456
9116,21.66576454270403
138440,20.704523123076747
89368,18.97023093018172
172185,20.89128689593724
75120,11.551883865156547
290761,13.444306141004597
158859,23.80666909842907
56354,15.782835156928098
11978,28.5775907198051
195547,45.20763390404072
210513,22.67237527143963
109010,19.150147032455763
29885,27.397176867432627
139659,15.85063065406502
108571,21.352314723871594
19704,29.06778970000176
176114,20.52122648272266
129602,16.619081147563517
3168,18.24407819289969
105543,15.826950995221205
193929,27.794207251838447
40620,32.19678279577223
169282,14.658971954994518
243871,35.93287795354296
93893,18.41401588876891
189429,25.476103368390806
270690,16.309886463517177
9412,25.0829015172732
36798,17.250958822833383
274245,18.48414018630364
150977,16.516478540885096
181342,22.980050627245458
36466,18.34560909807003
294522,18.303415928402774
288593,21.810417691000445
293984,20.445790545981282
70561,14.541660960345201
253253,17.62880499402663
4469,19.835685219176295
87254,17.156725558562393
233030,25.360089272494953
96445,22.598009992840552
282675,25.00523992989681
262369,17.5652627367497
86189,27.79356401509468
178437,21.56683375510157
265672,20.183538600573666
114459,31.477985171235595
186960,25.976863103523876
186302,21.0685725036737
254828,15.521987494283394
250436,20.790701417634097
186517,17.739323477135038
148664,18.33798197192027
205649,21.264788238471716
167210,18.691383598781734
80971,22.624321036013573
238702,29.417352376553843
105881,24.273657431186688
63424,21.524647309307984
165137,21.60463275565997
28781,20.292104845046516
25897,12.247459763542913
256463,47.07771928802985
133140,17.964562049207306
70479,22.177285558711485
200163,21.931585437053048
58274,24.310749938901896
44282,26.20036010942801
168046,15.32530102972134
209641,26.735262703316163
35917,25.23559580417563
164549,27.653091222145814
77844,14.226716332693268
117178,22.250638035787738
149631,55.16356511302918
74488,25.967203152280423
76581,19.03093176292822
18562,23.591460602460426
245167,30.62295027493178
12399,30.005500773605405
227438,35.88020737438776
68998,19.84751132917419
227714,28.188572425194934
292236,18.84508952182833
237893,27.834317329208744
135533,24.11456651265187
254700,27.18623654948784
63571,29.447551752575958
41106,35.86379397541101
184902,19.353231597693622
22517,17.287357436741935
268655,33.10853880659045
210432,19.776208957242773
169090,18.172483050636306
79959,14.45650901394398
125664,28.746001687623696
279210,23.08374749093334
112585,21.585198145510514
108610,28.70319838336743
256377,18.972030573161796
61711,24.14575134356775
213825,24.214508145681116
36999,27.912778446155347
14216,22.377819003565108
7314,17.502014275857263
86912,29.138179163827807
153712,15.299676305078595
75640,21.512132540112837
123533,22.764438175659407
21199,14.975956324891053
159968,14.244010128098566
257039,18.97427603966866
187621,17.56955592922855
81341,16.834924940310408
39136,16.68962559803472
275614,13.16919702759193
260653,16.87218903444797
213999,24.048212128037797
118151,31.26597587212615
108350,21.266416381238198
81703,17.0197882713923
113784,51.26126841960312
141166,18.98122413225074
203940,19.352337273386922
48372,18.19771770004698
5086,63.07573061770741
189298,17.38862237776707
234303,24.408808636606278
205061,33.28567054339553
143801,76.78538275303957
90356,15.899427637052764
160530,12.907796566932351
51575,25.21552680957793
179439,28.83866794388816
293192,28.087022232183
25340,21.968144519827202
49502,16.3926948092003
183277,24.847078856894242
176366,22.162210767400513
292821,22.023488041754927
40953,14.542729259716765
133091,22.153263251660732
156521,16.480408368122667
251442,23.266700630798162
254907,21.689060625180645
189386,34.48011189133893
111875,21.774672534744184
212733,22.759161777951483
61307,32.49937209907112
287713,20.987549208249074
279209,24.480578555723763
198479,14.151852548996533
6419,36.650908178204375
176394,25.43375867382182
261822,16.52798569446396
219240,21.162282291066607
76647,16.929877429682904
39614,27.563051528632524
17653,25.68860926266918
250793,21.491898106795695
9805,17.071210980843667
68956,24.673183982064664
165456,24.21948291075861
96934,19.577490959689317
237107,24.149905665960713
132672,13.062140144227536
36498,55.92448952307268
38570,17.86194059017227
121193,36.60484449482663
87377,14.881254781797992
135088,31.37589194905671
148902,30.79952412982334
9153,19.243486131230355
94548,24.937786937583336
157374,20.62981809591957
229245,30.182980993527263
112416,21.176204627734876
141555,25.27047323062962
73848,30.66722743496649
254629,20.116965092434402
207232,16.00470848025599
254923,25.148350276225454
227578,19.577500174137718
10263,21.376847121591606
196024,37.71101679740421
139736,29.29536370661428
46726,26.502846173169964
30184,23.25589552501413
211054,21.272416614110018
173828,16.93917295676432
281691,19.70612197053805
430,32.36241477030849
114417,26.22003684612752
161365,17.427728627079777
146983,51.123050558156365
20289,54.086255978271595
251470,28.494518646885304
83028,21.093700819879878
295896,18.137000784823424
115941,27.604348681191844
298008,16.9891354540953
67868,20.51930978252331
270559,16.88350331160849
214256,30.379020171232263
281068,20.582045531323992
263011,28.59768361481529
78443,12.184074944922614
212147,24.771604369012426
109980,30.6102017879305
111912,37.350960807011674
149507,24.477783101324952
189726,30.579741917240682
295128,16.370552918250127
267520,14.835479962188497
135690,16.271586378117878
121463,19.163443181867724
133833,35.5019792508365
43697,22.743319848701613
238611,13.036223468151888
259264,21.606676784927604
127768,14.699927409869877
218120,26.687300321604244
270522,20.130414104253774
17385,22.01201415925279
68762,20.40500470732365
285193,16.744055161124038
71519,16.276591967341396
178290,17.15491007658904
297047,18.006875880818566
242730,20.305008110486764
156949,27.273315591010867
118421,25.656820596595537
97196,19.85715846664749
152475,39.61671395356662
180151,19.11823305993633
105588,27.033936837546257
293620,20.85818108571066
288983,22.200318910291866
79775,23.780829086470888
219286,25.28914914750214
182965,19.253669216284454
192928,26.053415886972658
120516,42.26654943207361
96595,29.910312037166886
162924,13.351998805693437
51342,18.618237480754104
211440,23.158525492589558
145504,45.994583157302735
229933,17.790143616306725
124626,37.46133331477792
283131,28.853651232907993
210265,24.68889994321819
94203,22.857001567423776
243,33.99553866076906
295537,17.19306813237934
133906,16.84272912947598
226050,18.823634123388963
26733,29.09893857877058
291569,21.00572721706647
47910,22.220605994683712
88137,18.12749850266936
271432,20.922928722302125
164846,41.916754034478814
78546,20.06613914016965
124098,23.94272035637828
217838,19.59014212798712
33147,44.55895622475534
77753,17.788532950448495
42816,15.22079831047365
47320,13.338540704415953
266868,17.09415900776089
40922,20.49042318956426
247724,20.149450172479206
85559,19.879355321966536
171067,17.123891864841774
64181,23.498842278895168
23878,18.800223625450425
130725,22.101047100569915
4685,28.716113642348823
72818,12.813318915568408
170497,25.035026080414127
253885,20.53209398702258
209130,36.45771507326644
142196,30.20299533242125
191801,20.31605607488617
221176,25.493268655637284
152251,39.137543617954904
53626,20.077116563408286
70134,23.24152934521718
63917,14.92879633547254
141216,19.60184168225074
159540,15.457444492450069
43973,41.44412325497289
5443,53.36599316243206
265115,17.70653492762974
156967,22.33990429821028
188540,20.360522049438217
239853,12.83975531700236
75414,21.388521505523894
35352,27.25775143771707
176448,15.061123498249112
197044,13.793748722602515
82358,24.722733351297844
133597,23.847204893413817
47930,18.493267342909924
260003,18.57996917706662
124907,22.51224497995222
37064,12.341125905024757
142593,27.141818200669906
74047,33.900813663542536
283818,19.28042762199689
41778,21.567432810976346
247925,15.101785671133197
5732,16.128889288228116
48873,30.747897101244302
269435,15.879903484618143
230067,16.48724694510025
1761,49.9318432501578
254512,14.280616159433697
155059,25.02082202394034
119606,21.61276119552704
112485,54.5566635801145
94408,23.698812401969626
121063,39.56181941540895
190737,18.731561488493227
77295,39.238165265461134
117510,18.87916501272677
224538,13.704324222214547
210344,12.75950533021178
29326,33.85350331687785
223911,10.592585215818747
114292,17.37391260423818
291650,30.15394815225769
170843,12.859571895108436
90019,17.85752116292159
209118,23.458416782230977
283523,20.548583029501952
16909,18.429270819146808
122000,12.63183425080646
106586,29.05793225511091
240861,16.642856665181284
142389,49.72361856047151
83854,14.193806006522172
8877,26.206354650951177
67855,22.856044986542337
29728,13.232630576666953
258252,21.793114616588994
186065,10.177847307913334
118904,13.86309542854915
285930,17.64554335875181
282433,13.025160869034973
121080,27.649765966499643
289965,14.241071467260625
26937,27.303334727458285
104067,20.411663276562855
118497,26.874732362052033
135474,24.167467981245014
202326,42.127681802674694
211804,22.257874844567176
63783,22.84478864122972
133130,17.657623429039454
258981,21.54088367970386
181499,19.18505840741749
110681,37.858752699628354
164597,20.72318983131605
298750,24.47459271537398
152032,46.696628608731615
153319,16.133898590921024
161921,25.56728798987421
217733,17.61460367914812
25271,16.4761960399656
238365,41.265972778064906
269008,13.028789225162763
134138,21.641102482585843
294255,23.240686894559637
25652,22.232687626445763
190299,29.757334458394144
264173,17.70653492762974
298931,21.071777962291396
82244,36.57040830227665
101369,20.273976574083473
65762,40.044800580482885
129652,22.38690553740663
10213,20.932446562951263
117537,37.139718465125064
190894,20.175042022091265
40849,14.028367176365629
47314,25.242174390529357
225010,23.571772700186486
101793,21.27437432560591
170955,20.46960598573974
275642,22.586665614030856
211496,26.896552424171603
34676,23.380551173573927
102527,30.67213219691835
144066,47.30592918422576
133727,32.15948156821113
121249,51.26126841960312
97547,29.124200721975864
187802,13.194070603235911
5185,20.740701968387757
117164,18.142600063681662
256479,10.725074425176683
25295,17.981511792326593
157712,19.04372124014326
125111,19.12436001744614
298314,18.532641616175884
232868,20.76318388015196
196466,31.572358931869218
14263,18.408251082307725
59202,20.164202500817062
82931,19.190061416576018
194134,25.473984945417595
282382,18.857409251833467
296194,18.529118507989445
244154,21.432320155472475
212030,26.8658791368825
183213,17.038300453486862
104922,28.455501534372154
140768,24.220875896266797
84161,11.513439705499746
36681,19.524525753888753
292478,15.578478089782706
286730,15.120043226748592
250029,23.789653489187515
17345,19.99127551526991
28205,20.54383663090776
90289,15.613027395255461
275451,18.305335618752892
78173,11.598277889560924
191645,23.453802249269415
172513,34.762702326469096
55747,22.66997388196267
217743,13.19425527031957
193835,24.643446340677492
217795,24.41910724756978
1863,31.51787743056402
13275,62.70996644016683
162424,18.675352652606485
295969,15.653178364953401
82758,17.942818436168523
129746,20.694504399537387
281881,25.606496649074302
88632,16.046065350661188
230551,14.167066902248218
6193,25.84809522103968
149159,36.52004532505027
20432,21.894978400516724
278384,15.374059303257422
74785,22.42055444005287
284322,12.374373971260116
289356,22.920290604216962
971,21.057182216608783
183009,17.571227415988524
270252,20.990592465856757
145950,25.7193580533011
75413,17.279853678675757
182189,13.732560720052254
125089,27.1832028737875
196000,47.19188780210929
279339,21.556093944125166
13957,22.693613607793512
103520,15.668642354110375
96068,26.452581091546296
139561,32.853957570602674
148209,23.46196946532063
211935,21.715089551081856
142969,44.31870751810227
97096,37.842225240027034
262578,15.159196775805475
196222,44.104153151556666
180350,17.862198637279796
288674,20.898159349869477
288408,38.567153407220246
172753,19.484825444946825
127187,15.299896301139682
286649,31.775341779913628
228161,19.275404265562294
5675,18.63694719714647
144308,66.59793504448237
43892,7.5109745559445695
72136,12.681192534983529
84248,13.533512325472367
4955,20.292104845046516
6478,24.087890592974816
37549,16.87959425565294
230333,12.505373801721841
66059,18.892818718489124
215267,20.059846056208382
268940,15.25555489111613
76349,23.105357168844932
275474,20.56837389239207
57521,14.01692573084055
16581,21.10416596653663
128847,30.71450389103932
128265,43.72466090829411
230530,16.361960365783684
127858,22.087973567361196
163233,20.496017750183558
191174,18.669886391089232
118967,20.928339559220888
135649,21.839336211596667
19157,52.24763458588761
2124,55.040039109758894
32817,28.010783894388048
298187,18.517541957563108
70506,22.501579357667115
219059,21.561961497128397
287952,18.05982738860198
114748,20.385271693779657
112717,23.52604782464479
278521,19.36146444440036
3900,21.760370993563185
142638,41.12448699402994
51620,27.674404309777152
20356,56.05175240109944
207361,32.66633198478597
6066,26.43907152499828
195946,37.85466024347342
293701,23.085992381605323
259780,14.34105196944878
247281,17.586074415048067
251284,21.31160331565597
66144,19.658777848114376
203296,23.515384515834135
28187,20.258579202448743
111618,16.518603452375082
165905,16.590180073057578
129769,15.57944621398546
11742,32.99230885233918
43498,22.73330126269782
295467,22.580471777951484
59593,29.724820223252785
212298,21.812856600055234
85427,22.841454901969637
235450,32.04684220930922
263289,24.18072514461415
55130,26.294209333083028
190886,23.266700630798162
109506,23.399780008894897
173056,17.613926794699946
81670,16.320821416255427
16320,18.01817974537823
78958,23.13867819339859
172189,19.95442604935615
35650,29.28628363043557
250547,13.783701316062013
41483,12.957339495872777
233506,23.523892783549407
217933,26.667824682831956
259846,21.33965702823832
54623,18.246983804897567
114118,28.10765211100723
76868,13.845802856360573
186422,26.5154363223236
187264,23.471275807988178
51478,15.909080215757536
195559,52.49271995006359
186073,17.722334194728454
288040,25.530773981320973
194311,43.60589266829445
79877,16.022229516920056
213699,25.774691610476758
277428,15.763583981923537
218111,11.161910011476987
178322,20.8125671509522
185931,18.773463758566315
123097,20.07213957503733
271777,32.59031997945946
161191,19.93536503263453
296482,29.660688733381285
139221,23.652014701780008
213446,38.346627101777614
280985,22.066256065337104
278925,20.62981809591957
204934,24.00231346310443
295419,29.66036021674234
176514,28.884768734671574
213837,20.449078650181278
103004,15.732598049983167
295685,15.682931233684332
224088,10.45677190510504
196205,32.30966346232181
89075,13.819951592216423
159021,29.29614419491776
14249,18.157275881355645
56708,16.37539613498989
275923,14.613277144192026
183347,19.971955462631158
138374,45.99324256409881
252002,29.642515532738287
117946,24.531499470971678
40825,16.634402277754006
54616,21.682780134603735
148139,19.588268326254475
170406,16.132669603152948
229872,12.830926475766521
108358,31.999111498169167
210589,20.515602490928426
60881,18.60001840748126
178682,11.847737262251815
185346,18.39341778875345
274500,29.30136837500308
36055,29.135664584461843
147234,45.97529015213453
291794,16.256022689453353
31757,20.31462714886314
92748,21.918066403854674
153647,30.74985759901884
57072,23.93200399375754
267117,11.815449554917581
159355,20.538794924842936
24224,16.62116616450964
280713,15.49617290350549
108685,24.843178453827427
124858,19.324369686290503
292889,17.549326884847314
285592,15.495921869706956
289473,27.165004418415805
271182,25.996153864984016
270460,18.547111981913027
281536,21.522906165320947
89211,27.64498341412473
269957,22.051522426929242
137124,40.139778327565026
74217,18.318374991961115
143530,23.577472741654216
223012,22.377136755576778
2993,21.821453182449844
103258,24.163861104756386
648,27.37671447340973
88373,18.995438482404417
283966,22.023542372171715
266971,18.30521191782784
171149,15.708714674662255
244953,18.23160987703428
247880,21.24328781117752
239475,19.45309770974127
118008,22.98897524430895
41313,17.638134290312614
49443,16.58604048967555
292241,18.618237480754104
298248,28.07673745121814
198878,19.622808105773927
226273,22.40796790489399
177138,16.893494627732665
272526,56.98725093956415
145879,20.34062335743692
100611,22.68736490707402
145385,26.05254666047362
79028,16.611227545643473
98825,24.936989948207515
259700,17.166733817225687
29976,15.376319367951975
136594,15.708176136024253
40954,32.896572686415844
106135,15.371059741772374
85384,18.86500906139121
111824,45.46908461241955
227136,26.039532874192822
187853,30.766972172897887
248252,26.28885056648964
20243,34.55919391959024
183782,21.092567591790775
99946,25.83262655957792
213967,21.0578034658555
195677,23.7780269136664
46420,24.898493463986643
104194,16.654188093785432
69755,21.32826628777766
64500,27.12852276677479
230565,21.28751819374379
108798,24.205944972679035
266818,15.992445979824016
286878,18.425091029026763
123499,22.55840147606347
149354,48.5670131960316
8763,15.558736248742784
196511,32.32078833528338
273196,12.827234906296663
147181,16.28639777698877
293485,16.47568288932582
87283,24.349444590557596
82613,18.340392686090155
139486,17.348550730399182
149717,50.169113272848485
297572,18.14382118875283
47086,31.056603123994034
163791,23.680910887997605
170500,21.262766462467916
170545,16.576986351430822
208457,18.245982218571815
33116,24.281478615146654
249520,16.98447041026432
272662,16.04475355462961
225017,20.238219202001495
192352,16.981508409692143
112266,22.945694063587847
3623,17.972422244739704
282899,19.283059271024705
46198,14.640740133741081
215453,26.475177288525135
60789,35.55732575659043
59982,13.797275863369787
235187,25.36611168042749
65946,20.00229478279014
287090,26.328269721259584
124640,22.9608121945548
270209,21.521357438890313
126159,26.716644196698137
175962,30.01159633159287
247091,27.595269179942118
146822,30.429414014657077
142294,33.40371911359412
292506,16.01623099620271
113767,23.527894752719572
136127,21.567432810976346
208422,30.99716395430629
195610,23.367980291606024
873,32.0728765000026
91109,17.454394402863485
267465,26.093113587366986
206625,16.142129653154722
207064,22.240061607324307
113906,19.12596961654898
158996,23.129832996731277
169252,14.127578286057911
194024,12.770577047391537
138469,21.46490869948631
191436,23.173171687155392
37539,21.565966643073992
152364,31.690853227752747
177492,17.383555247233918
278982,26.03776725020548
24344,14.903177047775154
125761,36.70346952128187
225268,25.019747373870835
250193,19.28057996217411
97505,17.2213026158623
284950,18.592698403392898
130218,25.011068192826553
69906,23.03274441589478
168040,32.769715722297995
156262,30.939566557402742
16237,17.54484592754834
168026,17.128617681490052
37556,17.45906263239123
116552,24.173082362882816
51470,18.96674723830101
171488,37.51633267384651
113990,11.954720229346066
132520,13.98824807010213
165351,20.13467423190638
204417,23.963272713916062
231446,22.442419215901868
9119,33.62791467454046
92851,11.706065462082222
9857,34.71475964772816
232435,27.481729691410123
276963,24.589025737022318
196203,31.002181022518993
170423,20.591214107810174
76405,17.60366172085785
24815,32.83524279541674
228085,24.65579857246552
287941,25.065955898891993
196378,39.59302504422418
233386,19.721857009388724
112071,15.080438004946373
236954,25.06436325963218
197439,19.43399869386379
40320,30.602620955465806
112173,24.246362833760628
247826,16.99475751472372
262256,26.726678458522535
69408,36.396993249513166
115809,24.210972774938984
17435,21.717640978206767
126751,21.21650371696939
12727,20.59686576281934
44457,22.15051247746867
144872,77.48821252870309
255075,26.72361287914024
216794,17.04637871073405
6796,15.687727171752325
50478,25.57909004658799
278444,12.156341126354272
198328,20.301921951436494
159296,28.457586153769842
141123,19.907761500547974
248440,37.51478392716967
288347,14.427829162420732
235721,22.095995363133962
200562,14.226041589583975
152792,23.54857579633896
216244,21.486270198429004
64425,14.633051230196198
103564,20.333337876834612
197766,28.494518646885304
122799,22.267112738711567
17321,26.338681270566145
80702,14.65493346703279
186435,24.480578555723763
290075,21.940579598132313
210256,22.98299841479099
11128,34.14492282470411
140763,27.072230446591117
252729,17.00309418995508
140760,15.097401155130953
147751,52.680682535093844
287395,15.839315378544725
296128,24.112526504492234
246639,14.507535408068662
76708,19.6353329822594
143171,29.004790979481363
217479,23.647689927972728
158073,38.480620724313454
100713,17.998315526369403
157476,22.0115355683582
125765,27.802525517333567
203178,21.865989368451064
16945,19.227275099378723
120814,30.766972172897887
55408,28.052430438951564
92419,34.382557530708326
53890,21.682583357342168
258723,14.785372205276119
193054,13.802798467859088
149496,37.91420670503733
59311,16.915463736217045
170294,18.790182953898743
229851,16.926123466271193
257632,28.046550752607924
47162,20.810008859432457
37787,13.566262249507991
174297,45.52034671365198
248408,58.578000035272794
215054,19.528118916285813
63689,19.346185793091234
11266,22.33642156096952
192837,25.401153420738755
62605,13.458906396530494
233234,24.909040567502473
224331,13.093905130759222
123825,21.29435426110819
290225,34.8218472636689
173723,31.380139793690706
36709,20.50645105631503
239563,16.696416791323944
189850,26.206209109245776
275122,23.573101828931343
130892,22.8478331127508
252629,30.855178714306895
47402,20.726194340826737
45972,10.354099326487873
137220,18.941729773302907
101907,20.043392151346637
56021,33.869531117277276
25335,19.310082417109694
65994,19.207648259108865
6016,18.06527418650093
151304,25.899525220449686
294558,15.082930417585093
2559,75.44372571914936
95911,41.92576083018035
193628,27.53819886238609
146940,63.262591140593486
286681,16.477340441085072
32914,22.60876875390556
67519,16.227166868860124
21466,25.454724005981305
43230,18.89894355851162
184534,19.466669615033798
190905,23.5481614176341
264391,18.05340053375605
289404,23.884915449751755
8069,30.896413678892525
168181,18.274599583994338
18678,26.528507938189403
80189,11.083387233173697
254539,19.81390979580126
197403,16.310914242711263
45116,16.78905760767804
124724,23.823437041342764
101119,19.09390814581479
58070,29.324173799466422
122093,19.044021599394675
286070,21.59328009114239
127406,12.971128041756476
247424,21.007979165940192
234434,18.355415195103724
295020,17.268545990644537
196679,38.36268866628911
14654,26.003879087963497
204633,29.607916061621847
63861,36.262204125253405
149658,44.71914931094817
109119,17.296392906291235
104013,19.80748057637703
230964,22.951867652212222
138340,16.698599339652127
285865,18.23465017216948
99164,14.961371262105576
28533,21.009014546579163
286156,15.484187600892358
59171,21.014516666468612
10776,37.969413224417124
171744,17.26219038145756
110157,28.271885448756933
51958,15.594528657803078
204526,22.626074188612176
80197,51.10428507766319
279229,13.215510851546801
135701,13.876222733017594
54934,14.196859383516877
236512,29.250393572741807
104495,18.34531375038747
81933,14.151852548996533
56672,28.59323949377417
174856,11.724855119036597
191049,23.99120324673126
235677,33.57516944465114
224238,47.44881918474232
81807,19.121835961523253
238455,38.31473812727389
156893,18.329024356929864
191090,16.941530688327926
101040,25.396419139586847
10695,13.026145848792549
224740,21.858530054361847
222115,20.688452664150635
2440,65.31997267926342
212108,30.46403830032792
81665,15.838065259548335
7206,22.445238696707385
16904,26.10192820024279
59223,16.41216838247037
20324,43.38280351101333
243939,17.559848349854253
218003,19.87561170452313
263592,21.294095564515082
67444,12.252868613765564
143746,37.86898570825404
272068,26.35179119172369
31850,22.186791236335598
24399,37.26141508674933
6505,27.909052015209575
294784,20.939678983284136
192527,23.149172774912728
61962,29.76490009521668
112201,17.629685561920034
64944,19.578483359831928
146529,51.56714413294945
36698,21.453453635744143
175473,17.023724060080372
279559,24.660230808737502
86268,22.59128870694976
221762,14.061387786540957
267246,20.801160554838365
244334,24.803771168004552
98983,25.519804079802732
101053,26.166680687127524
583,16.62931723105378
212604,24.101702914140596
161454,25.940616156518917
5125,42.52071202905955
42231,16.435801343365977
264816,22.402638039245364
179188,18.187128258255324
203718,44.66970947191034
59724,37.83373870077783
274132,25.174943899123104
13358,21.69015886410214
12470,24.328562249548902
32253,18.83183089173799
245162,19.19888704223062
111016,31.538766671447007
199772,16.827436084408106
183020,20.53501750392403
44072,25.119741712068496
22646,19.918591592274552
214457,17.45906263239123
35471,29.015989233384953
136214,22.30623017168031
23432,24.80607310198008
202927,19.607020040033163
170264,14.31030427101048
14455,28.76160421632295
22081,17.602374648519948
224762,24.662078013801967
177225,24.094038740701272
15988,13.848049940572036
228321,21.05625973188684
178768,17.88600684895972
233415,30.614631758965366
130478,17.203167156659568
290999,17.66978103627031
283280,19.473220829160574
105387,14.98889664812313
204599,31.68578813651547
77766,17.68762558833415
109674,25.0783960979358
206269,28.50687440051653
134099,22.42020347663161
167895,21.800269274905943
240230,28.254711758803495
165642,21.89709284173087
145992,64.46797724310197
261148,22.6632856678375
206767,24.461142375718463
208279,21.822498810152496
224958,23.540758814081
153159,21.591831469096967
216495,15.778352779068182
43709,24.113874616578677
150400,13.962788817672953
287616,15.268636376095674
154712,18.393419962123012
285111,10.951459008594574
215390,27.88628697785366
288657,20.340254459531497
70060,25.477834600428146
139421,26.304917585568283
272615,15.339431066475466
6250,25.044447052810007
75741,18.93696123615178
272928,27.628061898579794
22762,23.2570497378583
78318,14.114087420885227
273430,20.673931499346477
44279,12.689002952532475
286396,20.098168617041644
195655,41.119538158757884
119506,27.25775143771707
129154,19.232097380155142
206087,26.074672311113055
125129,22.668659954814636
224104,11.281531850669877
174330,46.09398214742329
213608,30.232034710751623
97949,26.178143054026474
260896,11.757671995910808
210118,27.67854019256601
270233,19.54366673011465
14307,13.786060531903237
50579,21.840408576402126
59107,27.559756937221426
120489,20.0111612789947
281749,28.10316515563149
263840,15.141663119272916
200950,19.129956072505955
275254,15.381327451732309
107526,21.42284774809148
30754,28.47626412745775
110914,26.08337599390407
112070,29.500776697567424
45067,16.159341617175933
273602,40.12751875333854
29998,16.741796548428944
35166,27.299595683351168
297681,19.851650230271467
29923,19.537466425229745
182173,14.919240254365778
223618,20.76909405978957
280323,24.417583287664424
222833,27.614372583346285
241485,32.735690401118966
57465,19.159843398995562
106977,33.48903386873663
241907,20.159517330531518
47326,22.70436970550505
3260,12.981197042634026
175271,22.06582129963243
86276,12.66403170724952
17111,18.14403211258638
28069,17.26745723012611
195476,31.85473875651146
39927,15.381327451732309
154654,20.79552169835815
223110,13.506556790539047
53836,15.984103603879529
281178,24.60488935637828
251118,14.033719220037643
265184,16.90729376434808
20817,47.11464990935884
216629,25.56870909968341
89146,18.821817759225343
156191,17.25337934635038
148851,59.6912152649035
68606,19.640193636610583
130712,17.781502697805372
41089,23.01949517264476
247640,33.61033210364648
222834,21.530736050806855
66305,24.31143327410505
282582,23.69622713374462
249147,36.06762073428455
14934,24.4907641655291
96170,19.760983790346142
52937,25.506875973694207
153339,22.62567458789808
137856,19.476741893379632
188417,15.809041749792954
199397,15.240848180410893
78654,27.457784520312703
33505,25.313504686639618
55889,31.257111810711034
32439,17.705419950163268
92914,16.17060636518226
248109,29.45766844765469
115818,22.443803563841662
19214,51.26796745897261
40470,12.109973653985097
180238,27.830461528298333
100065,29.883924238687797
64393,13.236916540260438
18586,22.895318278755873
197390,23.03733343897939
146051,42.348525695172064
139027,24.429750025655196
189078,34.419261184308645
184778,22.53959318222291
43434,21.379102247440063
39512,18.729756467302973
230362,20.962890670755687
25132,18.3996560577604
165726,22.125323343539126
15007,21.939101334554653
208330,21.608181552445963
57381,26.351463582741992
76939,23.36382742629391
11354,21.566375414093322
48857,21.95381253607204
11478,36.718566246690806
112029,29.07942592021169
158102,25.48154561499307
52288,16.75277278149595
295975,36.68577789605266
21560,22.642096280756107
99066,31.281704826213023
138016,12.796271129732686
9699,18.595629734808064
236208,21.984271288025035
61535,19.10072263653716
285553,17.325768384585793
30507,12.323747557636192
177140,18.594697045903594
10609,28.77367449797839
13280,17.75110235743971
56071,24.1594142040552
207930,12.475241427766472
82,17.213941347696395
186969,20.20486246964108
226897,11.976836168086932
207091,28.966053545748927
126361,29.205269509913062
279015,21.120465099097835
19160,54.38500634412361
139918,39.03827738448052
27588,29.49508343526893
97535,15.795554658930692
249000,44.08922959238809
264180,21.400264635543024
259335,12.683124338727906
293832,35.157382309307955
247623,28.39605289257459
237695,29.102290721823845
116962,26.80829389730589
81699,25.80495127789296
162371,17.604737467694882
276884,24.812261371995483
45668,21.66898433901188
31800,11.486691165654744
278373,23.29842491757179
38630,15.889709362615497
121007,14.68061449559932
272722,30.569559380179737
268917,25.284498458674985
63561,27.338499059210402
153113,26.867405168657875
123632,27.167395848187123
146944,67.34322782013632
112132,22.249419384771777
270637,22.61750902983663
58040,26.704773176130153
101807,16.87863205444986
143321,19.982272705728057
30769,14.874597211769725
268001,19.521650091145183
86655,16.774816296599486
190874,12.145273654505816
293954,28.42520796380518
189767,19.731663013965697
249513,17.212592330012214
107070,23.768083656992623
282873,11.437120591861554
3546,21.524073834181984
91361,23.79991094824383
256334,26.984408866915395
94843,16.128889288228116
153226,24.26280517512452
202761,13.677879111181454
167868,14.555583359332534
58185,21.690782540658816
68848,19.735378386049486
55427,12.768896141519784
53197,18.183783313307217
118613,45.52893981937595
286394,16.122197647879084
275929,18.59957057582208
79478,15.3838070147727
241863,24.05752665431907
189873,28.42148229916604
28787,33.64607928832557
30426,28.237463514196243
134300,22.645657967729875
270498,16.3782323942988
293958,12.484944259432801
2350,43.840113650698996
147765,44.37417515642477
228975,19.687339516308604
45793,19.10173626146649
254232,21.88356061474962
39574,15.632252251411742
151257,20.400851263519417
187506,21.64570284842906
119733,26.509195794271466
265876,17.08670027452719
226660,25.04450325831012
282466,17.29854831563094
273808,20.7455499925121
84268,26.475396128270695
72808,20.329188244211995
226224,28.835759017961504
17530,16.71846582846407
89767,13.760407634964867
155382,19.56703057362845
7806,21.056695763345612
4051,52.86190396784307
80009,19.604731406082085
125286,21.97568040144363
248888,30.08695257466922
111110,22.517604090943315
4290,49.23749855675938
157676,27.687223568930467
20866,26.935072736650874
287891,22.853731004036284
150047,25.76403785919669
98775,13.229483747118014
168873,33.55958402775382
140303,18.89894355851162
146348,15.625435371581613
136397,18.917007288957013
9324,25.220930033799515
203733,26.77535693355629
132054,13.219196849118328
83509,20.5170474115037
237862,22.074555176205727
134937,20.760386765663004
289277,28.102566142746106
46627,21.921314340490458
284245,20.452126177370154
58531,21.603419538019732
291246,21.595491247014206
92325,17.845777095970107
50782,41.97581271917393
44503,14.99345541659898
113686,23.665384754776657
262485,16.40939773676787
103674,15.197017249704135
39013,17.425504400593148
107624,10.43960858128393
41104,10.506729561833765
117561,20.48061388327546
65408,26.437818967837124
92668,20.524115501366687
34616,10.788089436253676
252245,18.805058623842932
39043,21.19140797385109
157179,25.897138149552017
139522,22.275368653181783
283252,29.05489682567393
86808,27.839124395885385
39433,18.77077261633357
18890,53.920933960414665
118383,20.091881285356422
250227,14.63335271727764
181811,18.436059782220504
235188,29.46510850857111
237315,20.42953306611021
87909,27.267292939666863
42792,40.77033615895489
107475,22.08884560243958
23861,18.341572517271892
283572,16.208424952913152
156669,23.232933691642593
135117,16.361367035065637
250569,19.67273325625369
144982,73.5630042548975
295253,15.731763058356794
60920,24.11611641364488
240305,31.08835561366891
60997,27.352550538625515
24960,13.173087919563875
67607,17.775407692240655
185794,21.103583246839946
101325,26.355812660470264
118210,18.055433115285297
226342,14.965995792958486
55001,16.907066243769293
208464,18.124265153759584
65880,24.51983504280674
82044,23.82927494525943
281331,14.588999229467806
290234,19.843260213228756
281748,18.240824960624675
109639,20.71318092629769
78924,25.652124390905026
244187,33.58417747761913
275570,17.31106976909863
118794,14.337089378112509
89884,19.494579891911823
32082,35.10241262947952
149206,14.771969678983842
115023,25.331661655116346
157352,26.93820657790615
143501,13.99660292093743
261575,27.658229079320325
184511,35.22901770840467
94405,13.83844673947272
173496,30.037963356099294
249899,21.527242207928282
1404,48.994727619627476
132165,26.942529755416796
216657,25.477851376399368
167675,15.658145625455399
122805,18.03440093684383
232237,16.946643140306268
50113,36.835490991227196
216925,29.432122208693425
147099,20.738909974277913
91709,15.079872456771175
83991,26.87572196812212
199068,27.23160155275001
103488,24.578659947797327
78029,12.37834758701643
206399,23.29635867362778
115367,27.687223568930467
197262,17.52437688611717
183376,19.238641274102566
120412,12.871353368511103
130404,15.918616980229862
17725,27.201593484480732
209384,26.505699224706706
182373,18.633610616123484
143256,26.31543885426488
291481,28.869682407290394
283240,28.368646825673927
201567,23.87287351152075
22064,37.79431754069348
132291,23.14997731780955
219848,20.194841594592933
3552,17.675992320395608
6555,20.883671329288376
234602,26.091758552091285
19966,42.53644891959329
276361,21.380849250670355
147078,26.59916661485275
52174,17.315439011745504
156208,13.47791360212407
265459,24.51116332384533
30674,26.111036098690665
289357,27.327900740229655
260030,23.68020890362745
135128,19.230498119992454
41804,16.583222098684793
215010,33.98376324928157
12801,19.393735916751147
36628,17.274796263501994
149933,29.7633289879786
278760,23.343440365740218
202112,25.433619530021506
187199,13.856746641981413
194193,30.72808981214853
268028,23.464187643946204
51613,16.38117239688571
89117,18.59114205719741
202739,51.83921623266108
26966,26.01067158257506
44183,19.556321845227092
264776,30.529089784779057
239361,35.87265812399403
22402,25.89270293027
231840,25.40149735380631
264609,17.23360196479326
178562,15.402377005523146
18748,52.850596377995146
172899,17.759690622348455
262209,19.06525483135421
109090,23.79506366548329
166361,21.459971916374663
179023,17.24441251979025
96882,15.07569001506477
77119,27.1437058037691
230949,30.914679610233954
90154,26.235867581745993
90888,17.108201155067555
57923,24.551506010220226
229440,16.12582328294145
96676,16.776418744729877
267262,19.23428714762438
46459,15.254917513745664
127050,26.427707414512305
278213,15.347435390235725
171656,19.32946174325182
220364,26.94926773484176
80580,26.672029877356017
276521,19.740624827736575
6575,37.85147944294031
49740,20.250100197265272
81683,17.123891864841774
70482,43.401269287050724
287914,22.235430484090497
2720,47.750951053700206
291721,28.102566142746106
84718,22.999494612772047
13525,17.5833478967433
124261,23.32859480328709
249235,25.089321644070743
296732,20.230786378024227
209421,28.952495865840813
167890,31.376150231067022
80033,14.688224653298388
66073,23.30191926335212
181739,16.240536918800025
226308,20.936458689502764
103567,24.59704057201626
60403,29.843549132044974
295368,15.51417338459648
39789,31.48279860352965
88758,13.91981157422978
176024,31.176030577290724
227337,29.13268151284465
160995,22.39154786193705
263120,23.629480451928632
86941,25.623111235221796
174640,17.592035918615053
116788,22.105946423827227
104866,15.858414602710027
126470,29.431157385305653
236084,19.676459284617124
243608,25.90809140568025
286603,18.295196547044544
20803,56.130054301119344
275837,19.823152092336308
255567,24.837232017864658
251052,42.77379846234082
35852,20.955477276784674
234261,23.362830031791923
118585,21.666668092794293
32293,18.633196516806862
206414,20.627257567568662
180096,16.946713463641483
286579,30.403720977888867
73463,17.98623439973881
184365,23.189607217085722
87838,19.698893361360632
211698,16.028528805619764
9178,35.1745179093534
298942,18.06093667625365
226068,25.582053435677462
13344,13.344366121251221
12654,16.885707319979588
56262,22.053964500436376
227930,20.544110178176787
10577,24.271191159325735
91091,19.18190722630691
47758,24.90890487644625
171294,14.879244905088987
1649,45.937400354912505
64635,31.7486907199442
208313,27.970926010337298
285927,22.77961457132583
22945,17.88174444941049
129623,23.474440587942944
166224,27.001970189852653
75151,20.939678983284136
277575,14.848471272640932
186209,25.906210702924717
222695,19.763117266324578
141049,34.23771905161321
130076,24.408808636606278
142828,45.781118970027954
250368,26.06969612849532
215983,15.637664256099436
198402,22.35881934069236
297909,23.30262275599254
102521,28.310223284306943
216774,15.913356510799673
256693,27.0340944428265
220112,22.020791304642717
207331,21.89233362796545
264518,19.870739234718616
18288,50.49673693329682
7283,23.808749756198022
218518,21.573060513392626
76725,25.98829112560218
202458,22.11462084209877
260390,19.567393303210945
218689,30.84690075116884
8969,26.6140692169476
173154,20.390068603230567
216927,15.195397216339595
261777,17.129901676747302
126302,20.06819422673607
199217,15.397864485076838
187494,14.220784623684304
286388,14.162195191096284
217818,31.37589194905671
257166,39.76531277793822
178060,32.1843652267705
104349,14.745571145214774
170581,18.615003013594716
9537,26.06586398574052
268332,21.28037163583091
146037,16.69136833683229
34508,23.9982610147118
150332,20.647465720279882
907,20.229180802002347
114750,14.252175896626667
9015,16.60891256911835
177511,20.396333152784543
31843,12.900399416733318
170398,13.790066198161151
32469,22.890200517137067
256611,20.309857973560366
236035,15.786975974492481
196552,20.598676304970205
233601,23.78294474896601
276174,65.91808203131961
141823,17.039594924739017
80740,15.307497000082048
202496,31.378747138793962
37077,17.642264455303142
123069,28.237729239564043
265394,18.731510811511953
5581,60.423166325664305
207690,20.207043655034653
90729,28.62532724928184
216222,28.019983245011883
1441,48.93612413294943
110483,23.053987848273533
252788,12.299988415772955
249175,18.774290596967017
227048,32.534366579991385
106548,24.13414509897419
73440,24.669364057207485
104431,27.65613802457825
145655,27.611236501726513
259565,14.664784076244999
167018,35.62852629741178
204069,25.71034531587427
102314,23.026447567974714
22963,12.769036749406945
172540,21.509236947504466
162345,14.823451653877484
268506,20.972943583610935
264905,23.935392328641036
25949,31.863980336685223
204330,26.73874915102359
77878,25.685566803005912
133182,17.739557978793346
80981,28.918316755654207
185687,23.744436884072297
233496,29.260070046878024
150727,33.1734262109406
12358,18.56845867471157
70534,34.05164234356779
150082,18.38326573527761
70941,27.533017494546392
242880,20.619765565489036
201760,19.96628236154526
283123,28.722552468997332
119893,22.61964413993124
107780,17.326177657222466
28139,18.427282852132457
133735,21.909315800382394
70635,21.201441723205537
123793,14.983105680830045
294743,15.86931295853267
241157,30.575469537237304
240988,18.31362480107361
191771,16.743381657130573
152213,32.44556345272292
280100,20.241146168913083
205613,34.27408609297065
57994,18.958667784795296
23613,16.055440347770546
120702,21.35330712180974
232271,20.153874713131614
11320,23.06963964581724
41368,23.07008266802986
22928,20.082220582496102
107104,18.07116600521409
5424,51.036626121934184
142043,48.637744087281334
180818,21.53458232156355
38777,17.45457024896704
192335,24.399425880226563
116805,17.832673754300576
90598,31.406913616227
194689,32.040208682999314
293622,18.808376711981918
259912,18.303727110415416
223768,21.455076162564367
113228,14.123708232870376
7576,21.654486077281444
182129,27.539677660031238
299399,22.184057361268977
118045,33.589388533612585
239409,21.140762334078733
240242,22.882084175884557
141356,23.253273748840666
120180,17.819533823427818
91050,35.20731076098672
174723,13.595632224449663
201142,23.04058281102582
193837,30.53796482513591
285882,36.43170510681408
226295,24.456425512681626
37068,22.94205475716056
179714,15.64293909277095
45520,26.37753032920396
27819,22.619570702377278
102014,14.457616691272847
53605,22.256912738711566
255634,17.97965050435716
3513,17.15339090962151
45652,35.152732461184044
28242,21.13237038268948
74285,35.54972042964872
19243,13.399133682112382
180773,19.50690864514505
29427,21.512515736277305
56868,21.315653665677555
125492,25.516411365758465
84917,19.36546882499818
165643,12.43556614880366
226792,15.85631371708854
224095,23.116670314482242
79923,13.488123138481004
31709,17.44544997677983
207826,23.85770361331135
202129,20.164707530019275
227418,13.099333670453982
24333,28.411813758207813
87389,20.51133465911149
205757,18.807650285849515
221553,26.435054617503
8965,18.552041017446143
211758,16.352042796953963
245938,20.868845892284597
217376,18.77869841415771
267421,17.497119559400186
60555,35.157382309307955
13193,12.326322062830423
241237,28.066785395277975
44166,15.986160100472915
114285,17.82727667671429
107447,27.392337694694156
9062,23.47674817997456
7344,29.65764108435094
215015,30.298634761485136
105204,22.121310604481863
89175,18.473679732633983
210410,22.895318278755873
77182,16.167958490283212
298501,35.67203524506054
127012,19.954504922727498
233233,13.409587620271598
9512,50.12006321157693
178200,11.121593944684824
203812,21.093161925090236
188609,22.558909185190874
232781,24.553552342812512
131738,24.21946721299485
250985,16.66159559548521
288313,16.87218903444797
41930,14.854323468074643
189913,33.26493378951328
262177,20.156449089430602
241112,18.20453129020403
163435,28.535044112941044
174035,23.77474147366357
65821,31.999971046171833
51804,13.696456726715263
211349,32.96854933610182
55580,20.738359881006513
183449,29.11108104639782
64173,29.71326915380097
249231,28.047491106088234
136893,26.044583197903137
185787,24.415652794798866
91426,16.38941683373296
143959,48.751237919616955
180586,28.76205457003079
97814,18.309614205959
41088,21.138092924855876
74572,17.508719152163746
79320,15.818446776978172
255164,22.83074644614093
264943,17.967273886884946
247270,28.1970500906379
164330,21.275820112448873
56746,21.856274648370224
85527,55.25898495233738
29,19.499734019813307
288501,23.571991405837917
3276,19.30012187915061
197509,15.986160100472915
203791,25.51668128558301
192217,29.955376761685557
76914,20.59921580086246
180828,23.407445856104925
94247,21.907921133475423
266647,21.890340798935785
99047,31.826845602528145
133604,11.296498083646688
267915,18.61987229415944
80835,23.015698032877
267052,17.19715615123111
87539,17.286656448681743
254379,20.16664507252628
5381,38.582747224843935
117370,28.05602347688768
203089,18.96735813552965
278320,18.16505709180934
58951,22.75046099650104
105560,25.775673755254722
246157,13.605999361600414
293147,21.126045667277715
282507,15.733471753492548
11444,17.707320308789086
121672,15.309683979285841
62469,15.903558530941385
172640,17.947298497140416
97686,26.33494238440947
75800,13.015730284561656
294278,12.49628736962984
171412,22.250699883141294
259501,20.686609714675914
185258,19.468574548485748
20640,25.815872779644405
200777,27.584036079553357
232165,31.921596329391058
204973,17.30769754675693
59507,20.54383663090776
146421,29.64021234209389
111773,22.63835050288927
77189,35.32086509159696
2529,60.55989889349054
109052,27.534653668568346
71711,17.544357036599045
46245,16.32729768194571
169122,18.49830147433154
172490,13.355676216210236
151212,15.408941295962322
183528,14.914617523799194
200196,25.341123077194403
102735,16.60192622812184
185380,20.56233408210223
145766,46.26855471673095
289222,13.701108103234565
193361,26.51909621704857
267184,13.281037371706839
250809,19.027997839393358
94595,13.733660714318125
180185,22.428706748122234
174852,14.681166759821755
12620,19.22923519352051
195615,35.92996702961942
271188,10.888165508859927
19430,52.95439748284559
197913,24.505507298599195
163234,21.239406945560777
85734,18.233190061310893
238489,23.49753383459862
23874,25.89270293027
158195,19.912095655509713
232089,17.125675511340148
269542,60.8783078099979
66452,40.36691346268777
21610,22.45348668521475
176804,16.21274797374351
154829,18.446764968220254
214976,17.484768211307216
153338,20.010558584230438
207850,35.23681174529091
20067,29.367611557617693
79710,21.496390397451158
1093,32.394462906071766
172611,28.494518646885304
191221,25.07947520151837
173741,12.75221029498597
234140,18.028075640625627
226088,14.597286717084234
179639,20.610281848053695
248517,24.91563737972237
263438,27.245873047370004
28569,30.157208306436974
240080,55.02323518484013
235848,20.241859585376613
127569,27.87684674635459
139430,14.236144932850143
299332,14.45687344000629
155239,22.547853560346784
288071,18.680905321368037
93868,20.430701100135842
187810,13.332704722088758
180971,25.156502162831856
142474,35.168200337547304
252127,21.1819376228354
183526,21.454426876624343
208009,25.96774576222333
79443,20.129103951732283
238161,17.08405180217797
176534,22.22757911327264
265894,16.129304979532023
124775,13.117437651291842
133008,14.666622660317952
146385,22.79380432194774
89993,15.557321966597215
238988,25.376395618803144
116644,22.122189455009583
114878,23.843087657535232
173346,17.90472586568406
148301,23.925914020716657
138014,19.91246435746738
141780,26.231869414176835
146948,27.594076501726512
210700,23.909958495290685
295407,18.323901653543714
101812,14.48059641330013
191559,14.194485893885965
201038,13.816217032554974
179918,26.497709166633115
79471,15.019286607684155
184724,13.669663362971221
123797,23.607306502908664
124409,26.792054931166906
74619,30.405721694391456
242980,27.606972968490616
133147,26.20036010942801
100869,27.987527217701064
107733,16.82787559947143
122369,27.873418532037938
232929,12.687733542760864
269568,17.17932566369851
53994,18.748952298169343
129479,13.151489476709159
59956,18.74471114675085
192906,20.389357433879397
66547,25.856985151691863
73274,19.586512429864193
274040,25.23491509889275
46802,24.505507298599195
14109,19.221796385949236
3329,28.74809682328199
30974,20.13907545157105
268122,20.11639190039018
235241,29.224177317786662
239312,33.623290447912275
134969,17.18062778266568
46513,13.565198797484266
231936,17.13142381759523
282208,18.410020912355172
95429,20.55465344393881
150856,17.472395242430657
192749,20.148091617962464
123041,27.25775143771707
187892,36.249216880780466
88552,17.187906149781305
77270,25.699201505847167
26922,18.82679706482659
17812,16.475240907506183
198437,26.626880026281345
286060,18.305615509918898
35241,14.565457018797357
17657,16.419148585348
168544,16.864483700582895
208413,25.336541237334355
122938,33.85401024967753
191273,29.17083948118169
62568,18.597630975406034
128587,23.517997469323664
14558,19.877009883505252
177433,14.881063016146356
176002,20.00568150224641
60205,22.75565558654329
50372,21.871720273679067
182610,25.659174421820723
199260,16.740836307631735
79741,19.26663361730308
234362,18.10411964157927
41784,15.006951904802815
205942,18.114027357961326
26605,28.373474919232724
87108,17.829845713229282
26359,25.517048834511975
99157,23.066773459556067
176978,17.613088118553087
48833,14.910878428383963
192239,20.212807149346457
292614,30.88578070808787
122549,17.32741078877468
60037,28.35640802136725
115434,20.599573976922443
70255,17.02904843126378
247854,34.38170497652925
272064,27.654509594911257
113463,17.291503653554958
116335,14.24085205676091
235269,29.968753967509418
55380,27.24830573851687
117637,30.804230861681198
89274,19.31503268767278
39302,24.967491642456793
278717,21.0832813969124
227042,34.321623653454836
284961,19.29469323339925
217737,12.69402862985965
56105,17.23535668237719
193025,47.893505831426964
29357,27.286657909753536
268542,24.400179012979244
266300,20.64371126974468
152603,29.73129678579975
170700,20.6593861244946
261324,36.98751929897928
189184,23.647689927972728
34082,35.14782172984163
123583,28.81971498027726
259695,23.490785014680714
82429,21.310685753220728
172265,14.161743168690872
37436,18.84798555077181
277265,22.864418087569835
213515,27.7710572992727
286421,22.431692753424368
189486,33.39057112112018
25399,22.36816688589934
60469,27.016131263682457
49889,14.275971663162522
107811,14.559209480138833
131547,16.777357701135667
187611,21.09438340284902
103211,24.38821589629914
298271,39.00136239426336
8851,21.247439949165976
80655,10.170034729210572
225544,19.273311160483267
72498,19.63574864042787
167364,21.720178733697843
204032,20.25074419974978
140886,20.99210332424409
32979,21.255072085875003
100182,18.314158997187622
285503,12.034589435751823
110080,23.50862779814514
36047,25.210877167050334
169567,13.89059963986477
237127,16.572285591638302
84837,14.32871808302659
122842,12.971434596275582
18939,32.688992920645646
47829,23.493228905370305
248310,22.583460590144927
258951,20.141952174869793
90399,26.598224389096554
24206,20.419550527055826
247947,19.943693740939697
267917,48.14537180366919
250407,13.501697099174326
275745,27.331863113805166
226753,26.01202218994601
187968,16.640868688027485
178181,15.405991285519624
16332,24.3520255060204
4440,23.491617991503524
219021,22.11753018772746
36486,20.898021865448392
221665,30.245459225329643
130449,22.817826368309035
142683,41.77513951689485
18454,50.138359810777956
197012,23.233005295871113
215090,19.223653748301814
42077,15.84055924523555
266389,17.50170452009523
22722,19.993007152161614
41330,13.816042958429183
238325,21.017975987625146
294456,21.424102718099725
291944,19.162379237339714
65193,42.99089945486617
238647,23.870790542514673
285651,13.424596400599432
104670,13.229631039144717
37693,15.465872310595575
83274,24.741314076474772
53026,26.58604426411467
232201,28.84241194978835
133496,22.615979260225025
46885,18.31804226319947
114824,24.196211631132805
84056,19.414545635842266
14094,25.256717513382576
92346,23.668120013711935
127630,22.815934357265252
86812,18.938607626576932
94599,14.790802890562224
218376,27.134766743552568
28879,16.745017590663913
295440,20.932444709922894
287512,21.15617121881595
90101,12.589521075776318
198884,15.865007942119814
93616,19.414541407458
239949,22.397659130511332
295339,22.250607787112898
2807,31.80473052467522
190349,14.987855563990106
165602,17.3846205725294
214026,29.77403154344131
237561,24.56131174409196
164305,20.408047819762402
22320,16.657899742647842
245922,18.267280141075283
264764,19.366771074729648
288474,50.30741444539756
256456,24.33277005756267
106853,24.1471799171517
48212,15.390993794287642
160799,14.703929674039761
294388,18.358515754450472
189675,29.135664584461843
189914,16.955184347312382
113770,27.378071331200896
86200,29.624659308458924
40400,18.99631371876143
74641,14.896092133136431
235740,24.168584302160948
206204,14.760465623106418
50827,19.8571435289233
21033,35.73921650388877
181259,19.56822988032801
87830,19.679042587417143
55,22.85455078564896
194058,35.82728919296085
7184,15.60144819391758
279863,22.1586686403887
165322,16.58278428599015
268742,16.32743424525604
69911,19.507675872579938
69196,17.794881282723892
61751,23.56225528231683
284019,34.41841074752081
192336,23.01956009019451
172965,15.213792336892968
155954,19.959373329389923
170154,22.737254246000198
6094,26.065609521407634
6758,22.701116485002228
17059,30.294152755009776
47750,15.468727842263695
82023,19.851082142793665
109003,23.283378121330692
146003,27.614279349972456
257246,19.523678050882687
227403,20.05325777692207
54133,28.73040044723345
98112,18.903382413389966
233425,30.063802440995623
46590,23.734735919942807
66577,22.782565588605348
293391,12.64494644905368
282019,31.976704386616017
78865,55.619597046870105
65573,29.517303558522535
59480,21.447579060478315
227457,24.297261669279862
257695,37.516235860615716
95810,20.233975309168265
165982,17.03013892443058
222675,27.356697131016013
163711,9.162658687534659
185743,18.77598728966866
226282,15.65322802338278
10807,17.765178310733393
46449,19.939907387693733
72753,23.927705294815656
119403,27.957667007239525
179511,30.67213219691835
298145,22.21457778495209
265239,16.32113565404101
260823,28.093738440128458
264969,13.57623991876724
256429,17.54395563861018
124127,22.816465526283086
162412,17.645007381065493
209650,23.55779910679372
10267,30.015294688077795
4577,27.305907558235912
286847,24.06349704902519
278307,33.12810885234375
176432,23.049149072358286
13472,16.8529588439989
29663,20.506238319082385
255157,30.17475078989874
215013,33.98376324928157
19224,39.004058814917826
279671,26.871571379934863
210499,27.384151586236506
32589,22.191135410597234
217939,22.51022413455983
134598,17.340046155163485
134515,21.72543827019395
249012,22.54882013373946
