sample_id,price
217392,51.13634560701289
209156,13.600268926924578
262333,40.731775059532715
295979,18.135652557786603
50604,21.334330309524397
184343,14.014395488621442
11241,8.13675405620132
17551,11.464195348436858
13187,18.527083048865528
55004,14.63523775906771
182180,15.707867197094778
104303,11.33574695533122
21764,25.97588509596998
70671,15.043448635271083
165919,16.89359395441054
261335,15.67147724532105
18662,13.046044509300659
72584,10.750939164746164
143166,21.89785648497614
186882,13.206756933929906
39645,16.141045510241415
159533,12.676069721726112
60187,20.91443679592873
170797,18.903165006662583
66314,11.81277686768112
51091,15.220026667455997
287788,48.895066624989866
164102,18.977379789101743
84407,17.02831508407099
222817,26.54723641816379
82351,14.917400605516772
146107,56.630059348110514
288989,24.24500148157476
237589,14.623329449400195
76467,22.38473188188776
140742,14.22665124084724
113002,10.064776342933362
233032,20.63107926977063
195259,57.782223595133914
62879,56.1840462276078
80530,61.58113056866743
137179,20.916274914323985
33905,13.107763166499696
133818,21.657667476780915
77796,25.16113233928118
36107,14.687123298678426
154665,15.445660526572986
37027,19.927052383260925
240232,8.801755132750039
245432,14.230768057980395
127312,5.913564663343044
171816,21.22127881123618
16997,21.61893503236257
240492,14.739414387706873
288383,11.405994207421244
13764,25.531314936157372
187870,11.47901213705276
11448,49.702466389825666
43719,25.32029300087443
232550,20.011144591202644
115910,29.076893601284006
60725,59.9079879459167
104621,18.182010319533916
22217,14.420956350142465
120241,21.249196610591113
216080,8.917633854626345
73501,19.27576440726371
214869,18.530025275358557
275959,11.930032454928849
267698,17.953205229969534
149544,84.76276601059229
176733,17.038613587398906
17129,51.10417553159791
269085,16.80550045040225
29960,18.83151229366877
93964,22.25643063108389
68575,25.43016739962758
243936,30.12767863545023
85054,10.848639676571063
220124,12.873783952006322
92050,13.006283710769491
160003,20.624195562996977
110326,23.123054345852243
143699,74.02809998585425
66426,21.3609013490223
297010,16.852604402653846
221734,23.816596131790064
57696,16.243535914004365
151150,19.252088192134817
17929,54.860229620216714
16136,23.748903843464625
221234,26.237477118673894
252779,17.540507418517876
269532,19.758119760073257
77067,28.164904887464875
289489,13.667761559344765
297033,19.208800558407628
79518,15.5724231337352
262905,9.331597513979432
231581,25.03373084945384
24842,19.763371636678748
194737,8.49190415465476
17048,13.001308589946255
19304,51.600237987799915
159190,4.369001148804065
84200,14.211106133103197
21863,6.672717490608761
50428,25.00304301933129
207183,23.859831038237346
14949,16.5738747651313
108463,17.48926487462399
68199,27.623247100887415
297507,25.39540833821329
95999,27.133649055089265
157981,21.17401277511157
98207,13.02531808883754
38542,12.794131875379858
202324,16.44182155704565
276948,13.357078181844404
282057,17.427326914547162
28414,14.470186180023745
18416,33.864898332193995
238691,35.33781362353216
176004,9.503647911972823
166670,53.65214376036001
270044,5.47421917878564
110286,17.81316451057478
37731,27.055577648088658
78993,9.40353413142362
42975,17.234846505868905
176190,36.035230745936005
246946,23.695452942915608
250749,12.153199504656254
274858,20.477675558096713
228655,19.152106628177926
38576,25.63557782847427
93850,11.021692573509423
231108,19.19079774684001
241821,16.39867510968629
28416,16.856735074134562
22459,11.561004404798169
260245,7.698602425693725
106387,20.958664843079855
162718,8.91028380977599
13385,11.646870954969163
95381,36.10037089294951
19984,41.85429509701675
204327,19.511132629613783
53918,28.084584552311668
79525,44.65988705058805
137499,16.149227612074025
145265,48.3939070214246
224857,18.170202870383886
63242,13.086626229175312
145346,12.524475237483731
108457,13.309332329321578
296602,34.12739593989162
12884,14.77433745005047
34330,46.951180764092136
104900,11.703581957751986
162440,18.860154248709406
297326,41.961340801141965
187811,8.162094891855382
59161,11.427965468035602
140555,15.795351079821906
164623,24.155033937603864
266433,12.35809131819741
15264,22.815077934287004
107909,20.284276373231855
104129,22.538698371247982
3315,15.290079192908522
232110,20.71726764809773
15259,12.754769189889473
122489,19.1527248360122
114162,16.837626904780215
53002,27.405706459195855
226361,17.057066614260613
37491,11.726240124008134
106568,9.703453375676704
246474,12.726797416365393
129799,17.986073831049715
249306,11.442121228614717
25628,20.01012142444408
298333,26.550981883273874
34576,13.016523351431104
218694,33.2878308625613
98657,14.329653515578705
234444,5.850944510409306
111376,48.53653797154417
240749,24.187199410857602
67239,46.766662437313805
126960,16.21935811551409
230813,11.817129290818986
260101,15.601615796687017
186300,16.69805243920249
63175,38.73944266889375
121274,5.255113756043883
121158,26.024922128474522
257797,9.298596676569115
17424,16.90801343227762
268537,11.883443112488754
42630,37.16345905212961
210931,10.977953729642188
219877,29.20602183377511
52060,22.67209558561744
148816,42.400562494765126
29944,11.287484439094603
163353,24.735306957186225
74225,31.200382357360304
110469,27.43764360718393
270145,16.40486531192908
288311,17.500238337216622
290872,22.459403374660507
70721,26.636509281343002
202720,106.3503301305226
147945,39.78650415592515
223980,8.47035381919591
80488,15.515203278073457
226518,9.203404857173993
295186,12.486748405294353
22783,8.367957453954793
125488,26.974511429453123
40762,6.464487201611382
137021,36.79449306313137
8621,10.581387357457292
155090,19.886840119771904
219461,29.224067030176442
140828,15.867584225912307
140260,12.101951145021628
178339,30.365515531040863
46780,19.545942043717766
75476,15.038015070707566
152527,23.390513149030326
248763,17.861456348597734
54851,16.57177108904669
134967,18.799616610651043
262156,12.309686738291774
97673,22.995544432437086
45825,18.03855473272621
213235,21.33407304219419
236835,15.585794084517282
186829,16.1844953701226
297098,11.965308459336825
49119,16.715705046623334
28273,45.673736350928806
43551,18.403804485108243
15870,20.451847098391323
186429,23.628107543455307
216138,24.030816848819917
265947,11.127727025108431
23860,35.268474649051
257643,31.124917858755367
284735,6.92652969383097
80127,36.84283447374403
229108,48.8862165480002
45313,13.579915834817402
274302,14.13484567580051
180413,12.004987460569357
248948,19.512151517777887
223382,18.527174284999106
196177,74.28436850919081
162606,36.43224782115127
38485,12.410340475709749
110997,17.522186505904802
199785,12.935568645130804
47782,12.710493067438534
188266,18.093074201846456
276766,7.1971913042789595
229080,20.412449382729278
155032,14.922811506294877
241232,14.371094563545345
86063,17.370608834903727
133153,19.497713951715834
262851,18.977691785878815
249425,28.57781161429599
109804,22.716224671032936
15776,26.18049045282959
19225,33.701240545033535
170296,5.029369689751081
231193,25.980356176081834
15787,20.437423032491893
245561,12.496431238580353
183367,14.618218746084235
248907,37.10186246790868
5312,53.83752585635622
194345,27.34586007281046
66141,28.868197321765543
36214,21.035926431759183
204169,30.10891370031821
124045,22.045674787476134
99740,7.380009363575816
102026,21.94294520125189
6446,7.507147398597283
228010,22.52523074966362
55078,13.334934484760922
276022,24.428788543096424
219985,9.307257056624493
76530,18.356822850090445
43553,15.117395656669263
238834,34.549725935490706
287170,20.766445015876585
177574,18.949268564379672
286353,16.488992360588533
295293,23.13511267649423
55607,27.992932554846334
11219,13.94330114225827
18008,28.530284805822127
260120,17.356279723234685
145119,51.52310249365505
41348,30.84496156915261
297690,17.581437345823897
116440,23.192307559062918
92491,18.06044016656989
167162,20.37401379352351
84534,46.508536703335004
234402,28.946069164482335
20209,41.93151921748371
250480,63.16442870451876
36411,38.82567086002745
209767,42.86941175131992
61100,20.95239607281172
282007,7.507437314011426
154658,39.00203899502569
242760,10.115933302106416
108754,16.513981985811448
142031,37.59077515350369
228532,32.6184706682782
25171,20.592863133296092
246096,48.8101207815781
136437,20.512711091601528
6954,10.109591970185743
87168,16.913202102910816
266988,22.14967318079598
1453,29.387295733472634
187774,19.67754867328037
1217,6.9766373462267985
110388,30.165325929290674
36659,5.695759270012328
241675,17.272945775680704
5476,30.023217979110726
40853,82.73826372776173
97118,23.036692639658433
291044,19.798452380118356
172356,20.340096166491936
328,3.9963455074230083
218730,46.81930555510444
283619,17.978873616240616
141307,18.72561804983074
99642,36.33544185964329
91851,9.06280952509837
60574,25.699198759334493
167157,10.534012480677077
286153,27.978948952226407
261201,40.738356372724596
278362,14.447864482068816
70258,15.556137771927666
103117,32.368451742850695
109888,7.9662400136536355
160922,52.66427227421795
260244,7.90308712118318
68510,29.032785355345403
290132,15.773597409010819
152384,35.79418832027024
52298,14.709706060028036
274724,11.792321484295163
16733,23.912206794172924
93763,17.460715591148237
120815,35.09002348320167
174764,12.416514900669792
111879,11.067880269348269
282275,21.79682466054178
153963,23.077195850311004
25153,12.069452365439762
291467,22.000708168046497
34841,10.336999192481855
82687,29.23861496750848
177553,15.64985191150597
156805,87.19840127445659
258611,13.289771767017022
255884,16.28417458463359
97974,14.924236791251595
91099,18.08182820610844
234194,29.858356420950265
168901,59.29498663055296
149144,27.23814504231531
176677,6.191490777311541
177184,14.825207999659185
116600,8.732162018103967
2962,25.323968189862477
76098,9.249041369631687
125317,22.45044771224298
280263,13.595080160674929
29803,46.85456263016818
297694,16.57655208834752
174648,60.49225875745077
34400,4.396671606047936
209537,15.81108708743428
139880,12.817990219431794
214188,23.40589902406318
62154,34.50034468898658
61695,20.603787414845133
92731,11.119745765372697
124030,26.313610345619097
204861,13.767463403821129
112854,24.89650843656402
129372,13.433473228383427
27378,18.085460732426192
19752,35.855149231106715
288904,27.26430389323153
108050,26.834985819332516
98597,15.161509370450371
272754,8.16083648905077
43633,21.52702204249648
266438,14.907164460688648
230136,29.05744443087397
189378,13.368803412229804
56151,29.689345404787424
61424,14.162480911748816
7005,20.275889311628355
216155,11.762303339942473
101621,21.615604620920315
103835,35.35969237457548
295945,11.169995304424768
88951,14.371695123458032
1367,67.19319901175831
196772,21.64840574490897
241079,12.984064963920087
131546,14.604751578629251
219420,11.994908618324349
69772,15.577662068372064
175954,27.237476685001063
78660,19.22325219053967
16267,45.32426288580281
63129,17.061088845213398
133911,58.82191528399149
55223,28.37585597021541
161384,8.469263901113994
108680,22.02137889043726
14501,24.157921836787203
168360,11.483124079411525
108606,18.486188061992713
49745,15.070825168076667
289420,16.568365423472827
249657,20.90063094801602
120376,1.6173710097154435
177475,12.740712552110041
153404,9.923668222950589
191270,17.504546658633675
285597,15.366114031632442
60105,11.234653513735196
162716,9.937904698716531
757,20.204086361651882
136153,18.632926699962436
92284,20.569427873772128
36017,44.9057933620897
294676,15.602560634039303
63137,16.284508653324963
28670,10.908229102742839
9143,32.62643757626011
151346,54.13489766324455
105154,25.29809596393288
139472,43.05435122390938
81440,16.89301454184092
33788,20.189457633737998
77294,17.478174452131285
227407,14.452325670802782
121174,13.609668442629701
101338,28.301825394575893
119652,14.126437582810304
85247,24.672883199806115
34239,13.744164658822857
58468,22.810273726687313
139535,4.520455775817663
92600,12.682904852807322
176980,22.520228386567567
173313,15.858285790416609
10208,24.915089971330552
118494,20.422219172852277
179952,66.5681350078876
226488,10.082797323022598
268145,18.875752036421137
51109,52.523684712033976
84575,15.668545291504657
26172,12.120129236709467
246066,42.31562108634769
156624,12.44443647345742
106847,16.712902314136286
26333,19.207380899181338
200106,31.40329516307731
63966,20.111640991202677
280188,12.103742306083387
154390,23.404642055861977
62750,48.92345468602348
237955,12.379307072835285
120841,14.044695787735414
169289,69.67061443125053
102605,71.53709704979107
264047,13.658765346905096
19324,79.64649813749469
230346,29.678464732248656
213473,20.581262400415625
3652,31.235275103578857
238809,43.449634981046394
196546,56.09856926505913
102135,23.50811434498366
79500,13.543480607424373
22091,36.44355322885435
104434,10.483244104300667
24402,17.917469491156123
260460,23.635458145888805
140105,5.53618081117683
263903,16.31873733524036
262396,21.96452419401765
215275,19.889542059560227
58814,21.601395843550392
166918,18.179164873994864
27483,10.073833328757848
249168,22.33364066271562
146532,57.873232818719764
280328,28.242073920684465
264055,19.767960601904377
4458,7.915479102666602
239134,6.880085582043838
277635,25.653232683110165
79927,22.872704912025057
139381,13.837768217856329
148254,32.78776687055341
274239,40.58138189440303
266720,18.055892248259543
52519,27.1866448513053
25925,17.82634707240823
26064,15.991669878994706
65069,40.137205384875855
259272,12.472053533869012
232275,37.732838765964885
130721,18.45873960358807
143353,8.031468420877584
180898,13.093908119453499
240508,53.689398822228874
254047,25.14425830299396
74303,21.98827807028306
1312,19.58444487981303
59473,64.17773368558588
77246,8.592573957586023
206602,29.89300637382737
240171,6.898280711914065
282657,16.127583199169276
90846,17.539466349051825
46388,10.882441751641363
97463,25.939062985399786
40535,7.46985333645695
291353,17.9601645244062
272253,11.174534448061836
47248,12.905953898260318
151826,14.58070188909215
3545,133.36067392398522
75411,12.030055944472469
109809,52.067299309175425
89549,7.350266709320671
90787,15.801287317331681
33828,30.175468458732944
273823,12.662252194385719
173335,13.560211978795532
138528,18.973263856688867
65276,23.125307383242212
243634,28.786122164803544
31743,20.663579179817546
74629,16.439426548674128
222281,7.915800277102193
29461,17.610975192587325
280861,16.29695009081415
146969,54.36640853055956
247473,10.526957887079256
38697,14.775051476409018
30431,12.968310243636855
201924,17.982509390424188
128115,3.2931642388368445
126415,5.024025160782743
290942,12.718739855911736
243545,20.225707315911997
265469,9.885345107359694
196172,40.673435411350155
186647,13.013362919399071
229890,11.406006023075253
128435,11.575839381032303
289656,13.449293033147043
5316,54.9737059826895
123685,48.207643765755215
277894,19.745979195399503
261001,16.016414497099746
259012,9.297682525658566
172610,27.894363984960048
53489,18.12809687856538
235777,30.308726102692837
54513,22.07247129096597
237815,19.692423171492553
107188,18.869133970557353
177757,29.12888040215901
6076,21.73578058696663
199514,15.993754739038266
209962,10.60904747988804
94869,26.026305405994496
190722,10.031170173542211
108999,24.534203486180843
213412,22.437736172163255
157244,107.56620535344209
59796,15.119032467514444
258468,15.642292442913718
138633,13.906577970182326
190910,36.162543651072276
275652,36.88795265680351
85773,6.223075043245576
193336,75.09156285851927
139990,7.753987571739891
42410,21.903753174277256
88072,19.51337997674444
120673,40.29880599484656
169262,10.550485001562556
167097,19.08154296911819
55772,23.476825059102527
182584,22.513228777705145
260784,18.71742546598771
106327,17.45855225778326
231231,12.964166896799057
47734,12.981900695153172
190370,20.35176125137994
283383,6.644797083664503
152590,17.415663371679873
153819,10.678990885473624
298080,40.0997985069397
40247,12.20098690039214
81574,23.534657499446176
220415,28.68253945927237
128618,23.596784930285494
247392,23.838516711842555
18024,27.8702712616843
61989,21.454245300241404
279820,24.638109860771145
141737,19.062433096394983
51683,21.09683913888847
211302,41.524441893964045
20004,34.67321384287448
132133,11.876885293622799
256908,19.41799697547179
131063,22.557647045250803
136282,18.59035003397392
226236,12.267306364105046
148754,36.70160323366779
121703,18.347373991342163
85460,61.767752198013845
117430,26.487012298181362
71677,26.21127194472507
215581,17.26642650153686
257959,28.173565175799208
243037,26.713746535801913
188202,18.429598636368226
51378,16.96296064599128
250832,8.82990586493866
263330,14.024732098409345
143611,81.38635918389025
137737,19.13523481705151
149295,28.741764064759955
100983,23.084355261021102
172239,23.512214324673728
196716,19.897768868904258
94653,9.756738184236742
253438,27.531519335614334
165895,18.32136006450927
142674,34.631037628872356
276247,13.354323411146733
178947,17.935121356713566
128896,51.24276208158175
214,11.122802192523245
147681,41.91503597002981
282811,15.9647881021561
251665,24.16916523650474
260800,8.219350414510801
158374,10.449000039612226
287024,8.808108013570491
240490,18.01611276945318
206024,36.189266067126624
103427,28.707436097053172
165962,13.025560347662639
267859,18.397296903300717
76041,17.513117157728576
92747,27.83177458165059
18079,67.29282227298523
222685,22.63606678466408
78291,14.622619157112297
39332,27.852875443954584
238926,29.52321986782163
10809,40.61675980962292
263575,16.790340207231637
195903,58.806770239946424
202805,26.775859691898745
258819,9.752528197332932
191398,10.635774098639727
296817,19.1218915379828
126196,42.13799662786164
67339,27.32921730134822
215783,31.17673964570531
192675,28.694274313922705
255231,17.570432381243577
233259,30.06293240411226
285751,33.505959037171706
53630,18.662780116716647
113764,20.817888550928473
251944,27.846732284384053
199839,8.84073859214811
206615,23.645003818337045
102083,17.493589539029273
183345,18.864529547113253
101213,25.70248912092137
265625,9.86706376205479
248323,15.408399867834813
161281,30.9562032760958
193907,42.775737866625256
190068,15.119751017458277
206737,57.27166703480544
227822,27.365392585340334
119670,11.295582468962508
170192,15.146703846126897
54458,17.65006581842279
260843,30.5501633129347
96792,14.005380403969191
115401,44.47003848726595
157248,75.9525156426979
109906,21.086329402430067
268058,29.440964000492947
3511,119.47292383589553
205382,34.688049813172974
140925,20.467098767591203
66905,23.19907128878743
59281,16.25739158046742
207538,33.41743746208877
72220,12.476629266772424
258714,13.631918710629371
26648,15.235607157791893
45718,12.426524663890788
88653,12.799530677543853
137497,18.17492228853604
158718,23.19639968559361
254324,15.788445713002467
49911,11.250014352474768
69389,21.903791230594443
217809,11.949122098375142
281866,17.852120713559025
155760,22.533971570772003
47971,19.433651545808516
167382,26.029485345778202
164261,14.004650365290402
169817,27.660187076206263
38801,25.040848580250007
79958,14.693600045091472
150877,22.280175090103057
99971,10.764190116163208
83588,47.39303496216915
95113,20.117419618116937
207410,40.06847934502452
100325,56.100782385907515
103442,14.032334493936506
83695,21.78684593537838
251781,12.51884805321311
121301,11.274883000178678
258942,30.696969348571365
291279,13.546611603485918
177896,9.740806673517236
137662,15.7486955012097
206618,11.17650859624801
153660,22.555571360623105
234476,20.35215835995964
62344,22.49853502962791
5754,18.580326164450135
170750,19.03011267825644
157285,65.19171585856284
172648,15.803516145833473
205013,12.432147512001283
154440,27.347438242793338
276270,3.5310412280734056
252535,33.50225274140862
268125,11.190353801324996
12238,19.352248744708902
145666,54.72594258801548
25152,14.986801020508153
227824,11.438487061591555
255621,22.390452693408605
263021,10.551623227369454
42474,19.222273588381064
144420,10.90204585331568
169595,18.934461951102566
52711,49.832505156254456
137947,20.0164412417436
22664,18.212317469359363
109415,21.416661864831358
18063,69.88768258239656
60124,33.83281882689881
223530,27.10017192833991
262692,24.40777428855874
133309,15.26084883181591
219608,8.58882132060002
7270,15.67240698547608
17115,26.145748236666233
13658,11.847856576943276
239179,21.504056210422505
154399,18.994827192163935
76758,18.109126085221256
34772,6.992093214616915
5529,57.67289977405708
42264,12.30744529161672
108776,25.86646549799506
34855,12.112480665142094
182392,17.960862279766232
220459,11.167166865101278
210717,20.108041785636452
122456,14.773496072945534
91699,39.55347102835198
111727,34.045013699306125
242409,24.98074970624774
165744,21.156579735054414
128504,36.20010644725251
25709,7.580139256173146
138826,23.245566577978565
156768,117.47359462975862
117936,14.78029708880571
217869,8.697852287706517
141242,11.946216008804198
85444,79.01198804785099
80893,33.11881072402
86748,28.443452852826077
218806,17.1739245941509
81903,48.069214289962176
39008,27.589739715308482
280365,37.232566627901384
92226,18.075162752881184
188699,13.873896184469029
55972,36.48402613314536
139148,44.85784848882573
170072,36.86899990323245
223877,12.365220831255037
208580,38.452254132457995
271197,24.673070432254406
83429,57.85216175252843
192743,37.87142987911891
267480,24.807910809898004
212546,20.474931268526333
118777,31.906395892522227
34876,13.385287488966338
244520,11.406992934916444
226045,17.7529285441899
132976,13.545941858073288
2536,37.198361483930874
237699,11.815255308940147
113822,6.872305417908779
81739,14.612837507880002
218421,8.868308508823588
130390,12.785523402916532
266879,73.84016383681154
133917,12.675566369661386
236541,18.538985390128797
235737,25.38339786925583
105998,18.895853744564597
8063,36.51585976404532
157642,20.445656580242243
285272,13.147426967345476
21568,13.26309383190138
125274,14.467268524541243
48762,17.831831841059397
231732,41.80007704357171
291082,18.506231546689964
136841,24.271794150460522
151240,32.60844305295911
262002,14.601468821434779
142161,101.89507216125966
96265,20.00883525900935
232091,22.033673937271672
235664,20.137774533551557
53316,14.82358527851611
118683,21.367811767838695
254850,8.577322323937718
191205,31.058410531078785
163977,12.725481140394944
159162,13.103007029837947
254395,19.641305473217827
174537,24.41645835359927
62582,30.03692348270446
216948,11.900098589816029
157133,17.46183733940081
125324,14.839593338562075
244910,30.702220711339564
47000,17.66013803960017
101896,13.108883681726393
61664,8.315979017382347
53472,19.94962193776874
211136,35.743971891641216
277223,17.53686113364281
53149,48.33616626822915
152643,13.825661815156561
236968,7.324697676828924
183069,23.26578614576831
213556,17.675128206624358
76056,16.551915677583867
170860,26.23781914848731
246091,47.888273538979924
166631,14.719932838429148
50103,6.36570216686216
9088,23.938667878842608
44368,12.375828060243633
44121,25.455871823441974
72529,34.94606634307711
108453,14.278350859012505
11195,12.359030509696474
217454,13.27544830703816
11872,11.939605505820545
128809,13.674399172784671
268120,12.924856296584682
65218,29.827422537137053
222946,30.487948881504117
72681,4.716118429112075
150724,26.05985960586903
189133,23.39509831262703
254060,30.26942498232593
277200,15.322454459046497
233123,32.105380005910035
106195,46.355596199053515
253016,20.3586934190529
31994,20.512392720134855
277163,19.557346192054958
111750,29.779244231152553
162685,22.420551289962326
88611,14.026061866675064
52904,28.049297625335115
247086,28.945425257575828
48,21.366824875484387
28989,16.67837597714481
138371,39.76810702711149
53092,14.348603623576274
250924,25.78912241854217
26697,12.06488532108318
70928,31.54561796465638
8290,27.16799019497236
113409,7.238551713126611
67493,52.2886544476301
128647,75.37380522804338
145088,39.23709205434228
10572,16.271063809766126
217354,21.744076224942454
297462,11.093343744885136
276415,17.667520093473048
81560,7.944591079170525
12386,32.199071278704054
66031,29.604527964070897
162210,7.549144540768147
247228,33.69772671523463
226824,20.23783916619444
65420,11.953298205988073
11944,10.67823089760007
6357,10.599288424510405
198468,17.071251909791034
185679,17.99835584351245
116014,25.38281793628123
127526,10.44719049179607
260822,9.93244855662972
12274,16.209565136661112
20492,23.573275852963622
215330,33.47858500905425
136608,15.527654733926845
273838,9.368869788742941
225405,12.40161325186688
273652,10.18364623822896
118549,39.98529174727806
132383,24.191035925678865
90959,19.56395501042728
268302,17.1320332561296
179788,38.72166368708539
205199,53.57499477348727
121788,94.11795447247471
93322,22.36505293257596
120809,48.704142832295325
100458,22.61478243217241
53863,31.570904740711057
218960,34.06517513562331
120344,23.667197832996123
89817,28.107715050566455
120149,21.85980632878089
131365,22.726090086528117
274608,10.904574304767127
151662,16.4782963367956
65792,27.365747655054648
189946,14.255641865435344
176142,53.18017610066094
211713,29.892316747470772
149872,64.35630785809158
293124,20.089845838409744
103461,18.656997886305696
291139,8.136809358536208
106289,13.139734699727775
256018,19.688394850638552
265089,17.729757526319247
105500,28.720271980347544
128209,5.848699107072521
63069,6.402172793602711
135368,7.909622858397768
64419,20.5338533971559
275026,14.632569197220114
268472,9.655505850966303
194986,14.52095329246724
7400,24.11962462379872
14585,18.255746795163127
218014,10.966832787716541
16577,43.34193097396644
43902,12.713699875151638
70510,25.04172476191383
51485,60.52759738892734
45168,7.701280659044711
120558,17.21949034385849
187387,8.733318275002956
19804,55.617262462569734
157423,98.69657667898485
19507,42.216345651620266
209789,13.70019190953321
212038,51.5612545959741
21929,10.163876046895286
141583,9.183337404562746
102144,31.322497864903625
138829,18.121829816342164
126342,9.351043859968573
173355,17.319617491255826
44941,12.794167793112237
132076,21.91463556439266
207105,45.066255803330144
181037,16.600864556196147
162837,35.332930649906416
149254,87.33902637295964
19307,69.08722522518451
18695,24.698993182166213
35605,22.527961407567894
229693,26.060678573613004
102629,33.829251050165844
46659,21.268863325778064
196193,59.87993494458181
272893,18.854788977517764
141407,24.45129178226275
157812,9.369943410684453
271534,41.517994188535845
33212,25.75329140809409
189254,54.7527191782323
241056,9.612475178456044
265878,26.721508846775638
261951,13.906510382967227
136067,23.960951687407032
112446,27.445474695672868
129813,14.224793867878653
179102,10.925707830333291
65320,35.59405927544628
65596,25.1839106048378
155741,12.720666118780606
94464,43.036979349956724
104372,23.06926233896027
138015,17.513517271372308
219135,34.22118121304512
273329,18.489458498776543
9524,21.758785827317862
94740,23.123891006598726
115258,14.72396376092058
175072,21.900578861211848
49193,14.520023960752809
279985,23.80729471147321
121883,20.25133502299345
246524,17.090681561953726
199826,7.250611079772048
221369,8.28890787004169
279051,28.77015254625615
230897,19.695234553717732
296971,18.90082263171699
78497,40.42457646617627
217815,24.06721096270403
161672,105.00499248534845
266998,35.702498342025535
33985,11.038199856956432
201247,25.47365308978515
86969,20.244228550150773
50388,12.586057227579493
201010,13.703664510272613
186451,21.29480521195555
154351,16.260026323591795
275046,25.29059495018899
280021,26.117025042802233
241436,16.032318525791556
247857,35.79984241836878
10657,9.0081764820012
213261,30.465684969588544
95884,10.166187815165287
96789,30.137678810744042
205770,32.18525532040504
153792,68.03846916607986
110806,12.237742983166461
177159,18.85259062663453
108200,31.424656774504165
90516,17.432730855924355
285640,9.541876042826779
157077,40.41039210536582
24892,19.037476811109027
128959,14.607278099655701
194320,25.276269829091795
97933,21.009143167448812
297181,8.572387406794766
268241,19.457850577215737
249683,15.243450339298803
46334,11.527011733230541
240126,29.972798443368212
51151,29.127991564307006
152963,16.979961726237708
156532,6.714899683938437
37773,24.739850546309512
160711,22.2324766633722
187144,81.06345646078964
209728,16.99481558367274
245004,36.623747411325475
3765,34.72723775010676
278764,12.023040294454976
229832,9.313111229588817
136898,10.601368630273289
266146,6.379710978757213
145492,38.19054206504711
114730,16.34204514704019
37655,17.48810562042566
4746,20.31816636223372
51784,18.31791206843423
148111,24.631270612272907
97484,32.458140176806985
132294,22.819670882709588
88475,25.609786264543906
39839,20.22535379716154
138435,18.53144624874153
254612,19.881335146421165
110407,27.864121380447486
216201,11.568413003918128
198973,47.60964679881713
47270,11.780389028462164
81845,18.04921594838132
265067,13.56404368658931
61339,19.88787099951032
200646,13.749432630887942
641,13.972711915306451
23008,63.89105861388787
230721,12.949713695760014
265078,16.34269837332348
226864,23.742192363779605
257844,9.555785392152519
75153,22.770694374574603
189957,20.210919594216044
293283,24.21826180086859
154381,23.606841084021262
159223,17.315231870281263
104005,25.193696491229254
282795,10.708094294212938
103213,23.38437133764031
207481,16.139084541912926
16346,18.24501000785586
168097,13.146815721191185
218685,20.758768481405404
212510,46.27678798326896
69761,20.696333823374076
34261,10.928772665336709
155613,10.997418063661108
102405,54.85496610012651
65165,16.591145764152746
81271,20.770953091269742
196202,39.86151909202564
54659,54.36271669422965
170173,23.09647669814931
174397,13.07287430109192
19855,32.03608137992723
117577,17.53047867504343
267202,10.062317867818567
228350,25.02467803269058
1978,26.502495956154547
247984,14.142517457405361
122207,21.643506776051574
231627,35.85109388735583
274369,12.56932199974952
259978,26.401384782583648
248038,19.904436439645128
53204,19.507582244027944
272432,14.459423597487508
279118,15.917520046027914
76192,16.4290347922124
232918,23.36281488101093
99665,28.905963796554268
292197,34.93543959316382
69415,10.311004612143522
5065,68.82321880884405
94629,19.8996146214144
189410,14.153189432368194
81052,22.631216586401386
239592,59.09303977615164
167338,21.5012767704611
258598,12.09772160778141
31577,13.784902405307214
199878,13.107666955899507
211688,49.118997442529654
123077,40.19800207442666
160631,20.66206994821714
194124,5.408799847800163
198760,16.571219810726575
7926,14.369679901202442
221607,27.567812101602158
234525,43.96855673803861
1478,22.753672799801095
36478,15.163568354889343
116284,21.739094592184202
299316,11.230400213202422
242332,16.1775302194118
217160,11.818332367667619
135661,7.268544504986213
146030,53.92274960284658
138996,5.027210607828746
287685,16.595875976628193
216690,8.10080824042364
149094,43.29980067281166
296481,16.961642049540323
88728,7.133652402351613
250316,38.549422878148945
94996,7.76281527251599
67869,28.760765006498787
4143,31.15045169299831
50456,42.02516124705976
74791,13.923403725646534
191179,15.911373917789241
256495,0.9245095949735567
222074,32.30030229010847
129520,10.777700110487181
73167,19.45097929608052
247221,33.45467803076124
224758,58.40940075261721
299087,19.137851755809894
174411,20.280382609399343
271362,27.90343273022654
246840,13.881228682219849
144126,18.66571567688532
193462,19.637991126699315
42309,8.795511705709007
59936,19.96785268711068
289622,18.27226155001666
201205,15.416719327765612
260557,11.40131257017461
45004,26.459131244992687
13546,25.59660612968247
273698,10.155702830469426
258773,22.189132690850947
132105,16.571649066224193
36022,19.354954533428852
291309,15.500388639366381
291548,12.579730988240993
175876,55.57620381379308
22526,19.286339895080605
284234,24.407203222664442
19212,60.774038025858694
57030,41.17381751701804
255405,13.355899037526012
19278,14.626378888346416
259938,15.806691181386903
7821,14.046932193300066
215211,20.57152686461161
271994,23.461709513372348
155724,6.568243897376766
139139,11.936342325196403
113397,10.32451618582114
131028,18.725208184017987
178776,30.785055388930587
287626,23.708821744891267
164588,25.569296113336637
59400,9.98660985565538
261775,21.833527837996343
136778,11.175982105216342
9222,15.707227269048516
55220,18.18598253599212
60238,17.47752362546752
36019,13.644876182116846
92831,12.300048238556666
144064,34.4869485060748
49695,19.073729311593592
88908,20.632761490617494
160006,15.32706408466008
52274,18.671774205990573
263822,8.508263713505372
290456,5.95574407168775
14010,9.861459980368327
73607,29.366768921959583
203224,14.051082297465847
213949,20.086821910187986
127669,16.73143946452546
264184,12.785337173465562
4742,12.61140901006134
107163,25.241348398533376
287004,19.170949236793103
56701,14.376381773201608
297178,44.05879485670217
24757,16.20286961952589
16333,22.951662013894264
203566,27.7428016046532
215231,15.72280227442894
211630,20.42430259340778
188503,8.205718807453856
110838,11.571425817647501
154387,14.539309436414513
274831,25.179522147653635
76354,15.379555350915698
168767,21.30117539334885
148644,53.04580959687919
130372,12.616355528607665
16193,11.367554274463727
244102,42.222973523514376
35748,14.473598697525215
51573,17.487648945228862
229934,13.046134179693986
243366,31.467097321526218
63786,11.419599594179894
255663,12.426280056211693
185875,21.475715294778425
193568,22.54068780416835
44732,17.793434265882375
264249,5.398249116299023
65399,47.555143299812705
48513,6.876494785071179
19150,62.5927770085785
98171,7.166959811686922
66773,33.782436623420075
224116,39.24778611558472
60750,19.595323401756872
181250,17.900787814463182
110987,18.331045774542282
256414,26.018468799353332
259197,15.264659219593522
84498,18.436837505864567
210184,11.56902373121322
273984,18.635330793450883
50832,23.210306505030488
212394,27.308961461020452
91014,25.615672559912
56694,12.464263743993616
147384,27.17494281296358
292175,46.783571756983825
178681,18.068370657419948
10200,35.37379485061091
115763,35.274344927871816
101604,38.869349826315194
119547,24.371558434586753
13171,14.608021630523183
23375,13.387634457113133
226354,14.052699478821701
274233,9.054350875547813
261746,10.035141230344877
231537,16.41096504596268
64007,18.349571836837978
120421,8.513400336709001
87119,15.054243698431087
74239,20.19801632521746
131701,15.196806474052252
292257,16.008124708713282
189375,28.4830483272796
176414,24.547625386880142
277199,19.208472641850378
119355,16.79910777147975
70311,49.884864369858114
214110,51.92428456901777
258023,36.545547268772914
297100,14.669108118131469
177255,10.7002071571729
200369,9.545614081595675
178870,38.09872959833317
53506,30.91577405089921
100965,25.144753329990266
131576,17.997716686584873
260352,16.57283207028755
73205,13.851525970129785
108167,45.88798709261235
296286,11.698742275047458
275531,32.442321901207634
171723,19.51710086406839
33034,20.97191547119538
114905,13.58752140954217
107043,51.921938177242914
37952,12.261598797019344
39883,23.462645362328978
104133,15.778146695546798
214719,25.060811826014074
268811,57.89736852750112
25599,25.482969868991717
296275,10.957505466362216
226856,17.747569343135275
70174,21.72978526257277
15887,12.631602086753091
34909,10.579227619290993
150145,30.262974102048496
159979,20.247449323640073
152839,17.191851634994638
206957,23.960993700232926
222137,21.709481720907416
116188,39.128777456814824
209216,40.25485014034213
197988,15.649252111616029
174359,9.395595655564634
229096,28.28135929377199
2667,23.418318779163602
135326,32.02968010182123
185615,14.243790359464793
276296,6.13135826164376
44577,11.67016754821439
98309,23.429148918184865
59740,19.379211505452922
28658,8.383693328253031
277437,9.839049287349773
294898,29.547646654426188
254167,22.432869947756174
204291,16.741099230022805
27628,13.457004452591587
57622,21.497491834909766
41221,35.45380020430035
71549,53.383581907993005
204648,30.013051974382158
12908,10.362233852168186
67981,34.384346064045914
201115,30.974076070967847
274658,14.95202456356511
272854,11.516250163948566
53170,20.875807821383454
52396,20.53009986555074
251837,23.648196995769823
275420,20.58093674641973
146704,54.703828923716095
205469,16.244799257613113
67603,26.804527015111344
218656,20.016257060241607
141497,13.682488186411508
123657,7.999539261884497
138677,19.95851258502416
153856,9.985845464373924
166348,26.98145866673889
215472,17.742514890368533
162388,13.364282320570767
298838,14.940377075979935
256341,18.03969450867961
21048,64.35591061417094
21131,43.28450809389794
213975,20.045405463841178
181370,9.25810876900534
169157,38.382920971293686
156246,21.112445376980556
126288,13.279873316947466
140873,37.976553764280574
204559,5.333559715882546
249439,11.63769549948488
38254,18.410811278196352
73157,13.157040018698238
259783,17.776705065170212
7090,12.807049747569344
197017,11.72502846449664
13090,15.502871497710295
245949,28.550400474658332
167943,14.862071142088006
137778,26.04252385629239
236414,21.64633685494731
50946,90.39951756021696
36376,5.625506274812626
101314,22.321233975999455
123964,20.338114311281487
232971,58.23919331318782
243762,29.897243462480183
43888,12.957919696979593
276285,14.741007366182782
84070,7.770623248288572
39091,15.72489350432119
276166,11.01532481726365
223453,17.06888867000396
176647,11.587445447222276
141683,10.094453757219533
187746,5.168423321042048
112436,20.635353899607402
281064,21.989080548951886
282202,1.8113684651790338
197465,17.775951824453507
18226,53.98489962641487
70089,31.769898366022247
196921,22.638179355250735
229007,11.78284020226998
253212,12.834547928189902
184629,10.567796990674353
70386,26.738436859292236
158091,12.5311704350403
48612,23.7386761505772
76419,16.100035988512808
79259,7.4505366736132626
294352,14.8912998933028
204816,15.069028690073637
107974,15.358349909872107
30223,15.430900937697537
2299,40.35678161323261
145929,56.09014826981298
260654,8.03986877117282
158723,15.362310568956637
295943,12.393328843888288
223669,31.228387801898045
137358,15.898189656371137
19856,27.765389358388205
286149,18.383106712942457
204382,15.322564159412678
88444,135.28587882740695
269137,11.3423880455547
58050,39.91884866631201
135195,61.44032053207984
265515,32.612201744495266
233910,29.945850380338044
240636,58.63145554125099
245571,28.522944842769846
282980,8.664964299036994
228498,15.353978542399854
47886,27.97572954751821
64201,20.20781315535132
213830,35.61181681907129
4303,20.613387393043556
185333,11.944623679375848
11910,31.25944503037517
146341,14.513774528542516
260198,17.91794480106229
212051,22.86987862777876
61457,34.36408133763058
40663,13.488429434911982
276699,13.500941915878233
100559,15.963030703652564
15984,45.65109546901357
282308,5.284763621049336
45613,21.04752592873456
143994,51.612933369694936
25284,30.40710547477493
26557,21.59356974616503
189489,11.950965548058651
85617,12.033330722890533
253410,4.813993012959106
197624,24.895818790053987
238677,30.012856012845013
157176,56.352497482330826
21333,15.172441450627403
40594,15.348184257755634
181258,14.973389208192508
120930,25.217072489688057
280098,32.43589527129749
166113,11.929202365854984
34656,8.127438164588066
84862,16.394165742712982
190065,22.134787116894024
105389,32.226716802750595
88635,20.38519418310095
261938,13.955823516158759
245872,17.42131600046218
256112,11.323574125891316
225346,14.363955686317691
111501,42.48209387098823
290261,18.99700870690724
233282,24.49889464316574
156474,22.25863882873856
247654,23.74255403802534
208935,15.466287139667543
136085,13.029962149623376
107099,9.004426048976782
59347,5.812901195618959
176440,22.746907687634497
176055,23.314306945576927
152479,35.50936412512103
131111,15.619354431379602
212867,4.599865170949432
209826,14.855483319053128
29392,27.08128471743521
298111,15.95792754784793
251361,30.851013047756894
44227,21.63150165056112
142776,52.408043590152445
232239,19.448925002515377
280538,15.696001246659367
20929,63.399425105023745
149677,53.920508524318464
259154,25.106681915678003
74407,32.7607751942322
120074,10.58413513948277
278090,20.201156885070702
159931,16.965097820477105
270730,19.61042119856215
248812,27.48443735080526
217173,24.31857961698095
100284,8.615185363256433
79212,25.338252113694853
198147,19.560342625563088
23401,54.543671522700066
278008,18.04136291504251
243401,12.418808810390708
21337,16.87786351954458
38735,17.12989472795833
198483,3.5334010158539435
180527,24.10328921802839
181016,7.997360986361414
272661,4.993424314376993
38620,23.52003432805578
38339,5.636813955574542
13823,16.716667996227514
23543,83.48913143742718
6062,21.10676422223841
152835,13.904552969462962
186030,14.898003589217744
32225,19.12315497365675
167514,28.565269947785808
12715,22.349096431701934
179853,14.946318364001378
140986,34.55584254517989
153728,15.960541596599292
51220,17.695652405214087
124921,21.9431163401024
173433,23.225090602981016
114540,8.039204497871195
172379,14.462777526764242
53454,30.790111372861503
270785,24.37152482807111
183568,10.10810573889409
151394,27.712358780722298
81501,8.564371182012941
20337,67.55295396527501
244186,17.375073077812242
170288,14.790295262147474
70781,33.19218714425791
82323,16.242061087101042
68216,36.22976529498032
226181,18.004463100010767
209594,18.413986005033475
225707,15.198719573459844
55027,30.02877775134879
122397,18.915036316789397
38308,12.868766579567101
48927,8.381826963324531
111831,22.54030227192863
261577,12.46552881181691
185181,26.917106595157875
207086,30.614808084935888
294500,8.55635183857109
122528,20.683083294999086
33197,2.7361300468944023
160191,25.877330686146834
244275,12.761974933529839
211792,16.66556206850127
114800,30.456928735246393
91954,24.748671238847127
289374,15.829469297828734
298784,18.889870061563606
286909,27.829040957779817
208153,34.64001819264451
203848,20.58650841398819
84702,8.097235287515325
228752,31.988896285589483
63084,16.040174539717363
220543,13.005154062020964
108466,23.269523621057925
260722,14.252396204639759
101495,43.938829031489284
178629,9.1177570192289
293999,21.199914220191197
70734,40.94472974933029
226983,10.196506519224233
75749,12.75371687238885
120278,21.412266300412398
167176,23.272428525987728
157317,88.52345330118615
58076,26.104734737219708
229712,20.808123922907754
62734,7.7592380996847545
176899,15.149147264184073
4674,15.240229629102629
277650,22.395089039258853
11495,11.518061120785756
235239,32.823367749801804
161396,14.515954702945315
155698,47.28013624301247
42589,18.538247163183783
269161,34.36003608888647
293627,18.697983985820144
215943,12.341062907671308
72899,14.8185072061531
7682,20.146980929863453
87790,12.099413218517551
102600,28.979769329670585
248427,5.452705693320654
124136,33.678523779187614
114234,16.009642584582092
35949,15.800467297595265
153261,7.273464731517764
279839,11.300975897687277
199034,14.790667614622524
118719,23.66606501270482
190954,22.6267020435765
58847,48.5444832778612
124868,26.837697564488746
81897,16.90531416764359
75546,16.55517745887762
54702,8.54736017115824
159743,15.39218115016687
112016,24.159127570354087
80144,49.94207306045252
194938,14.365249400838362
238132,15.82038140580319
232694,25.5800721103114
78794,12.509056001677692
212399,11.751922154275823
291858,18.272631108580402
82746,15.768688782747066
7365,21.742175029620647
85531,12.812698020305646
291994,13.40538719447498
138687,13.614507427492608
21231,34.86034652067726
225375,19.75020307421396
152578,15.814514073244581
112493,24.234442510327572
275148,18.630918266721785
233542,44.47384442779771
18401,31.453527771763788
295379,14.333582463889655
51253,31.275391072353912
124747,22.890460741002215
208192,13.876376180509709
52631,16.98686666699364
238835,30.721673229309665
43029,18.548822034891273
283203,26.83931135974123
90403,15.63519736561986
86520,14.071304569325509
17985,68.08119919671938
18306,28.090542697925052
1766,55.76342529300604
151987,39.087273876255416
229894,9.565138476386807
248628,15.17493969685085
164155,43.08876318637601
48572,17.829568009898008
183785,11.128107832284545
105454,21.872442462906818
71685,51.14146337933098
182066,15.585615235798347
251089,16.000474352080264
255613,22.716333771560116
169693,12.58594843596406
229611,19.078008053801796
74192,35.76921547268065
224149,9.397297617141485
166740,17.03155364705482
24850,18.76597102850259
99713,17.29027401152051
183407,18.282042251397613
538,18.63185923799643
7056,6.1730150129604855
298046,16.750103990248082
202288,29.306429503369955
288705,12.509214174105015
140606,11.922096413850412
147490,19.747598248717402
146351,31.032818048173112
276405,13.32121605553143
216368,8.597095543141698
229659,15.892536812772406
166946,15.396284483589014
71968,28.337592754815716
994,27.318692894078815
2243,67.44935424556274
32306,19.864179976072563
59833,18.348275319929375
81905,19.122514347766174
242459,21.14883309701395
48217,15.588174725531012
275976,13.77487624319214
175005,7.729941672722692
93398,13.146361810504711
84842,21.67675439432078
292891,35.7343670582497
23093,10.832999281067657
84310,19.577497881317672
223910,22.289606324888094
240140,19.251378059130083
6815,22.764383147585523
106477,19.617022899347415
248577,2.677998681849454
32194,15.67752702042813
47271,13.767157931852424
124707,13.606145734682077
282485,16.158889041737908
148320,95.78860634080806
239843,18.228717337942385
50464,33.31791519099422
53887,21.43419150769848
92847,13.11681674655556
82528,25.873356608514378
198191,57.98537603952169
266183,14.282381351360328
280688,15.493870765706742
179278,22.20693774459363
15181,11.605209272374672
62115,29.4311456111297
84812,24.028333989693316
100178,22.525499371573346
11793,11.773605634470073
188043,14.778508087753941
17975,43.325062228188195
40039,17.610278427710575
116379,16.740216279061006
181702,22.813958282960943
281722,29.44163326839228
38035,12.08642428861945
52536,22.176140578786033
89603,18.084371803245936
58311,43.87350355126236
157810,5.144148597783827
105023,30.838246312537045
231869,25.36370405284672
72277,16.554836881972925
153755,31.49436712200916
296593,11.74646606996346
112979,11.30353082237088
8777,8.031470366382695
34038,14.723668053625786
93170,10.705534768792774
22293,15.65690352301078
117943,37.2329724551184
138763,13.08184552712552
79395,16.06425894658048
101986,16.017688524393083
99841,20.726224848102405
273975,21.97162128306863
234957,11.684889658626957
20252,54.518192838422074
193092,39.60998621352767
204075,44.25452383026171
203771,20.450605736446413
120658,19.517171450499713
15339,37.3681736153195
27883,33.898832748697814
165490,19.832554059614665
101150,16.65382458785097
127485,28.17760524253641
194445,42.9014143398394
51020,10.088327501210955
222476,10.866430449904389
98927,25.232041136628975
97909,28.19143415854365
163200,19.571379477703267
203065,22.8804282882625
272265,11.757553762443584
85827,19.7083904330936
136304,12.77499881177113
2394,57.71557512738071
238771,14.089397163561134
55526,16.981481410758228
85367,26.624777856756587
127735,21.428651605129037
74220,16.359093628087308
49577,20.636644001983747
14504,19.916634588480903
164962,15.795773801714844
82553,12.784172425881325
116548,46.985839053292175
198847,19.765874466957936
249117,36.354760654840945
95267,22.75489129684457
244611,18.488996944350443
129004,20.67808228957881
130763,27.97209383330098
286397,9.533669878457266
247287,13.083883938893969
250628,12.858181668129326
277486,14.357116271622921
229013,12.710352939911289
238219,17.488863527143
78420,13.286883630318968
4587,13.646346472081834
98286,23.11738194668559
180081,67.82837389993801
146572,19.7755102141559
24252,13.472513142611565
160684,88.16344707572861
276657,14.084631621824407
49736,29.6805106532327
145578,62.11629732606709
93223,10.737374275171295
239642,24.838045750927172
207799,20.30903206443817
20693,62.8330927632065
168018,61.178800430369
297019,9.076307755933925
161943,56.614202223240106
61122,23.885809256167242
30215,21.14982187412396
32316,40.604015228009594
28505,100.59795995084383
84454,32.15796026925531
177395,20.917943548091635
281682,4.70639825118025
191978,10.995110999163861
164215,101.77005438292673
199297,11.42099239752967
7604,61.22092738151033
188000,58.11425646086466
179807,38.14954570940619
107345,12.493637587745301
83400,23.855798673788875
210339,10.929747166505127
86767,59.52394399818083
148314,71.09559113050253
298060,15.186996033359996
281450,26.3674746044263
3198,38.43920009404548
124604,32.02366990131151
50269,30.592539000831138
274876,31.805287170985537
14992,20.8989553901048
37325,23.920600071958393
276445,8.666146598523735
31907,28.887017388462816
276032,23.437261976215858
245324,19.024524047377668
240156,21.976581526421825
740,18.73698992928891
167818,43.512412581450135
201647,17.990617956077436
123929,11.927656700329782
98567,19.192422872566542
102857,18.7145068320931
61874,68.94485014417134
144018,55.9233771034148
271886,22.735061055183856
58704,9.920311610625987
100061,18.298879215376544
170345,12.739684001763447
209840,30.123061052377075
241495,15.031358447418945
167988,12.363911990724661
119716,16.869311673695293
294775,21.07082099497867
7750,15.105363905729984
92835,25.15802116032993
160101,13.038041464950215
81378,20.379056228254665
73740,19.254150237236942
34415,25.30585400058624
95876,15.56996696350351
73140,26.28456587715567
271410,38.34373496583357
123776,27.59424600054172
254357,26.225693298729176
103630,20.0151494197784
108388,16.824605429888507
33229,23.703140454920646
195345,62.16824524899794
139127,40.9967313893968
268295,43.818825991749655
187285,18.795154840320087
239940,31.690687359686457
162910,12.323782180949735
137824,10.573791833057765
154316,35.22035361073446
233591,21.758228909852228
87701,20.104038980662075
101084,9.709759625366576
255080,14.678531791800143
113565,13.14780497968057
64165,22.23257381496441
43471,19.79097671667886
143633,42.06538045325971
145920,31.639875955239084
109157,25.427813796527914
159870,20.25421319891659
197573,10.044551976462113
113704,32.0354063773353
210815,22.231270040659815
120591,22.413779816864874
98047,6.493194260619987
203368,7.7144157092637915
106028,21.1596918089222
12111,8.237691209919094
87685,12.00182185687105
50494,53.16105430538365
108618,11.797280479730642
84317,22.422963727204696
124755,26.28773732814612
67613,11.488974574055355
97619,12.178515088835034
200953,8.376916293865722
238608,15.66825338610764
23040,29.143312602795117
266322,29.317338216926935
196783,25.207570947859605
16778,21.798643611389373
38586,27.384575751165954
104335,19.674518161680624
204023,13.350915828710939
229492,24.184423827803343
230214,20.996408471600937
163141,13.679968397649887
76113,14.588061408108253
263070,57.85824588100676
214409,9.37040540684744
7611,8.178967051239852
69998,10.838136411609984
268843,21.035694515457877
161788,122.97999963489892
133284,20.87709139574492
235174,28.32069980278385
102502,35.54556287097818
198080,18.78021785761389
158284,23.086096381626476
254227,49.37169014730556
10316,36.74030989778585
214320,26.587774479995907
115689,30.906611408836056
145603,65.74406564378856
158806,45.700499990071144
170560,13.058610630693082
236339,17.944238374757525
51328,12.815807065040612
229998,16.58519917180803
193771,18.158369912650976
177762,27.825232110573978
232528,14.865237143028093
111765,17.96608328861939
125767,21.347196497089435
188248,15.737120460889948
177071,24.592844914385633
8657,14.931153550513791
24998,25.482684347191103
277474,19.920268688766086
150388,5.9994220593132255
42192,19.516491312083996
263343,15.26995848529359
272361,30.35292529983679
105137,34.805472762367195
77347,7.6793919579081305
107680,24.276298063394705
129010,22.925982128381985
222785,17.59575351481944
182440,28.346950932987102
98586,13.722775199540187
287251,35.571949982560845
268297,23.810008343975902
199365,19.652441929304043
219207,21.913514664079543
295199,12.011675957127412
297775,21.452778025256208
114859,8.429622349610568
34944,14.611978482944487
120971,32.497383436107626
93258,19.771940017418277
297698,9.188591968975308
177733,15.949268020162041
53451,43.946379485934436
212914,15.077593588892316
265397,37.434963022183084
288374,29.63686817025006
132557,19.86602544255522
55560,19.979364231015403
405,22.030580565411647
28487,43.37775065187902
53926,17.961124516258955
193144,23.809618448695694
52746,17.19304524304087
121291,16.729084731369223
62952,14.017568127521173
69804,13.972678736457052
199906,12.403908275209798
137096,67.14033660010048
36951,13.125550862044264
229439,27.199813482663487
103369,15.714092181170496
102452,90.64593323364923
138461,7.505034591973546
45904,32.82284533720373
56955,23.675406048698303
43802,24.244305425726097
68656,24.300906627146308
43228,20.790557284658213
208787,40.406555289629345
7855,13.788640191124873
276144,6.240924337401921
220159,5.39167131604346
150968,14.565518974391967
291914,37.68696065455556
144755,7.644463432728987
1815,68.63050751777206
122634,22.892352569590024
27519,19.066452022000778
57021,32.98265595078001
56849,9.304681526542627
251493,12.599124165320779
240782,25.80584137388608
141597,18.271103848667014
152801,28.535907499269697
189901,76.3853718864757
76756,27.181638128766004
223987,32.575874419318055
3124,20.158210627352467
132531,11.466397527187844
120420,13.678953285164972
210451,9.608118867316204
191600,33.09398575385861
191908,10.395424148665828
282185,19.437093208037158
143990,49.25685331437706
80391,9.762833848030656
81258,14.24710935273103
127676,26.013126102828952
204784,20.416468606132042
168124,16.001224884049854
10868,25.126116427732686
83647,16.287375030154664
279475,8.329650876731701
200845,16.361850201130594
32965,18.75396410450913
199494,16.79914913404391
203763,25.65906903706246
54544,16.843049993410492
236476,24.89158928365156
263398,12.251113211093433
224188,12.519626211376192
235573,13.426390760033623
238119,34.87942196236095
221992,30.60185590737281
186949,7.872516304122586
121622,22.251008267189896
286804,20.373112729773105
187573,12.238267523649256
244897,15.876152955853946
94728,18.40611278546597
116152,28.842275085262404
217969,18.62159309969138
231351,40.245092600419106
52958,16.630858105948725
266843,25.12664745201029
95642,13.512666923847082
139489,22.45619059419306
67777,19.819022625389962
164715,35.638045528056395
66524,17.231759309733796
133647,22.086548830265865
191448,50.10343309507176
255432,23.840608798703364
106217,62.024283212046235
144892,20.168024260899493
160467,22.6533934819075
271041,20.918392525741584
171441,23.41075967758283
97471,20.82047366771736
155359,39.98099017832022
148624,41.56821751385872
205345,12.080425301203551
152183,36.12453437834592
254256,19.673636209713628
282621,8.378851137181481
246817,16.564323765849437
103116,17.363890127448983
205630,23.528889948435758
143001,16.27093205658665
168970,15.170437521292516
37864,26.779997630706696
153317,11.10055525626859
140119,34.09917254406405
131001,27.45669958710706
94427,21.053630498517585
186774,12.140220577301207
171476,55.77541222818029
123716,72.76791642660748
93685,19.354068723937996
33120,22.246388116347447
243175,19.592571358293988
275229,11.33790995016193
6707,25.7500425410933
134420,27.651151855169214
244025,11.974076499303518
99520,59.55476070095976
48716,27.143265499884457
193445,11.60225266809848
264781,8.850299870899192
173855,12.082705084152963
70365,28.378415824489515
5561,79.78648669601517
277266,9.406030389819536
35297,7.26427377598138
262195,109.1369056865939
54951,21.949491855043792
263855,17.929727869283216
30701,25.337093312758554
60115,20.550868558689302
52602,11.492329824833918
141299,10.283947855939255
226480,14.738900633149104
183523,10.387947074104837
251621,22.676300839453628
131455,13.872252191237237
272251,14.296930279203195
197490,12.803074260191213
145287,106.49481373553655
176619,33.50096108543633
266802,9.204327772470975
292731,44.60705353671823
295198,13.416433349289022
153808,21.69042327295657
272328,13.675225605346462
114333,20.18373466034882
169394,21.3524015956945
165492,9.935847943833679
170964,22.267751587191178
296349,14.06912237794915
95087,11.890539123995211
64446,3.4728647168980924
100306,6.376629901298907
184743,17.445918550248756
3776,20.247742411264507
292030,17.86464823651646
269519,18.053909150695233
233809,24.774075661051494
207499,24.23511078258884
93406,12.812288801381445
144372,59.302937775354614
258713,6.775089298862785
177664,25.18135167205402
102769,11.773598399761653
44642,15.95152640845265
163552,8.105359892234304
184789,13.285736252952496
201657,34.33809563559179
228311,21.51416636993791
285843,24.094985237565936
285421,7.465351017883602
270303,21.614169166101043
95051,16.974999604409295
226761,17.32939644659212
272591,10.618579520763223
56951,9.23079514428888
46047,22.42773543030733
217850,21.34009465725101
281824,28.321090459518636
255194,116.43395769801094
156212,15.986053210486212
111347,66.67878476167112
178114,4.68799762226951
121390,17.71720924495745
74835,35.846561495495656
117299,16.899235475512103
232523,57.846677129151416
139456,20.321486280959263
129703,42.867539600876746
239352,15.78327070256757
170715,21.040988605242685
81578,30.555774638652437
192980,24.351457296955644
136232,33.10257152815312
136141,31.196987724460378
100214,14.01980296755676
206926,18.393013277150146
275913,10.719446451221287
263786,9.044232783103379
16776,5.650824698789952
37239,18.18329202288877
100031,27.625308558781626
188364,12.22854654132087
110863,16.427225437001077
237827,25.79716005993842
197715,51.79828557146522
106599,26.53753075741471
78828,10.248766393478608
265290,79.11331122399574
79339,14.448030897615325
60402,12.850129450966092
221926,21.663493899617002
184045,21.983427403575273
76406,7.987403900376977
100688,46.54255960089855
160736,77.07703500302054
265152,16.468297358420834
113805,25.45070623433693
238531,14.217553453773647
156530,14.222502045572657
253867,14.798305850907823
159348,12.120082098066298
266959,10.801977512143363
59818,42.32790393031342
244160,10.884283461741845
276714,11.379316663673958
82075,22.06704749442428
295290,17.285453523414184
234467,11.544183523322157
73888,22.6403883197982
129310,12.180847046506019
212234,27.028349325581488
234314,30.196752744856227
265533,27.769349998569872
20014,90.43474321789813
108259,18.343301086793144
171357,63.337011967529456
239126,5.844962230255733
271791,10.416313449164617
26190,16.00470551914166
245278,19.861202398696324
198905,12.315338348314626
43579,18.907983724730894
211845,23.512516273762333
231605,13.879115840441955
60283,20.830860357784665
124189,12.344727781425034
290193,17.432730806171495
132516,27.7411958094647
235454,28.37711228087027
196780,17.833898685414418
140729,16.024353293438566
99609,76.53805876323631
201582,56.43012782705734
85535,16.234341070392137
285799,12.356187905495212
133881,21.884571622972913
70653,28.14493186792069
26632,25.80205658251915
209082,15.052794623347232
148032,17.77686331402398
167712,29.422094042716708
120846,28.246964410491778
189013,27.077182154223472
34380,6.065907329412008
94800,41.64920504576211
37268,19.82955964121325
182303,24.3595202025765
217110,7.590068029746835
263009,12.917611726702436
31553,30.5758877331809
15219,18.050215767020827
168460,22.737996613194166
165731,28.58562240084608
221855,17.19180517121861
284469,9.020911950455229
41546,28.428049839822116
193229,32.26052267832555
44774,11.393515214212758
238394,10.762358784416389
199455,66.98109923488124
167095,21.181370595053274
1611,58.581309358547266
123090,13.351332974332339
170221,5.410696211067447
226941,11.557083181260708
209688,24.053140707557763
49190,15.47982063136547
194697,16.873725807343796
50350,36.32259510457775
193454,14.87585911820807
142697,66.653934916396
289797,21.90512289074261
243279,13.256038532735303
18734,35.554884276835686
235330,28.89588445464053
176285,8.737846045616163
46584,15.724400657530921
256529,10.468240349466342
60867,14.78972403703117
188755,12.858715472213854
144133,23.126093076944485
61531,19.207350955062303
37966,26.58201470971092
252844,20.35289839843289
213179,6.058556922124161
181613,13.489409419142103
14891,12.157789815540571
36626,10.076123664585925
164553,15.86099382595529
150917,16.21779933725246
135432,5.814364790294803
230594,23.05414647321311
292134,23.07121735401767
8313,16.930034591505688
272985,8.543003204006741
275669,18.896241164750563
16891,25.699312218218047
106074,30.628180864595187
250446,12.706102747948773
109663,21.498555341899213
229789,27.726979459318812
46689,21.63036159617027
35277,17.12280418272235
36153,15.995008125728145
167856,6.0819776659081946
120124,12.055282965177057
108880,21.003579313109256
71334,11.322884519339443
123642,23.225706965449916
272112,17.923153167279594
120908,17.382000647394303
119450,26.81217176868128
152224,28.22355242104546
32121,18.570749600468687
154683,12.616905670064895
99604,39.2018381452124
194251,25.93690466246585
22306,22.680173234994225
196047,88.73792482886785
83926,57.18546906697739
240869,32.43395031657445
121357,28.534010984549738
192049,13.446653274912524
179122,12.786669625478616
145845,18.00785256466728
194767,8.075412069576112
43083,21.033134923239146
35879,25.579433139697137
95699,11.668290276596894
74101,18.670251787015296
206841,22.670963330783366
180314,13.77959355532633
107227,13.922486821084455
299099,9.480054239599191
279166,23.342723621799518
297897,13.688100105268184
145267,41.65461979191584
199435,15.976875205475913
203825,20.535754055890806
72426,29.074435218670523
283617,18.371446659156653
280898,13.487132805084475
133484,21.6055020649816
86978,18.507408809111098
280163,18.852487600236227
133909,8.311909001047873
289902,17.228406575654674
134558,17.06957873638224
4629,25.173366803442413
214513,18.247913050950068
9367,46.8191720900589
100660,24.846964191451313
257353,23.846360938480615
246993,43.0492780411093
178602,10.785200672584569
290641,23.989303235330063
260223,8.046010590820394
86415,18.29148403565863
105607,19.613132214157424
125638,25.248181254687438
254377,12.783153047015169
210046,24.1565791171734
251320,6.785164117634723
231597,5.430983534128661
292412,40.81372743305315
224974,18.313026050988558
48781,9.977155932238702
94200,26.494779309473262
144889,20.823053856838925
179844,61.884515689979985
159851,21.1916712709957
175447,11.06928802848504
126120,12.047329006227137
228684,27.610930052099185
175521,14.86744253447236
147654,44.48727532300014
93970,15.140416965392205
195363,76.2864518866671
263231,14.854017868516983
205368,29.255737444286126
150139,12.999307003902423
153379,11.60379209991775
254819,17.84902926234748
4352,50.29555737072612
163465,17.89309006317526
132642,23.381869867071572
2493,56.53301586382715
48981,14.47943987660048
287947,15.717316762002465
91935,20.354903375288778
79696,4.92945881268278
240863,23.77485567542285
194698,18.09576920458015
175967,10.91688663014121
52009,18.4393018578101
195725,75.56554256493237
60267,11.537764334836123
175412,20.7293277891882
41057,13.686142013756733
43437,10.071216405130695
142154,52.00971430883197
17717,11.494380534282659
112944,20.795015397234277
208959,17.578721518850816
245449,26.502358428693785
269940,35.64155251650773
210837,23.903171854125098
260953,14.905940192549245
115511,15.476157101301798
162442,7.395199579647677
191542,22.801148335710618
193952,15.061918602658018
29033,27.29821253378953
28880,16.54766188417594
192278,12.674437019063271
165114,19.833486002121887
205684,16.40174408024058
78980,27.195511019224313
231666,31.719160145315705
138629,12.813590013897493
107375,27.3289603319998
223552,14.87179326032301
232996,31.87912387849451
189095,26.24995491588087
82650,23.082539473532663
232383,19.65725261954292
25646,20.211378025305635
270239,11.37743199527515
37932,25.672243562294295
246652,21.47998975994109
182328,24.433925138360664
167881,13.972481158993343
19732,44.44572656241103
48156,14.129848573675158
214154,50.86441335445114
285687,17.680277273416056
77112,20.67993177156111
282970,13.921742684381847
62155,21.70586865003948
68804,12.304388788329604
197901,34.08197995830801
294800,14.54966147278445
16338,28.81394143140868
297188,13.822609205725655
292124,20.55056077356467
252197,23.353714699935615
21683,16.839737122218907
1773,77.76040506073684
141107,40.923120546373646
187334,13.616450121205308
16513,16.583137578186705
30093,30.954886444027977
119199,13.155625273407594
108897,42.78218569538492
83891,58.772422679794865
137751,9.794517788596451
42806,16.53808878144305
151964,37.04610502695141
58012,21.79273365958449
140943,36.727971864831666
3846,23.567409396204624
170097,21.292294142538456
241840,14.210293978836908
19436,25.272024196981608
199475,16.125303518422378
186156,24.13035438353104
239874,14.00484398190914
295274,17.39685320860602
164110,15.165386556479007
248935,10.789999382549901
197109,36.613867773004316
35329,20.6782390813281
2348,67.39976808118018
110889,55.619807720985634
271547,14.757419913198095
185368,21.16977245381586
80358,24.716432515309876
136787,26.613222957757344
22313,29.483633666439502
258096,6.073407692629356
87609,42.050006018529
222162,39.8041980926154
69348,22.045902788474706
15441,24.167691478586903
52940,13.023217985915872
209086,27.817485758797396
284830,17.272906221871857
201081,16.195106435490228
98811,22.795567435608298
177883,21.018571916666417
212472,13.842311113678619
13360,34.706405004628294
115817,19.36659780701379
251222,24.508263430384872
24990,20.048377475168518
187917,15.2549679714533
209348,40.628571131610975
257663,8.051184623804655
297471,20.273304335961225
164717,35.36708645143897
36633,25.54656264572982
165036,5.280884211465993
162129,17.242243602251612
135999,36.279107155813485
145682,77.94847886974503
126716,39.02178711760813
3914,24.016260033454564
15442,22.90909131755175
248409,15.563960707535678
85852,19.694092446640962
196775,16.234907148214184
201213,30.454584913877632
172460,13.988317917570882
235233,21.45347544510566
162154,16.600764607606017
44553,16.455780440130034
17062,21.99814919656571
3305,17.711951221325464
250707,25.326472312651255
249162,12.72991001954947
41301,18.234586862532083
200957,41.45353471917019
191561,9.725541332694924
43190,6.371240948671666
225132,15.891450547499254
262324,22.705224120210744
176661,22.048685267690963
4240,13.903442693989497
135890,11.095671670387363
212616,23.358683231110078
46782,27.872824559640947
157471,59.47109525599766
10724,68.70220065836415
124132,23.54698927931357
228247,19.71581419370417
220209,24.490054874242727
287373,13.039017591744429
221325,11.559169690631911
144449,4.96672091892666
141539,61.13674359120556
172067,25.457261076968496
236063,27.46814590719674
156506,26.473867079923657
108070,29.163059107125353
28824,15.171561794380402
252679,24.390386928052003
266493,20.095234370322622
227001,34.86425623186899
108876,37.624689813127674
202300,23.197415244320954
101648,34.805663031128795
279446,13.922268293515618
230591,12.892787449908269
55946,13.110756425751433
277459,19.228798680274718
38584,13.227565329266048
299206,16.8631314594616
28288,23.057544012609046
48563,25.413113304767897
93077,11.48061551685732
163649,25.4246981354974
253803,44.309213538126976
298497,22.396910036131786
48148,28.410068476459784
59043,23.23562896143239
192361,19.233171130655066
29825,42.60550893338003
53137,15.403769709881558
10631,15.000666426199132
222019,28.791639213256232
284303,4.22289083839722
188064,24.055767587329093
2581,55.65041782862435
35288,57.8681780550696
6694,30.68267440826377
147259,58.82424708882399
5408,60.41497321037939
57121,18.587572296058944
85171,29.903886799545106
156585,8.768398124382138
220749,56.24403192177023
21618,27.555478421575245
294015,13.829817209104501
245936,16.817063927149658
273409,22.001848626251466
238317,24.66537906156888
249442,7.1845902391732395
110462,20.598944169348393
52689,57.79278645232893
133764,38.668637225527355
177310,9.215475346602448
74699,15.36386218245876
58149,19.324794656860217
133039,21.969762908268464
292400,20.493437039557982
188439,7.887536209496922
276204,11.077660581658176
235774,55.300897902536725
19883,50.841739755398905
183946,12.04575519839334
94923,30.3512828042372
188209,20.69276060513136
295786,16.09847867448896
144328,42.99194151279136
113109,30.828338913819586
168908,19.65040500330977
59746,34.85877835004842
246150,13.857503199974634
88584,15.725823640471617
19587,19.880613027915864
236133,12.493421838604931
290767,27.738546597046216
261065,29.12464480927228
255728,21.570604623735377
28054,8.036799408816016
76582,55.925936275309574
253859,10.221490087224726
130228,29.14337297027418
248965,16.135233782624276
128976,22.567082614779537
177029,26.22941465858
106011,15.709036416761641
234060,23.328600301324563
21906,29.162798843457153
266133,5.846317289694397
59033,24.580208284425783
35563,18.201751580342442
58826,10.299931060991941
186170,29.663867189886744
264756,35.980364064008356
270979,8.45794108479085
191749,10.303383256555492
113559,4.595692228988276
228633,19.85700314634382
32171,25.062201180284983
147434,43.80359551734968
187546,29.181666520826735
17206,4.000139648762788
205886,14.539717032057997
192012,10.120630384287956
147845,36.18543055507881
164076,39.827864004430424
143892,58.45555788954547
199346,13.248486956354895
172767,18.795034974299952
165484,20.340448609282817
100367,7.448771701891582
84108,12.96350613200866
159297,64.92429753754254
26670,26.301005981312535
124362,36.37309073910519
15451,18.23980036067602
116148,18.164548244707365
35936,26.094657322476685
211934,15.250080099251576
285825,14.43868025845245
146364,18.47417041617808
250966,11.873789536406186
261986,18.277670472294414
138924,16.01653456411698
125093,13.76832556803122
260331,15.524620007155871
14863,22.612902610220335
237529,12.446687307008851
115551,10.64354873624825
219141,28.40736086867213
86926,21.077360559068016
114555,18.499571032623084
116758,16.495496074931253
81466,28.42310077702932
150555,53.75828285516749
97318,25.940589278911016
72906,23.172043288945208
53319,34.35593564864319
213773,35.342534773839745
242683,11.624354792175211
95247,13.908334453731076
17937,11.081523455945911
148983,22.7212927379937
214491,36.99443324308127
110007,16.09699488484739
136327,17.767778513810885
174627,11.313421925760993
135935,20.861401769717837
208452,47.915879316495385
295258,20.580176439681104
75760,14.651107951780126
207070,46.695508693113894
126944,46.0058582622741
39522,16.888679704465396
282421,14.872890898484961
178962,5.033836276259829
280019,29.32542372067551
187790,11.342410878299967
57789,21.63552498235311
257327,19.02955047224057
198289,17.990876123056232
180501,12.957393805725522
26800,17.920861503888908
13561,11.082734551173544
135518,58.81220589358998
12648,14.587914803332627
97574,31.073331061089583
292748,35.30517679029903
47687,24.041509440243175
108938,19.16423127570969
299198,9.74186741686136
199561,18.57548679936251
191902,22.75777305531948
164864,12.609540524750365
168455,18.886680916078603
55296,28.047049359481953
9905,14.522798984735758
197598,12.65361022751129
148234,4.758902157876351
207227,19.6734244106796
118130,84.95988912691749
145072,26.424413553606975
170757,18.447340538749433
27403,20.945778536719963
214820,26.594623630034715
53122,16.75667238752807
291631,33.72874517157718
169397,24.11132392737492
250788,20.531930923081635
84215,38.2456581453318
21225,26.783313889034986
208510,52.26796982956909
34634,27.77692576479786
150514,12.53930129553562
121585,23.021207957017715
78027,17.304602029816586
285081,16.678171445032966
74185,21.834311616205653
62487,10.16525591218176
248762,37.57647414458071
60758,23.534851947140915
61523,35.561698209077626
186666,18.82657649461886
184359,7.156831541359207
153313,12.461582953418286
59046,18.590633421792106
13198,52.67380676315096
15217,10.747649256483804
174305,56.513774177068655
289976,13.52497086946295
97544,10.71603884123604
287619,9.731452934683022
12878,11.582872072149671
230935,37.45911974672405
296738,15.283128551729654
203360,30.527581229515988
164660,13.638499429617667
51447,26.92229997610296
212028,47.75646477242737
79047,23.878848715412637
6690,10.7783304501173
185304,13.709788472415745
279813,22.80157708817869
16988,36.54242761698283
164128,29.01953191801588
284913,12.56234411375664
256135,14.021576833025769
71404,20.73017525400261
193585,17.25636699207687
125830,16.37735709010954
263528,3.342819321759615
255228,11.534472058468188
295096,14.30880788072151
262975,18.624301143957858
279896,37.361612756811276
51066,27.07903095317898
39537,22.457996356955658
269911,20.17006451772538
75002,15.282461255326961
215493,13.459216181864353
19896,55.94547579552572
271708,26.93907417595237
299142,32.32680597384267
57717,13.344571751625349
245305,14.02735962785842
173669,12.976126035297689
16489,25.958073432250522
169602,15.456275150142535
290551,18.73804255539875
127690,17.990174174376314
96700,26.72055365123233
184867,25.24138251280843
236644,20.414748238022284
257350,16.89399582661764
184459,16.16266812733019
70829,18.85599239115896
267213,15.84182621656089
236224,14.761485075618104
136470,27.309864986953443
212997,17.09363715217531
105413,32.24657679608058
186293,18.20675327289137
132358,25.660197624155543
78257,7.689267554329913
214727,25.26971974648378
63310,17.391371780404036
38063,31.400758539753248
1803,48.3918469705836
208711,11.959338709419676
90250,17.45665059545664
236840,23.241591072189724
141505,13.89367057499063
225061,10.664754602800034
54651,15.636568793872279
96246,14.07484991637972
25296,18.05441614999832
252382,18.06506327679562
218821,29.05649672547041
54860,9.750570582010589
60966,13.657873157392455
19394,69.49187702990966
6498,23.491091247011965
141005,17.891240213457493
109481,3.7490426748333885
172371,12.656174323575028
139496,23.52995629302511
90471,13.064139377350251
27502,22.144704835077455
215680,13.575325215030118
178698,15.151173694755325
38865,45.03505886572372
5419,74.46999906705534
237125,24.893091275487347
56103,14.119004536995526
124976,19.306407756902637
149871,44.716199429737394
94442,15.063121604067394
240597,22.422352130308067
298346,17.88896300092548
208187,19.188667124362524
255214,6.14449358547002
79296,34.41720208266793
289467,14.850701650855243
136180,16.22984071778695
134926,31.09279955521125
97668,20.775308734024765
75184,22.057726117948064
205407,40.13597765190768
113962,7.643394742307908
280541,20.149679371877184
16595,11.90002966773261
138164,15.560427219199646
115826,18.565550717437606
18631,5.817219878146396
177974,25.145673283027413
156429,12.320359406565906
105354,27.02880149229293
243064,22.763988281576314
165658,4.892906999492476
24554,18.567207865303047
233575,55.20214370218424
243183,23.44549254494943
121134,19.73727924011603
132905,29.434031436963856
140963,18.672371694296825
27025,29.055169677965594
70082,9.963274219677878
22790,18.331418649419025
139394,47.10600116317424
81499,24.205252365192294
269481,20.061497275448097
18587,26.758103730143144
49045,14.628385109836263
275504,20.7909662042972
138881,36.811082913787445
62165,32.3674634226999
2970,15.699531228968585
86844,14.643093050177452
143109,28.72834519088132
77460,17.045381079478325
159764,12.846174144217718
267967,12.011811079960822
187299,12.237434858426465
257420,11.573394489345631
54897,32.052107668837294
296529,13.444262631928275
133258,49.700669852944166
80400,15.998805845348286
175551,22.379371843590327
185321,20.777520280423808
231776,34.006532374571194
294265,16.635173560862142
159417,36.54763752575046
11617,50.46992944694533
11557,32.466391495647606
182315,29.712070909933523
166885,20.73232301239841
8081,12.076384119682876
132352,12.617239397539336
22035,11.113662125057967
109769,13.828839315667253
5224,15.498766774128079
295545,14.715567711242315
201263,33.2335089375554
212471,22.41421693685443
281840,11.049351705665503
34131,25.403251455362717
57003,26.241266481117357
210769,41.03058710422646
296727,16.757985813400147
118048,103.94174433657722
17582,26.908915273139137
111811,13.895888602626371
52758,27.1443091227547
284878,10.003098040370274
16532,20.691043014213168
133741,7.547171710509385
200972,41.0226492254233
69200,46.825977848062855
57579,12.309111592498763
31627,18.6908343102152
155288,15.290543231145016
85937,26.761239904635367
242989,16.735192562740117
140082,9.87352077852645
128997,11.02755299967217
276958,23.569207183252143
129438,32.76106323165805
182687,31.35084065884039
38294,54.8485927174735
294518,19.785834147486902
120163,12.03704107669883
202310,15.971298889958987
258347,26.82743200197195
3877,89.4866284016033
139256,125.42740799459688
134798,23.074168939576026
113907,7.053113798074769
217816,14.564117160910769
270356,22.717683027998284
253559,20.182240296018417
253303,32.57931313852912
96813,25.30117262854743
213659,28.6060056256388
63939,22.97643512586369
278321,40.550494571870054
216343,14.72522511845574
211154,22.260428285654832
208536,14.55398803517318
277971,26.75310429036095
136955,9.0437120929137
28375,13.272378903980215
6739,18.340633949820106
25729,24.48721747307595
266663,19.663540517260923
224427,30.10578012946754
232057,11.657246909701987
242647,12.97703890026387
278217,20.61956170590865
93966,19.901924550050936
24945,61.25573300734265
71460,24.7008104178653
88544,25.0229869763175
288177,24.262939623573267
284796,8.328264452819502
131220,31.446400650557145
175557,11.387756127066705
23155,19.573431042557512
263348,12.858428371450223
104739,24.499088756380118
252350,17.709155397897835
255605,19.67540172427131
347,24.006642115012895
680,17.687956786315823
5140,89.7064714508345
162896,17.99963667067739
15889,22.597479817172026
293840,18.58100662517535
118427,12.022467288764584
293271,16.497877615170907
161928,126.93471351109562
298144,24.870091036850518
267189,5.0921856851600875
297094,11.369658645944872
91364,9.76734051088923
257177,18.68334284230587
34510,19.19503159926812
255842,12.622311266061912
298876,16.17908423468344
270103,34.72545900124245
113251,23.344358048326157
124688,6.699661956645208
276021,10.748825062890782
178468,44.54613741828444
252909,1.9127052266558504
297397,14.10986597634555
209573,13.645978498513184
195722,59.87993441739986
273340,25.550991854375596
278544,23.915030948185148
218939,28.22613148014075
219477,29.909879995011657
77565,14.41556061323638
190739,13.8186104139061
142391,43.21929068426913
41406,13.64762934522168
157386,42.59540991483837
200210,18.11323367900533
43608,15.020796696135069
13064,12.51857083488327
266109,10.14187225981501
297237,17.216890475037484
31687,24.245134854458193
118472,16.001258677982563
128096,26.85787331285777
51594,31.31634702925161
217611,26.926596328429564
99650,22.528145116824895
191427,12.840829343137692
208242,14.214159659941036
96420,34.95923897474362
25965,8.62893867491753
30633,19.413760852003048
101897,40.44939352189194
95895,33.42287514775996
191726,18.952403727604207
43912,16.400530324081615
73105,23.070045760952155
102490,21.47910118161984
196661,73.49224289773781
266524,70.03620272325011
142303,31.039625871866306
190672,18.260218434973332
33184,9.567626505806942
257832,1.018428187032598
16531,23.265072810641605
169528,24.768443005884027
122647,21.220046859778826
256069,6.266017245601658
271403,16.761336096377832
113612,10.03852585521632
108276,16.844721244412902
296699,10.212175103871854
297198,15.872851063955387
248036,36.741361501996685
33322,14.980614018753236
162343,11.023469670676853
217546,34.0524434905357
247922,1.685627461465601
79288,11.919963114121893
50659,12.76302309120564
130114,18.567207770263884
99018,11.761704776778469
110070,16.77568205500124
248928,24.313731035562533
49610,14.042961262373822
6463,44.55526519612345
220027,21.300885552890872
1464,42.032055325732564
261040,24.95881900503945
289774,13.731357748518345
162233,9.455484200058324
297621,15.315871422456848
102420,10.967679317990143
134017,15.700100505825812
175348,21.20071642420683
269614,22.087066805916123
267133,27.597356304114193
270583,21.910829098634007
122463,28.756078845429855
165256,11.954346120381192
32864,13.580390919993881
158307,11.138304394531971
5107,83.47637162687965
246968,3.6208901448039557
60312,19.739127847591327
9681,16.55274660020306
62782,17.159698940994915
71070,25.89240838721654
46191,10.008085028438954
21248,27.880996291483108
56658,22.140577150682468
29783,21.977506533097404
238034,14.712839326737036
124212,23.081642135202234
232743,22.186933972475433
230205,20.623946942869445
246036,16.1778458635089
275199,28.737372186223272
165680,9.361725515076532
21968,55.36532734130135
10429,6.574906269903238
252556,20.257130836853634
27180,32.3019426489275
283373,5.976616883261965
73554,13.769821821495356
39791,15.29481432637602
83572,13.311044960567504
248249,10.09243478458432
201099,22.940617653097252
181280,5.800843926751753
239648,10.120015391103035
274889,19.564978080712116
101546,30.9916351615583
36452,11.107176025377697
253609,25.49257546028337
206103,23.452162714131973
170018,19.51768823749777
57004,10.492325217421836
277139,13.107116721539352
2802,23.25842880398531
171770,28.174890517465506
10110,27.365008190439298
294988,16.65634240249465
91655,7.92683605678123
284584,7.2399647684195205
281982,10.270159557474916
115562,16.669636223248688
95274,26.667860435504444
247094,19.90852780763475
195238,57.45555773365407
248701,13.795096233298679
127748,55.22445697312596
24781,19.650448445295986
241082,33.17364624619643
287628,9.522084973886834
107542,16.513752668516396
190277,20.31578552071927
299193,18.972034219202154
93164,12.908849408433632
149242,22.237622157540788
152830,31.3910821113681
230701,10.961429584058429
41609,10.864115197772128
41789,20.712166283067525
39914,16.60481662000016
180911,16.148365417969675
18092,52.060321066939544
161959,16.676592459094756
134199,34.260302746020784
60580,16.755160833758286
170429,8.240945557912585
282568,32.32370670136842
263341,20.107779588862588
256608,40.17555889392115
6350,16.69435120361136
263730,13.822466961025569
50333,8.53094149187033
294868,19.883327334239556
172530,21.676875480842856
71089,32.987591508378195
79054,15.20608442805477
293791,9.876960914124508
58537,21.779614906993977
177076,47.312995888421575
116054,18.698245880054255
97891,9.807388150869118
120570,24.88873088693107
168990,12.49804475679762
5568,18.666196733434575
2906,26.59404831998333
235805,27.23261426795152
62172,11.671780561735957
180496,13.501176617720297
166727,14.942895703829166
223320,14.186406325081936
147298,50.86584515125353
162095,27.39929689691329
183689,60.030497327401626
101396,117.73920494133745
30996,8.08643046200507
287070,34.31846692022824
193684,19.104421943478673
87015,13.889835561489036
264099,9.448170255929094
112152,18.070284169473183
172203,24.134391235861578
294609,14.944950347480109
196667,69.76322269337695
235931,32.69018113634045
220546,18.661832217849533
285139,3.665892087769004
277247,16.159659604438637
146557,58.19673232811484
115750,20.959351163589773
189768,26.293163498296508
203493,30.667732536630773
279453,34.39767726307429
64055,65.86590447911112
1152,16.493362738939897
1935,78.52212955507437
176515,12.621853608214764
145375,22.030757933432458
178559,34.726387294358645
134018,10.076853652337206
132299,9.81893696667753
52861,16.429588930991024
254887,29.654800175774554
9423,33.76294608989096
86029,17.30197566484646
254821,17.40299772918995
65592,12.054626025101669
140342,19.847102117296533
279252,14.151183187734368
11627,39.48634080332812
235417,28.493356366193716
122967,17.806137689275342
30785,16.95061140394356
114446,7.610862842472496
286460,25.577761243266103
204315,12.34785537496646
203083,31.499180196783193
145996,57.99857597605514
179411,19.431288591541584
281846,6.282084398667404
41901,17.00851852963921
180525,23.726059328823816
109758,50.22573192024655
62475,27.222016884772763
108289,37.90884885036805
172599,11.729340553887392
233560,57.20649105490384
67908,27.760956551397136
70573,19.67005707436283
20749,61.23241283233869
295678,16.740205870010747
12468,8.952185448385201
219012,28.81271434443979
132802,8.217856297579129
263179,17.73973228155757
84816,29.61949298839037
115324,13.19836979579382
61411,19.92584574350299
279012,28.46336572769882
189470,27.161577761151243
50094,29.771506234177096
2219,32.149323565881154
39634,28.694527167006378
246235,19.533498369414154
96891,14.798340781975377
15213,17.96657865331742
295270,18.908269365561555
21783,5.656005001488062
170548,11.7645788251221
58476,27.60423718469268
154504,12.127869933619618
209525,27.794830267194083
219187,20.411750556998516
262871,8.24387427198705
27797,18.54576125930691
5535,24.297973933933477
179316,25.247691998121784
275092,9.87131473695814
200270,17.66982998565303
275257,15.329822335475534
170334,8.45745570450704
190211,15.780730883475734
37079,7.524484693211662
201136,38.29279664584083
106819,22.54741581213508
139069,11.988880495878309
109519,20.26155730310819
56739,14.133048605721655
277062,7.745526116289209
282851,19.07189401817101
196976,16.518410997512223
192756,18.78094214366658
272478,23.83223344056631
189039,16.20794403082911
247106,17.619707947352737
241829,16.39867510968629
227738,23.43964403506149
202105,20.02922621749672
93917,16.072575037621757
155148,14.81627090291521
170459,21.120625226870892
7306,25.770497496325802
131386,43.65485271993703
134883,15.216236497988234
3007,13.112781649435188
242121,17.95985038723586
281198,43.283705096898935
238420,18.907425633241054
204677,18.72114646122547
268981,12.585735928952808
173568,23.695917459548248
245301,23.398432735385494
159361,20.922651954199086
157995,38.90504579683875
83897,134.19617081809474
64093,18.16953693061053
80627,22.565580948426632
220256,10.910865363239198
160782,16.45728549688155
236033,8.489917417614915
276293,22.07193240818761
114070,18.966966306831402
279913,18.333866049349147
51868,9.911104565585081
221361,11.092251037908412
242963,9.66077333701945
195097,41.383540329445395
205154,18.45119277171843
201625,25.774888955554147
114377,12.837209784383269
212666,20.120404102123494
70117,22.779482657488437
281358,38.3969866783871
190830,13.56020070115382
172452,17.952004807591244
11730,8.710720562529302
237754,30.865347644774495
267950,12.246090522326748
95316,15.298580762609625
182682,20.230432344563518
183644,18.151987498997777
19363,43.335936488414156
25419,24.322507551748664
289712,21.74317792966064
231363,30.57730644961616
121712,21.436529285627085
249069,55.48204529936216
26651,30.202967901677475
273132,18.749751703635425
257138,32.763700287910716
166561,28.395125554877517
146061,28.939199542502557
157480,91.80665404727995
232808,32.51166793404893
16390,26.009302421062287
195166,56.968446005118984
32281,11.240645347792356
53360,43.59271745291921
173982,11.684904347525405
30401,17.42890384797566
220404,21.971529595089304
186889,12.43097698174272
185633,28.478777139948935
3698,34.87991116696669
80823,28.308908465455822
227243,42.096422724676565
261094,21.332743891845187
44623,11.792060018567282
266157,29.110270665114662
208402,24.570783227265288
55261,28.921403289090282
18532,13.650030974334676
5452,57.71273242174605
74847,24.161121564019197
15343,36.14264320701415
279758,15.461980333653667
224772,31.00472795108353
239718,20.277393369110186
18249,33.3739672375636
194032,28.734077228531977
41862,10.119861755203505
49840,25.736157840169312
151312,13.850720752994892
176608,36.892890467645465
141291,14.562886388362518
84645,14.08573301061903
32894,18.0744504261165
47591,19.252295005856308
290072,26.950238299671682
191223,15.614910916128647
216798,37.1252489028018
41924,37.10398412923619
196950,12.886075355176562
139026,22.802529923404975
156882,58.3404049142489
63765,12.77168311941007
141379,22.596621903419088
3149,4.716294135540203
117259,19.84675467736824
66892,20.340066391333387
39047,5.8528182290606345
27915,8.512644972118979
39578,37.57648298240202
106431,13.14614066813932
64757,52.867187891996295
208662,16.105859241089163
98948,18.42196665137583
20585,11.583494110897202
202981,29.46595203579996
276302,19.029149485183723
51465,33.05403850419357
211631,18.891209256657863
89624,23.105405660866378
18651,20.931465751881227
53232,17.90886674442421
212436,17.469953221730933
13707,27.597008124081817
153789,12.66777054394484
99837,20.50431981368314
86459,5.166768485758231
229928,19.60732989267026
261507,12.980066874773872
16284,32.02872366204815
32077,9.896822714024063
78616,34.82669647933132
171085,14.291821726432914
119254,15.573970315551012
8982,46.70305395382941
126587,12.608313314126665
12583,24.081107692646214
283762,12.858877877591338
113007,29.98103970008235
187908,11.648680912375426
174835,17.860274320627163
23807,11.055901277974225
245886,16.885495884019942
275457,10.428361811872879
35882,18.00254435159696
30559,30.722733841831392
176050,20.55906226133549
60117,28.9500900953877
83008,14.807026689928186
24447,2.960165423789407
34528,11.72335174720753
2701,28.68833638410841
183949,16.694918083418443
242361,15.287418864124568
277624,10.479030519467045
174945,27.037572783645757
43422,11.67816971643363
271509,8.691483434767667
215076,34.766598904767235
279890,19.439399719775583
78834,6.343822619884156
118778,19.31590127278531
19960,42.27645661378728
49258,20.539026663975285
124150,19.8120114038582
152415,26.017175077534098
293540,14.670692256479466
223651,50.84288376612168
274277,15.328360061537019
5531,27.400438440372078
285686,17.637946339234382
279573,23.575024831810715
158189,40.21360386585773
5536,27.146083589907043
34287,10.068173486001616
196541,38.019917696963866
119749,26.70102016394528
122689,25.30926697676623
250546,18.782985922390353
101105,10.222707678076496
183508,15.834668692699609
112996,28.161289010694183
180288,19.75786264192843
296715,10.060911796523397
74527,80.29255224285663
199322,22.16723290725116
10511,21.67059490967197
126806,15.421247477815509
42892,26.000579361122615
198086,19.249985568839797
199061,19.592483895162722
297928,11.38379519799355
112389,24.542429459069655
10404,8.47892361562317
173323,26.030727193878384
67830,17.049762508697928
191509,18.712937612034636
237277,24.554438571908566
138609,26.836278152059073
275878,4.434731392529539
295376,41.699973205287456
33526,23.224041767538477
221683,26.207429605899872
200156,12.361479091820428
210199,27.493698084517682
68905,14.92551940825679
29322,21.3491867837813
76066,11.24323738909558
256768,23.503089406436146
51359,74.48248198160866
125358,24.0229275495862
138420,21.836435687677785
254878,12.573688758882426
167634,12.055096947025113
82062,28.882550753279755
291018,48.52294322005084
24872,15.176598706077048
38846,14.775051512607025
123139,20.973644072253684
16772,18.288687609858208
192793,22.97862125732813
76564,16.385523036948705
284028,30.388991642286115
79834,13.156097323670252
284563,3.961849831467469
289728,18.562297300067286
5853,11.398928216556634
280945,23.060670270207602
296181,16.89494211020861
257877,16.045434463557733
282486,11.980333491357293
21945,20.381930357328027
231834,30.72708427396128
56390,37.14536971814566
214093,17.877352148971898
33071,14.39445540642982
169767,17.0198701738073
286634,13.488549882514565
262948,12.721207221538705
46776,8.232205626289442
274846,28.401559333768454
86034,10.001859388837612
123972,13.692459922996061
92113,12.519249072688616
14353,16.571021451042824
151714,13.310906595943475
157477,88.12159959403877
130651,19.627763413684878
171057,10.877475731263743
291366,15.77248201861159
43489,12.12390010778613
240148,19.098681704775306
115154,11.644966605047301
203732,18.360344648007867
239867,20.176716489248747
52208,15.538433133968525
224729,25.16654153118443
45372,21.533026270750316
71721,56.82723423713869
204461,18.64897163091
167555,15.379994560649003
193505,19.049143731338372
34919,15.79715705564633
235310,29.61503629600229
52091,22.02296682783397
24256,9.884731976958635
30936,4.399883135131603
173530,20.667403594750255
25699,46.014487209833916
280307,19.956476686138192
243419,20.59799455342769
253580,66.29075799231777
52392,31.418929145936126
280651,47.68027267894265
261684,21.22610194911298
123219,23.931608135140934
280684,16.477393944642785
4502,26.497053573884337
20200,29.239092391700716
204534,20.954722901074724
86789,4.523916744392537
46692,21.706533896328928
15918,14.177006090871657
123938,23.590675754260246
207466,37.285548429138345
221582,13.925708458044273
63113,7.787637547634493
259305,10.523044592187166
181667,26.86255040750384
54277,15.308213512563789
233592,14.646926814169909
272247,26.814973955428552
12553,17.9813553989094
9132,16.89853594649751
25519,33.86722482569383
241268,22.010080800026905
28004,18.866727457383725
55542,18.071535440712438
139828,16.85500104347144
125627,24.087723351823
135742,15.042903132474063
47792,11.608340731521466
107502,42.0641599293185
163188,19.9673270424821
134084,18.52490375863541
295327,18.72340502050836
146942,58.342250000023256
198889,27.238144539057714
77341,37.91974814981963
251597,21.126988258255277
269849,4.27892897433709
175126,22.349861746878993
99631,30.385865677507205
204373,23.748286707554946
117009,19.76995282547483
271510,9.886843367585097
59574,10.906445538876792
13968,16.225794282415333
138830,47.035200416509085
29008,25.820542919851164
174254,13.24744809571502
210962,30.313195242743582
272578,20.503881280870104
274859,8.460497577971285
166080,10.076865725511196
10610,20.850548285750016
218144,7.016180404684572
48106,10.691524079988863
239735,28.2951616481784
57861,21.903522347619315
168717,7.6318083538861075
298991,27.353437013197524
276810,32.5662650685599
70398,21.563593902012556
168671,15.03839814145951
236456,10.830714196053673
14861,27.52358656463398
193757,24.28796528979408
150315,31.972723481981355
293442,11.118147108509945
217551,18.865540014247852
174568,24.96732860393663
4532,33.89571109899283
17565,17.04436056950329
127053,17.693432362674507
233987,18.828421993976264
256563,32.58762418835763
296173,8.920954208623865
168831,24.539515319022883
42634,13.270463766045836
106269,17.63301851131225
253311,20.00704647760537
164194,28.184927401142687
54589,27.85217846813748
92738,10.648372669572504
531,23.464545922425856
18685,26.711963179840865
235524,18.811257776231763
44026,18.686263170895664
139003,14.114445393587054
180761,12.81069534690813
272739,17.17602338070887
38962,23.03577235205881
299357,17.17398475240778
24461,24.085471389445434
53572,29.928240004438727
214856,21.582841094373997
35755,10.458608445440053
139575,17.746484223042497
175952,34.95278100107743
88081,23.618974520920425
68010,26.3400201716155
112721,15.410896988431016
104150,41.520786842370114
28815,18.917878697988332
104379,13.775442785911792
242065,46.89804068409684
33292,40.08227310977664
33135,12.033727687282605
57945,20.628875656216305
134988,16.876325744299514
152595,16.777670709475622
171722,14.442476087215088
104190,30.575706089315887
234380,8.574230016637138
51542,78.11469163015738
1171,31.306315201168836
74313,13.509162761777205
262785,19.741873128263276
9379,19.055325307351076
200363,9.046617663890032
242186,21.777623693942417
30202,24.360201751278574
285818,27.866743822291237
101656,45.85304705269643
162346,18.567207925260846
129408,20.13394123051512
113144,23.12319745052578
173340,20.721162550007218
33924,13.304707176367437
11109,7.916611672662276
74054,22.009597275948416
89788,15.585699616198227
49223,16.094118676442474
167688,15.101500892053018
170269,19.09643190703349
75012,12.220409594417173
220096,14.905488451446192
40724,60.00237100875228
39363,13.398197843452671
260125,20.51885045492172
220234,39.84493168854669
185740,11.495801022446908
229742,10.223516455061164
152602,24.31839278595308
291717,36.11401309542462
127350,12.334713470817189
251067,22.07909444125063
272700,9.454152745448306
105011,18.567207972780423
143711,54.377302323870325
105462,14.70116916558251
157791,24.66586784335076
80157,31.048894454504413
245073,26.24495634214734
157866,14.729547544742452
82980,17.22079857707155
95416,25.667702681855374
54634,7.1568844886273695
46605,23.31127572828879
180267,4.587033120517627
102303,26.5545511625594
266119,10.939993908142394
248844,39.022024737687964
223043,25.99477676483133
121117,13.406729689267209
77077,11.657730269869319
238751,10.641263759818944
120970,14.047630200316302
169218,12.18980566353359
131767,18.213219127690945
52873,27.235948995147552
97965,17.540490431309173
71567,49.42624096269936
79980,20.739457518554325
160333,13.5268040595557
274554,15.19159247485032
14034,11.66943603083645
218568,32.38544050861198
205974,27.79370842897895
164628,7.646011013021081
105239,69.58071527994824
181207,12.435681420598504
83111,13.865144382757332
105985,18.86104297635893
222992,11.734586610513979
80822,23.23326689469574
104871,14.205238369083109
238358,21.690713368196796
112404,29.826762024949453
227589,19.304192069201417
294236,17.7008349408251
45433,14.593428171866726
161348,9.067577791372699
208072,18.898752106730093
164712,25.70394891710496
259088,44.84412124675506
64258,29.832721398034373
30880,22.15307900991119
153929,22.67263315119382
220742,11.029313814632392
148423,21.28459877717583
122535,16.546068584879603
23890,26.450723223000587
178359,13.895263057200925
183406,8.417991213093037
231411,20.910068370196438
164798,23.830191408587858
62683,70.38566740754962
4630,23.965739216854928
162496,14.14000751629013
138148,19.232686453879055
132711,17.619827836241647
288217,5.963757285784833
199535,4.639593309846188
102105,2.6630657576747865
294554,20.97757652476623
214999,24.807642362179486
114769,9.379849200189323
277465,15.030246796456083
126999,17.317939853604805
271346,14.416523373320778
52113,55.39411199346383
86611,13.1882597301597
201052,51.30111613666097
190154,27.27467052541774
123197,22.894443686778207
248943,20.70113200364679
124337,29.07650233352598
85670,10.93721817838021
291306,38.38037237007748
91438,18.190834462134056
270488,18.791774809877186
19545,43.940081678710484
115767,60.493836813345844
8062,11.556317154015446
116181,19.12591786074475
145974,33.03341231201639
54939,21.59107348306741
295553,18.84717170327325
32684,4.700838816586743
91107,16.266123678638095
162140,12.681597451228882
258259,19.30886154199503
189522,13.373846675186403
173122,18.13556359383351
159842,23.876128578809606
256310,21.954930537099457
25521,50.63793513360894
203401,22.75882167792963
250303,10.777816563715078
127177,11.802164813743987
123421,14.116493199250876
232990,23.774688404541067
144630,9.882901608931107
42768,12.14738706787918
163735,23.569860045494934
177346,24.77983337474265
74651,16.855951158098854
77789,25.31782087580438
173881,32.74425098884547
52397,11.078949968538035
66688,14.297866729305682
29683,18.579823159810942
31138,19.45874560369628
252617,17.42306763975823
171868,9.024201153871143
92743,11.75649710888423
265208,16.94565317405172
128755,10.699434166323446
84023,11.844080928251426
32658,22.237000330209195
49079,11.54795216760338
64827,13.477741460106273
155431,10.46027874001781
108560,13.526266324390697
252505,8.846814262779223
112467,43.71246925974285
44465,3.284254293802042
187565,7.64537285475245
233855,9.804165375205184
89800,10.175970887546157
137464,13.267969949212997
183502,16.933459548328155
147950,75.6557513134212
20149,31.5519694948471
184671,26.4093180669284
92858,18.29035805863235
129356,68.86340431419791
47344,29.523781865865427
53766,33.76693419830265
234019,17.04237222091463
67264,23.787316516615682
151788,55.38360636474609
41478,18.259782857918545
29947,13.039570221361416
198614,16.809807811381763
144254,44.163548731216444
7500,25.78166643359124
256926,25.81564249086354
150611,5.721551382287018
276514,21.236559733937277
162394,21.68438950194621
157165,85.98382966940167
5123,82.63525569701682
294153,13.107366562224293
6087,20.84747678293473
8799,11.965163159060449
153312,8.47022153972441
114935,19.453124038556794
35337,27.018866597313846
288659,10.959281818049348
168039,38.956283945678216
212313,21.5817852305388
65482,30.540180360893814
57053,48.452527722229995
209892,25.31818868860644
268085,11.098289269341603
184502,9.590468794004021
277226,18.210643257269588
133537,15.12522550294753
261290,16.39908341042608
173647,16.33246941767917
297551,18.321214345191805
183669,20.208383010573854
186052,18.570171483171684
31775,9.004795948432712
243210,62.80157915335362
269773,29.368155874074844
59855,21.219624669067684
166520,19.54071961987414
98716,19.853071101611427
269592,34.651846587834385
168548,22.737996613194166
284873,8.33120376815754
36345,21.750220007544748
205685,11.801870741440945
263397,10.956506591666665
49734,6.1974834328648605
202771,17.437033333538125
284342,13.3597530536986
226800,17.655858757575047
116222,18.665052493831226
264762,20.971927827026846
127095,6.331893921631789
249935,29.14733937871275
741,15.850197897849164
131953,48.23919407616254
106846,20.780103321262317
163259,13.456999786522298
53871,11.151722439329403
218668,34.63002113661857
299408,18.98761740225436
210376,8.994971955975991
177198,24.873003910258547
73580,18.259276015601607
219637,10.148357877209984
12576,22.86934496800142
113278,12.275613797901162
170855,15.129074313798046
76908,16.5387426678679
54841,13.22631882793058
109239,12.17470576877236
111290,18.73442046677092
199184,34.95262105359712
158778,51.0257599742057
214874,17.89321319093815
56064,21.689656930147844
180806,18.659108299956564
3172,24.81957942697553
142298,35.36122630095081
115699,20.82840113598357
51230,24.301110787045474
162322,15.645145153972539
51816,18.83729478829492
13227,4.532294706542899
140456,18.404603622359556
289116,44.72682642270683
46863,9.691883579478255
42100,20.459498707554772
178343,14.644737668294983
99492,36.61147811968181
14718,36.34286184210295
269867,12.067870157051436
227158,8.15915231736059
257407,21.052611640158467
166459,12.85592853710375
105132,13.78156167800288
190813,23.53103081556361
36305,20.946559530365526
90839,30.91212632765238
298195,45.909636163681185
6104,25.495137880587354
235661,30.461398032934646
6388,18.29882171007808
6253,11.175578070666978
53045,25.808325564328012
133413,117.87458114777121
59585,10.53168676812956
23099,9.777793125766301
73111,22.41802224558826
66919,9.91533788392642
243873,50.455741610429946
60435,22.311613158167493
234478,16.877602322228277
218315,7.459695406655552
185171,17.392960287871567
168432,22.785895764919417
126109,20.81245142090826
71582,12.167599654271879
3779,24.409147973642114
122315,21.502090379761974
159607,10.898013152986824
123789,31.898416964860843
81360,25.516431434897903
107350,19.10053378367761
287148,13.27337597267842
109864,24.692776497856165
3058,18.74038812494053
222635,20.840249496897663
292710,42.43593639835816
266201,6.2198962656427454
249387,26.216879411094823
97180,3.875910262470488
248688,22.679077516982787
244033,40.7644745271949
145854,15.90591462012156
168354,25.018891142594263
221911,21.724126411751122
185006,11.151690911195306
201126,49.90874379044923
91073,12.658953267632281
82654,21.840035287467174
138335,23.477014757429384
242538,39.97159480048465
149385,16.35639430129979
215338,25.11872595474965
124359,23.203350095052635
253594,15.515499290644556
235041,33.18968027199305
160567,19.116971066473788
296434,6.145286888573018
123103,16.149620587627755
208748,11.210251030184711
93556,21.433470815376936
189902,141.68346221328255
154819,14.236539949618255
48094,19.204814251781364
161790,76.35295842447135
176789,10.284694751290157
111917,17.628385050763452
298600,20.416868532547085
118365,11.578836681813783
177899,29.716509723853925
76216,14.438326973257908
1880,42.382697700224966
64211,21.78863958390161
48379,22.169723459481133
33022,16.8678308816812
138037,12.0244518885204
51183,24.133216189010334
33589,19.12514035912589
190213,23.502008783902298
182200,2.635792613391666
137312,15.573541520143891
36063,12.104960143410345
85647,16.878706484351234
171046,59.94966427034323
50687,37.91693007700585
72910,12.778002923268527
32062,16.128660734697533
298113,16.82183445584532
96244,44.27638656457077
157798,44.61510314626709
110370,17.200066012556633
132703,15.568166957964696
104108,17.33510514124896
283039,26.36851873536311
297249,19.16430623870317
41333,17.531547169215912
226429,38.94284209782629
222129,29.507028850938234
118147,18.259382687718112
185827,25.43225507939525
87084,20.22032343570517
33352,11.463295363202711
141568,38.497173126701874
92340,34.508711680163685
281843,11.552084143797849
213571,22.61187834569492
173890,13.893670564785694
37379,19.72231957866103
27489,8.278323887460637
132159,17.31661305545657
34820,18.680476470537645
181488,20.26808538413963
108903,16.66340556524959
120224,25.071406375743166
69016,20.14151948750643
242801,24.64271854688205
230486,46.499818748205506
88898,14.571055499109587
274945,20.121860214244986
288212,14.03178163098898
221241,39.899597056676264
141786,19.281094351236398
269787,20.736428548054008
135869,26.20767973446682
211062,14.76650752073887
100228,6.219803747210836
125805,10.398152134122014
199160,14.229740375417734
65262,16.731406825431257
54838,23.29727942231069
298135,19.970410744338658
23319,26.37807224853797
272509,18.341345928031966
253228,11.20699788347821
174317,42.00038042467013
38783,13.640028543414477
27597,11.671008802905178
55825,20.020765069804035
166813,43.34583394302461
81998,13.225449646645387
210489,4.312631402595233
259271,7.018361051619614
263399,12.706149119515182
145738,31.639876417996675
66962,8.823228301778187
86070,24.407970952178015
3843,31.095456193865722
125862,27.28909155980566
191381,56.32229709771311
145952,42.81391491437886
149512,12.895119746745845
238137,31.245832583212348
162045,31.147884819351553
29744,14.117884699556996
77249,12.208773711619335
132861,18.700082314574637
232378,19.341343624810264
187712,17.560228739286636
173268,16.722371921978514
128482,44.552013932100465
282553,19.271419690373115
249496,13.673048831851876
154631,16.208361537382174
231050,61.68631879308972
288427,21.04435945716902
55330,21.99701783326352
128848,15.658094351151767
221366,12.063233910393608
7795,22.6313774859279
215739,21.80055674917279
202233,8.893176669931513
118022,131.319601566754
104779,26.59155161082205
69083,63.68081969941414
134779,14.509422632014427
253740,16.742321085334492
277634,3.6253785641243645
101112,17.676309361772564
294183,22.053910726617083
150101,15.841891108356496
106246,19.35901704509633
144035,33.55221318701994
292548,25.786261332254973
163771,22.585041513867502
245753,17.268531317296347
71952,7.307318153533611
211867,45.26154669703069
93703,34.01025032117047
142850,58.93289400825823
213296,31.611801712314765
12472,25.093444374039088
151773,13.351876166566647
266711,17.248550359549554
107045,21.349477026627188
73737,48.02875988555352
18315,67.19162505250219
220907,22.04920208544389
242110,10.949649065316805
129210,13.84795021662471
71274,22.210596666871524
107144,15.119023692494679
256906,20.70679675898839
236396,21.881189448222063
290622,13.87770716029813
99026,13.881386465307138
120567,20.426207184449865
23635,13.6896457167541
106408,23.222080174269763
278172,12.441228906997026
44433,16.476943564427202
133737,6.504936555381182
181680,14.255477771475423
192701,22.089223916075568
129634,17.013499528651547
88570,22.6885092354524
46700,24.010560740740118
9925,16.25053264122979
241085,13.343139286115202
219942,9.988339870321006
217477,25.789094879449628
96521,30.91126662638503
245171,19.25533485435762
160630,11.736912540604845
289710,17.00624205964619
256633,24.767560531597944
199241,11.225838518377339
174847,21.12647726542371
244386,31.500194243155555
286496,7.247968745996749
208418,10.22195994708061
216434,33.32414117360367
12529,32.554832396254774
99149,9.197319395320541
36868,33.9998045508742
256660,21.349838504285614
211451,44.73526568882527
207308,26.9449214514026
54635,6.248054861965791
286093,29.810590622272294
77659,12.701860388580197
50878,14.388510741238093
182372,10.439142550265078
238757,20.610827016607573
97383,21.28982755276674
43641,20.850438870801554
101764,10.958166683263379
47513,19.562293659668775
7548,23.19474288949708
276202,20.52950254825807
53711,19.287886443487217
266275,56.20935724399595
170743,12.873327804961189
219813,23.95889317581473
143834,42.50464820851735
127481,19.498734741175625
110000,15.2795283259169
90698,15.766917753244442
69301,24.332897196326634
71561,16.5216760274663
296718,20.181476577239362
199142,12.953614315920273
61612,19.65954661149192
190168,17.32878937213942
37264,17.69749250242976
133947,7.356620423869282
199031,35.65017779505988
56972,12.21203417412153
65839,20.27397805617938
53869,18.31290850892057
223883,11.988176847317085
57952,30.84305610263994
128823,54.77996618483646
73817,12.316929348270165
145659,112.21144305789511
127608,13.590193834227112
189423,21.25812610745965
45547,18.805085292226437
21774,23.44299760254124
24748,17.369441363990042
53373,7.202255226410564
223481,13.23742482782551
118884,17.24667208160357
61733,70.7240664428821
188427,51.65937473376089
242115,19.194264230758755
244087,10.543776790219358
279888,31.864123453501826
286194,26.141616165772884
56285,19.564404368859467
57065,18.881529880347735
72175,30.517763573221245
48375,19.204807326574173
151694,30.105111814137352
181909,39.14179148275337
146726,25.251457220164248
158948,13.63122866868019
111820,8.436905359628213
289727,21.452814904994067
138804,56.93601510236088
102626,26.961434366009378
148352,68.7185150036481
172253,20.96248161059365
139647,8.204045432428998
286985,24.37658151679494
231247,26.718660138441578
145531,52.51373838571079
139166,19.005517234105298
73656,23.55640388426962
138195,4.836357387501403
131397,23.642454968872137
116935,53.464810127280394
103557,10.260174958261011
22531,12.583081889480003
248378,22.169965382235134
224977,33.34099167131387
68583,16.545957630425015
29353,15.247726222706536
249303,57.15596837990477
237584,22.56726185506347
157140,26.51399423593743
84514,10.354015141860824
270030,10.651568278470636
84022,7.232210076606833
2535,66.06676045287446
283436,9.94793997843063
40425,9.906688393860975
118499,18.69622330865876
189662,12.942952123316212
191443,25.711407386038736
246457,20.63864189238526
226049,11.96989623775806
70988,18.052938257258404
112292,15.81821490054418
149334,40.372294264739104
191931,-0.12611553135000708
199936,20.616569019224613
122383,28.925668025301597
156413,6.4351472378214964
15394,18.284580329550685
85273,13.262611920378095
101019,14.143686803515763
247686,41.598132662885796
293095,38.05350008174128
242505,11.392602180003298
269778,12.134077546177966
202888,24.66418152047089
240234,9.395458025309377
251529,8.927179519093848
193312,27.673715156411415
232105,22.033761373486485
207192,36.82392076894197
136454,18.962659875637392
171290,12.327460132865447
44436,21.08538831422352
208305,17.47162091657899
198822,16.84882746737074
95993,15.206696221371988
202752,11.917086081670005
256753,22.20446113491674
187789,31.780716532164945
86749,4.844151308844555
244963,25.630774383058124
254994,5.136927308933289
251020,8.854764886151997
111111,14.47659227512024
194437,17.73064693132754
146458,53.335547884202235
178178,38.347669335946925
227925,19.966473604842413
18673,14.0926574114939
3278,13.280512765189384
271398,17.88912764200728
127723,27.739549635518497
190927,21.07768137256896
80204,23.218350042204587
88995,13.821781305586263
203356,32.11264556026495
234391,20.6994860488378
71262,25.05418738381443
98473,1.696829218234674
102845,66.26102195419986
294711,13.718941813495455
170659,18.019284042658473
202366,37.92958470178869
88528,16.905328403224125
298856,13.65177765291579
38651,29.471095165194264
181261,44.20466408664279
260892,27.393689048322514
46995,31.17446597557401
153906,12.52787756246664
180325,19.402713532639517
89268,21.311491498673067
237094,35.618898678769376
138827,20.032008337153933
199699,6.551568282042522
32017,14.9998587235674
124424,30.166965177134827
150596,26.862501047998265
195742,72.97878751648659
170356,5.2853021661679245
6706,18.357018766147494
126863,15.868543194325419
4862,25.339349166582394
188081,8.156471385118916
156614,23.295137522936244
234532,10.41029447574078
107683,31.71170218640922
28378,16.850800668136912
48075,24.654953876726957
189698,11.275290937685998
283596,9.189472337011281
46295,10.630093249099946
6311,13.18386373846553
247488,13.90356790861794
267563,20.749382299630952
120758,5.831052736163681
159206,11.164537253533444
34464,14.230397331371922
820,16.174217844923795
88395,18.86586662548629
76140,24.515851091097264
87311,26.56021752038041
15285,35.433887603261574
22209,24.965571639625498
201488,36.232524946298305
149728,35.208478391466706
199702,1.6425451464719512
177022,16.34571546796488
206603,42.882256574578165
250169,21.707895857356753
43192,19.733925689527183
121066,24.18690847891902
279468,20.599336519374894
129748,24.4831994821699
888,23.25160398371394
254210,13.566436199352946
124719,15.55817148878739
164431,20.819535658210494
195612,58.79624663231085
160925,51.00777387966704
136151,8.442379301004763
195499,95.86356821841576
35713,10.004403497672334
289366,28.543936555392015
217706,39.7479170468826
112345,13.103620435653237
80919,52.457092004937316
99029,10.381391426891561
251798,14.42928940254044
179536,7.591205154219267
256070,12.859908199716495
55516,7.749252865284106
54464,13.993487378591645
282760,35.301605213987514
138017,5.424768370897767
150983,13.13486638703074
119456,35.4911778887298
289851,11.923368452841455
131966,18.854822968224326
199141,18.809024330792116
207018,10.680587270109204
245471,33.063339529763404
246161,21.917429231628343
98411,16.4458617946366
201727,11.934283604673396
104489,22.97110337626085
54617,21.924335355270628
29052,18.773300583845028
90146,29.434841759061854
270892,11.649530539879429
69733,62.2568838956469
177565,65.01017791320405
184138,19.934529973316636
10664,25.303883215883847
247248,29.12369026220756
243018,18.381860066359252
80026,39.41611138464924
73571,26.552710558738028
225588,19.926635838688085
123435,22.33847798026604
254960,27.809525019106097
77247,13.37557536619468
258927,10.4635935613431
282364,11.93619227443097
246073,29.848838141872797
59050,21.204745482969827
13549,17.324681026559066
240635,13.51509071730366
260476,13.70187908365892
106076,13.040915369228964
18058,55.89452409723674
22751,40.56721345196501
178293,37.95848507165794
79729,15.846150634945673
74562,30.56870548971508
198426,20.79980101531128
206689,22.28100292444363
175048,42.8699032516608
189033,21.987243557237576
193790,17.62604444298897
188005,10.105614197660046
142802,42.257659868389894
254295,22.965075257764965
247484,12.903427258091554
221889,23.68084574085694
297117,12.044032258805123
89615,17.283492835906877
157228,114.14867715410875
288818,23.055041138620748
124388,18.31779066196849
174082,24.918396627761087
155469,15.65334473652942
84064,16.520347830333165
6018,13.97891138332118
136567,-0.2363064599515683
11367,19.445131145095694
184881,11.997749768241492
81824,18.56720789017948
131983,14.39202878072281
24794,28.942579651960322
274054,10.635650289215144
78007,33.22267431307923
71127,14.545664128905635
89716,19.892878275758616
93457,12.92473786826623
24282,38.51852805236397
8904,4.827398609520975
192594,21.223408890124254
254603,35.34759822886912
174836,10.949726050097235
11146,21.73011985047662
209231,52.821520686625405
33511,9.719057057878263
211958,23.515949245897954
277209,14.193393000984898
34442,12.286217349052134
235001,49.18530261187161
75886,12.022020862466919
273156,4.905528876363643
145891,78.8720727410502
116153,28.84227512146041
225786,7.33615930147775
128182,14.325984085031138
264506,26.250968423917097
21090,69.20594506779764
90255,39.0854640929359
246794,12.001378575915595
254433,24.346960472143863
174040,32.391766063913764
231394,35.99570004971488
64727,73.81615429395231
260230,20.805429674535784
285102,15.340129745548126
122891,19.58719491288764
55724,19.076920521648148
200025,18.29454918278175
126584,28.757938493374265
126633,25.89590456393373
184958,12.374052308004806
136837,36.03809554362504
72571,8.326045809795275
151927,16.454624353227075
95709,17.21533634016734
42293,20.644852564060255
230277,18.27073969428458
187777,22.685909882765817
124391,21.34358283278749
121582,32.85983349673641
39172,41.21313161304521
479,14.629950603403671
190929,25.185076730082518
209787,12.093117237753514
285367,12.318818151148463
217214,54.0311304332102
223538,26.09539611027585
175668,32.03465749823279
174993,13.053017055950956
184883,12.161838234514537
31312,11.055455177480058
278186,23.38440487214566
66217,8.07779086571962
213795,40.34959025788737
4212,23.33046288485991
245834,12.483547668977131
34932,17.68076031683641
127803,19.484757999627767
83411,16.873788657360798
212835,22.748011015592766
41790,12.89341177217519
35674,9.595496581807417
197016,27.746979922582874
54731,10.547494638710589
224765,30.24989954944011
88414,21.02737875209183
295053,35.48141696159683
244133,11.884442854124647
137962,16.85436690468965
85185,16.15614829339637
282695,12.065222472459919
72071,32.46485814931728
16794,23.858840477867297
210480,9.441125320278777
236390,18.95730391397003
225349,16.616229278051797
166149,72.5159589709524
64572,25.301034314461
130559,20.24993363057087
171382,15.568366806018606
221532,55.481293518499655
266986,16.17959003819187
110794,26.621034495205357
113197,11.677283605959278
113350,17.86822445450548
278847,28.48461574100157
217057,20.747888432274532
2216,35.72625108801625
61102,30.832991737773384
148200,8.478524155610422
130341,22.634650001202658
86259,13.890694355246318
52064,22.283790360625126
181705,2.2744358488354894
57487,13.979944361034814
227634,14.054646216909465
141376,25.54738189134486
146811,49.61884345422262
133524,17.725451530360147
126711,10.957171282358484
12695,6.580271314793142
222248,22.90631016832652
150422,7.678745161976863
183893,10.15827782230032
162874,53.00766996220944
100496,59.94574129703865
50370,26.06938660023189
103317,23.634904138023476
115626,27.616382566259606
170531,36.006115504443606
55451,21.978052913538594
293595,16.186750819906344
234458,13.936079808007307
230625,33.990549711636156
209759,13.804695121375506
233095,16.903233880443373
139429,61.31474426739186
193688,9.553108254123927
220316,14.59455926444377
178477,8.82014169241675
179627,21.47872346047898
204427,18.395935442571382
213404,13.238171132565261
273713,14.629641388256772
242585,10.325202066256631
195279,42.05486434363159
36720,14.307735929126164
192413,17.92498104007559
150855,10.483809370252075
210569,25.10108232507401
196732,21.52476161888505
145429,8.553954611854346
143300,17.191080461007665
204932,12.779786112245041
207937,11.429228383545222
46253,12.186223730589408
111287,16.224365799580823
20298,37.28170768460708
18252,27.22988595444545
152776,18.766129457589294
269834,5.737285787402497
90459,8.236137508015288
160264,4.481631958647593
253636,41.05995173155792
199251,11.369341274633651
235096,24.692734249568726
289794,24.3365387284681
182599,7.979331702101611
146695,54.8917396871117
185352,10.95252938562729
57607,38.805122064840674
66129,23.09840707527315
289005,19.58609822129351
132440,12.138135233675293
165852,22.503915180266286
96512,9.410622333174315
107155,30.518872452055753
57790,32.05235474288355
198322,17.08232060846427
130185,53.700539271591715
57198,15.79009486120006
175127,37.45155042972799
248105,1.2322920474976007
49096,22.78312083492817
191682,10.036023265708934
250784,25.421787527759065
61980,21.828408360106295
13901,18.22105593391442
201584,26.408155542243243
258019,21.584870983919473
298912,23.090960228704702
92356,29.54607055290769
182044,16.79791175897773
1795,79.61103992738447
35866,16.860421433538722
103184,18.43471012432132
196854,15.594648173393157
212262,10.64736979698898
94066,23.430568272202883
142880,31.32519616783162
219446,35.36117706579114
147436,68.40214107505875
93820,11.249433924255937
230741,28.849233251710217
233277,16.799023075325703
263874,11.940511144686308
191044,15.509718340806675
125551,8.450315371743288
233109,14.197387697018307
268203,37.15127098036839
78040,10.384644213748594
213226,16.965737273852646
162252,25.667115118805256
260830,17.785998334232964
137425,11.425885992835527
182589,7.559442522851725
295212,16.331395540092842
124898,32.32998532318165
7267,54.33405602800472
191276,19.310748594369638
262998,22.01742026106521
34893,18.827660909063827
221561,16.42613250001824
30749,15.427055007064311
264427,17.644038831068137
118314,21.7058981943035
224543,40.40774715462118
118067,54.25510546891412
36426,31.94593674933126
67503,37.3230157595512
129866,19.474095698809464
21663,18.231105660119347
79681,14.075938421037531
247302,14.102019468262181
219820,20.567525963489995
222201,20.442365929403362
249546,6.381503096593757
213240,14.064341809805295
205978,28.265169151103223
76631,16.96900909167951
21327,7.595835038071478
67141,19.455099190052856
105969,13.069339385344069
243426,12.113681095086484
185581,11.40827354604825
36136,17.585988916479927
52045,19.12447223734225
232734,23.927819928189248
187511,5.254890394516524
43998,19.368791129811186
8723,16.154398343135536
201015,13.993492073114563
15974,25.036912591528463
182226,21.321385548721985
167783,9.324427512872663
124943,14.645480722765416
168241,18.255499047225754
276243,19.35706990023961
64744,20.76668218498747
276122,7.434987717635298
192405,14.575042056674924
112711,63.34945638619859
221228,28.98917266495951
5645,58.24028635406985
277790,17.951408086178375
251437,10.885664209379723
293466,16.423167508952556
1602,54.13714586919239
73604,43.320172544605235
69089,17.32439539088059
71462,24.59944462010598
273364,5.2271533170184465
43689,22.997930724525766
265750,8.171070357438252
165784,56.73564473331141
80606,11.727100616761824
261890,16.368302764268996
113428,31.756790487906663
248388,18.34102792638061
150910,30.933379938019428
160502,50.69905619177283
245200,14.501246835406366
73365,35.60181682501785
290392,11.442360183105539
80764,32.33185011862712
188694,16.1222432951962
250575,49.045544920653555
82343,18.843030630087245
80844,19.93008075388223
16293,21.399244185761248
192856,33.70627630208203
114830,16.893064919526804
166779,14.862208899983493
110235,24.186639564510678
24633,18.46322394370735
39661,22.203330433830423
267369,13.621976559395893
213953,22.007347402130208
157218,116.24916301961764
247917,13.43853385971493
146567,52.97507866337074
50291,31.371850127011776
52494,33.14991566439013
154166,11.090448285378953
186632,17.883236511680114
137939,20.87919593605138
54873,22.714995957110403
119885,14.309156807100479
113841,8.694891330008051
174174,63.819550126150496
60785,52.927034028316335
212481,13.124905406777996
251014,11.680078631725
186413,13.309870883665159
23035,28.85790305129921
52772,16.226283306730487
181872,12.627112317654632
252325,22.411939848005733
132252,24.66502709415512
140996,18.382111762849874
248271,17.615170109899935
214066,34.59126986066063
139528,17.17198531486244
283676,23.458853267706765
37524,23.81416635346573
114953,16.13155743775451
54517,32.91863955610059
293368,18.51095408777889
214463,28.877001667669887
225144,28.25237367179271
212887,21.11065827296812
132306,14.60463242000349
78242,28.11145980936483
79918,17.43948084694869
217325,14.807860386633678
32000,16.41977628614471
7666,19.10706056367433
293552,16.0081246611937
84595,15.837100197419556
234447,18.362129176635108
271292,9.983316850090315
24744,30.571206154801374
18414,67.05423274356312
76180,9.264529332050651
164595,16.87233658011588
149772,16.67839816231692
121771,51.08372555074863
188690,20.333165316911685
215150,17.970704091551063
189895,83.19268743152173
89928,27.305514137969755
217800,8.995759299270095
181534,25.368997699800865
16695,13.948271076904312
188294,10.139636832225431
111707,40.705439003839
251499,15.651573915651475
178931,17.352424159126528
245826,36.070606342739794
237522,15.975110041066149
142145,31.9400065472336
72276,24.14834920462568
135892,18.239800324478015
53601,18.12673503926233
142334,98.10243085279603
206688,28.589943454454346
140389,12.863957319836196
40536,17.250472862157142
20195,67.68678287484127
127082,24.800484039844587
59323,62.77002502248384
116435,24.928398302803593
119550,17.831930149619424
105411,32.07264324663901
131534,26.40860847414902
198820,13.493574148541954
177684,13.948832303579664
198578,20.69673217416249
118707,40.762737820165846
50017,8.306498048146082
88561,3.96135768855308
133223,17.565164834678153
123331,11.611924484924266
211091,20.096458381687142
219178,20.594317809854594
82704,2.699878378210072
277797,19.692423714717698
141052,26.36009684953066
252180,1.5656246340264053
38653,14.340942358337976
147341,42.75709742204488
253745,16.48610444193195
26969,26.74532698800742
281837,16.661130493838776
80145,10.50274781124883
139203,21.185616013111726
25248,16.89213975855966
212924,17.755158361533187
224579,14.038597132721542
297695,16.956864273232373
158822,16.811133528452636
206418,56.36326841383943
23651,28.449166940954278
16335,14.63381318215637
172924,19.605796579218442
274401,30.892622366048926
240799,7.320389460628078
179762,75.59353190704869
94093,30.78360752802825
13376,13.164440214139807
45103,5.485053181961729
79138,33.66171151240295
236020,11.394307503054268
190409,18.953153722392493
159498,23.95954692746537
142107,76.17232024970622
41586,52.64801775805443
87328,12.56659205284009
79143,24.046983461723975
275028,10.325552423568755
279387,16.703842670422947
293813,9.280364108711085
124833,29.623765219869476
267426,16.52471961354071
154284,17.32447056032273
20137,54.249238336736944
165646,6.086427473065067
215587,24.602031236827834
227211,19.76995282547483
21687,26.081038726229217
107376,8.111802532886841
293467,22.471610612026105
134043,12.717065239382949
280003,10.5635150841797
100580,16.470310086032093
274589,18.852615502092135
213870,21.949561358854865
143982,59.062950927946964
41951,9.066692399615963
67854,28.227260445320745
273553,20.59724592419905
118304,13.81402498846597
258642,12.112094301767591
241481,49.58893800720042
185716,36.1041698510442
224964,18.34868486912967
171643,19.739322162392973
111863,24.712207454868594
187512,24.115832320930515
209561,22.711365906353418
230825,26.847668237429396
210521,18.59052906539382
51354,30.050241673300235
194560,9.466002221788289
143443,19.517516188777247
92290,22.70131995073595
222837,25.2845332430132
118931,18.221586413283315
233858,9.3580593062226
89271,15.017687608301763
109657,30.211749012958997
20743,54.271917286235066
187976,7.005018501633607
160710,19.11034441635126
45994,11.296985230027538
177130,22.635475963646595
209941,20.03506448999471
131289,12.688523542006187
179172,30.86342284460479
63777,11.82520108263351
234670,19.20697208267614
295609,14.402024494763623
45894,7.872793646611804
125837,35.20783138450282
274022,40.143964530124805
193058,117.26433760260497
292851,59.020538219736274
152656,15.468144777179539
245354,32.19399167721497
257963,24.838094940381627
275903,14.761184097089838
118627,27.302169829936943
129607,15.956204076050227
33259,8.218319301799617
175350,12.550686237182813
148639,76.38355278997352
102054,21.432815155942897
267947,14.595704437632257
14415,19.871157834471813
72096,17.150115398561226
122662,16.166930471415547
299123,16.92665121318706
259043,29.018227939371172
74558,13.507703200242556
264060,3.638009304950076
44946,12.764654481649167
236750,23.841343244892286
7409,41.041068592209726
199698,18.223646947830662
60596,16.420347698371625
279943,21.151322915122613
27961,16.00374392438658
274340,35.655859673390246
140156,17.178590765245715
223170,22.600840810175438
128485,14.15031921772778
26272,12.058644198554003
272095,19.571340906102954
213644,28.92568482881423
252741,18.48555920195973
178008,36.204722386460546
153636,5.9859546695312
52626,15.97195808014138
76838,14.413963318566932
224545,39.22001973498428
13217,6.821985304189592
101731,15.137907284667811
236509,13.567966029314874
242798,29.2288674238409
175975,20.5814251544726
22383,25.016465302377696
43513,12.070725580259207
260330,14.706312531658604
230841,16.424070016115387
17678,9.51214499169582
93877,27.71159918475049
60737,13.801027640662557
177834,6.2855435951134915
65167,16.458641340030084
58772,18.454150842239002
223889,11.89390512492972
33773,11.68886701331671
263229,20.77441700235344
167279,20.045849983533326
23968,23.71068696264519
74194,23.100481128518787
100813,19.159271767386972
193991,23.42840831124896
240984,29.37345117506362
121065,20.964444545165847
15494,15.355998247087754
106206,7.644321587501391
271387,21.245421068809733
40992,4.33591978463113
243110,22.10594951873657
50654,29.647223830094433
232525,22.88075981733861
224915,18.236944254104987
32656,12.268401456229629
208285,33.52101930472787
267941,20.91106307693657
74822,14.855530710784379
256478,27.493736456232334
26801,29.943821351904717
245178,38.13927689363222
110660,33.78098550627393
94568,16.326996329840533
1563,45.56146705355403
218660,28.06554372192773
8075,61.113140984466334
215357,21.469342480508715
24821,5.639174863092887
227413,15.313019295297408
238857,42.20898209378178
186661,14.82501800037386
32590,12.456576675579885
173787,44.950998427383446
225174,30.823917958631718
244545,21.80439900782286
59276,17.07345919879917
286621,23.674925527864698
205601,23.217517745885992
16384,10.20871368082469
280014,16.752708325901754
184777,23.122271872127367
128349,21.519396439084744
214075,19.750639515871796
51742,24.803172283584637
188128,23.386689658392672
128493,50.26068304478029
255885,8.308149189487224
143842,48.48715002694099
140079,22.068693579508874
92323,25.270843477192436
95693,11.958751600991203
251148,11.298261065724095
149061,74.97689932253692
148701,27.88530476568468
256769,15.907115349785968
211512,42.06203866600687
126107,23.789126822738027
207285,46.11026864931011
265219,5.749437399478962
129330,13.828018390593236
143003,18.279370046748085
211397,50.8886326271294
202456,21.963067455847472
38628,15.728176541168217
182830,15.315752344590688
32664,19.045961189602554
156368,11.900288736842558
243254,21.80259515834075
114116,11.032397227641013
298510,10.293060031460652
79011,33.762835221147924
55257,18.869760585932646
3187,16.031097378851733
196612,57.52023894854134
127284,16.420014713023832
258772,17.910088866226168
149037,27.42915600797184
251047,57.189025787606916
68386,41.00008554691256
42661,21.931314310792754
260397,18.53431064651553
195331,95.60685125489724
184217,12.58971514125743
39034,29.069977201255863
44232,9.834139268506892
297204,24.456003836600072
262083,9.657076326707134
67279,15.51794260503128
148407,38.91481053386659
78223,20.126165118501376
14500,13.662774135700385
6568,20.507417583048323
56179,20.183294565977775
253299,23.048945839684166
259936,16.36984726620236
42350,16.12610040705269
263273,9.084438689331146
127490,25.05402655502575
131399,19.195119414243536
240380,19.557649455461
258324,5.305530534164523
10606,17.327965858022328
260607,24.713318090250606
281613,16.32463453733716
17249,15.920585324671524
105075,26.880982244894696
248064,32.5986214608209
146450,79.99748349634496
69831,16.705991058157387
3468,16.335234872892915
142261,78.78107875240346
52521,12.372407119058485
6864,22.39901403171855
270127,6.439274861398488
162887,18.15798018280486
104506,15.866984014361236
253775,22.174166256620268
262291,42.38688701776871
291054,46.35245957473674
3398,24.739769091409634
165453,22.635761625336624
133847,12.509013659806381
72332,14.446448565877851
284392,20.484764829667625
196137,76.29145064753129
205121,26.47897798193238
139794,13.211896950385137
253219,21.436879426995688
8518,31.948159652029887
278557,11.954613679478173
140345,15.201850734785417
175474,25.051387744006824
204368,9.053715388131058
81184,18.174574052976077
150732,28.639577376437146
253557,17.007922621748246
120573,43.92026250196957
86086,20.533919773247266
26199,24.079653465363364
65054,17.169295433800396
87466,21.49457144088472
163778,17.707676605577923
65123,22.4867403106952
236234,26.477511910408047
146128,35.855620240526164
7220,18.68226248035429
87546,25.45859555289423
38003,40.365224111215134
136175,9.249439438772594
201560,11.563742252495338
261823,18.734420409046407
31816,26.559159043522897
237607,21.526565648264626
293005,17.243546317953886
80878,34.13024635819469
293281,19.006785831325665
192622,17.39609578095855
123475,58.31772298987908
17294,18.563644736698663
266444,10.841370489359392
33977,20.15416372375044
160543,28.52851413007471
271740,6.392360219685134
224186,22.810625281312497
227681,12.845835148439404
51343,29.525983874029414
48919,14.654786351792868
116626,23.500784852646852
176035,4.379983557059724
150359,29.213007093651797
37876,22.237021365648566
162481,8.633024278927824
212149,16.10532874196855
55701,29.974249325368156
27793,20.781508402671534
208866,18.339807907319464
283588,20.870671705187515
251488,10.784861733506892
149580,7.301320729038931
275555,15.656240055119738
257541,27.270621813523455
78347,42.49353860602345
16294,22.998275606229065
175467,16.418591471843882
296184,24.80497910568282
158135,25.027558467071046
220486,5.585558586453706
39409,26.107135120036936
150493,21.958934979673767
109156,25.179718021517548
7671,17.69191031624814
42188,11.837193432250755
213924,21.46259847966001
232088,8.528479762400856
267457,21.766916293880712
15955,14.437327968070111
27821,63.57656599076267
43492,13.657324118112498
251740,31.053936072258203
278661,18.475478142513957
180640,11.571632817316914
162324,45.16454326611779
138707,19.217361389441646
89607,14.588611961895552
233441,25.174359916327923
108482,15.792684091408752
278691,22.043750400485933
290741,38.42328796281412
158465,12.900299148737533
180809,18.144288469685048
118146,89.824845678087
193912,48.142820387806445
151751,13.12026835870643
194670,9.540862058394975
8393,42.448370059084176
49317,15.540667100036039
121295,17.50025518784267
175176,6.420025729838297
47998,50.80661214206692
255299,14.840337649168088
83783,21.79910282146752
60705,16.229334884296986
76853,13.209335636389046
156608,52.436359831648865
181150,12.479086115600639
184536,16.79315692982442
248996,16.75542762710516
31322,12.907640762795458
19780,45.911348132819924
149557,29.01162156176241
260856,74.75064155234134
256579,20.608986162917716
126454,4.236113997276318
137776,64.86550419841225
245921,12.675316449049074
151882,7.068954625551292
208256,18.127345251016088
152212,39.1954170620019
188185,6.177480964473926
40556,27.13394093121098
291636,8.341362190619028
179939,12.304973983418197
175583,8.535334892572598
292647,34.77973938568672
297511,6.747878242612176
172397,13.84058340215293
294890,48.66194238208536
271911,12.31623391208894
264789,4.637823909387599
162744,8.303462887573676
102791,30.516018858488927
162655,26.295793169732676
167187,61.8155287810014
203187,24.700371685673446
250866,19.115825046057587
179733,26.160860191274182
187333,9.211187349054295
248028,14.199342063627306
41940,11.340825100161034
228955,14.229905218810753
128582,64.58739311676098
184583,13.406686402943102
87611,16.30373201158528
157859,26.521122894868782
116992,19.76995277795525
32927,15.493896700972684
232097,15.010077804164567
68969,6.806583269263786
6779,14.652788072540659
75237,12.686043481249065
279539,15.201747858530098
245000,24.04176985323121
282826,10.852701327434723
8591,28.711536532430767
29440,13.590661570117245
76548,12.417215419099005
248932,26.642712659505282
298240,21.78752973475617
88069,13.22986006237915
206070,14.326895812842093
241806,41.46712225465769
11016,24.7330024852756
278471,19.030487983290193
38859,9.820353095657616
158719,21.787760358898424
247135,13.545027744960667
9791,21.751157552072186
37871,11.503319481769086
13554,12.90800426559796
82228,16.052260928863
285239,11.517898611143853
146497,36.00068001730424
102821,18.684218123884076
258909,9.63516610816847
98689,12.40907130776273
98172,7.678452266929554
283946,29.323472822244526
287975,30.06256061334539
292133,7.882806112220191
139777,12.224873692532213
253395,13.829295180647534
223254,26.01485627240154
21575,8.851840108208908
123357,14.459158998114471
204813,13.15434623624779
83421,25.909789894906858
85932,19.795210949636754
50221,18.982116534826293
254677,22.202427230631656
37214,17.856470012947863
225885,21.05012989219297
175349,29.11085122898217
92673,26.754677281344378
37376,31.49698079971047
297475,11.204100896155207
123869,19.31054266195101
184331,11.841072035415312
231194,24.368665865426962
67259,7.511762581132022
288918,7.339662415634493
220285,22.16295263400442
46103,19.126153089216114
276983,19.73330599071368
201606,25.348185247900116
147932,66.92624199621795
243025,14.283285605552653
27479,15.564319882795271
22435,26.434978995212063
238781,16.65573069293327
31559,7.637408966291199
109703,20.526486734386214
291221,15.491993155048533
167507,28.28576494416513
50316,35.20789846385737
287413,8.854896435328588
90372,10.704785601952816
106762,21.099079356856997
260837,12.652531620851601
243549,17.347325962834038
243233,26.98594049614904
44144,20.639940019952384
50245,26.74740702293945
126963,18.421678902508624
125448,18.433950155148075
248166,25.59309305357286
118241,108.68351487427776
45221,11.246940807278802
8697,126.93471351109562
235572,19.158211003000517
63389,20.08801194099537
91124,15.839616928719892
47293,31.791086031167026
282216,9.973076391626481
193571,21.29575629250538
270560,25.57249914390571
21593,24.90698493429224
234363,15.46048663879295
33138,15.10256632885551
103521,19.281013888998793
272276,16.250787847853474
121617,18.8168682818147
13454,33.171294718205004
249297,22.75307573310546
80174,32.09652255383336
160797,14.087187619254852
91703,22.446000260210397
7942,24.25273003601295
39293,50.24178441989951
4448,16.210287267936216
287575,12.804181160864339
172848,17.095607148033604
243222,33.19015548939297
172840,14.879648657376272
167129,17.262448650682977
216760,17.157894718549585
85994,28.83461255791635
62827,29.71944372963963
108523,26.46610880506054
295125,24.960769815053517
186941,12.57886071144819
52029,16.169329867708637
148282,35.66097752479971
222338,15.304866158523673
243087,55.34502521603233
125900,42.54196918119421
1333,10.255668203476151
139271,13.770152305942315
273944,24.692174462781807
178527,18.73083407733759
158068,33.93049652997956
226162,34.19846530265869
113735,18.687244875258063
85518,13.991235284783329
1276,37.71277716373624
82157,31.080202059913596
38329,26.426969243639412
298700,12.857577780979058
199147,21.380708691682266
263281,21.524291121049806
11453,20.428872470885103
19747,62.833094050446284
8101,12.69281930098359
146586,26.718229071169816
227423,17.01937099030547
91087,24.321499649078874
82114,21.77377845239092
11571,39.727448850932724
209466,9.831452799308316
231540,58.30365424129396
81218,31.5763844323127
199013,19.15073913628631
82193,18.50404325491101
47337,18.432225279321436
69642,16.4205737481866
58275,16.95137966963408
257739,19.564347075109502
248920,9.91527218104681
30159,18.272708643546707
255982,18.420537051357105
59748,42.421158406759595
28579,13.879882712832615
240942,5.2383029134106325
221006,35.240706053375774
289218,17.270497081633906
272906,5.017087945610998
279704,14.574013723111399
290365,7.8837277468189235
106440,9.556411962740036
67084,27.716696753776468
215661,20.28076572646304
32243,17.98982961642834
18775,54.733729301710255
169409,14.796697293921767
244882,19.936818372273418
126560,10.279121626236638
172037,7.6683572889089575
40920,13.458198532308508
57442,32.91204945792439
63460,40.648740346538084
222614,23.35073902101729
152836,14.026391149691449
24782,19.32907318433067
216365,32.46925106609471
285151,27.45358194748608
289539,14.613810873680407
254644,10.39460196970127
294956,20.099509739717867
240637,18.392040741529748
12432,32.38471247381995
81101,15.11993100851814
90721,53.889154676829236
33581,22.35076971925971
227724,17.936346667175876
19580,56.88329048549556
286976,13.87918389274088
104827,16.45633700881435
224705,31.079454096799523
69823,32.71907710740251
11998,15.781850962734943
124602,18.787186134334938
273243,12.26445657209188
143114,17.923398838229836
285030,7.387489882528088
210166,20.2167709111525
214125,16.31989918052953
206498,33.3314684672837
89276,39.72429458050795
137552,24.22885279501828
61207,16.445129863277508
281076,13.12635143304079
212388,18.73478758490174
170597,13.144657543065858
189582,27.785203000280116
74662,14.038573196248752
269004,47.58865770227501
270037,12.06011567208827
110426,25.722969098097373
144796,14.302429848409737
32576,12.802566665333858
215452,20.860073503875377
89026,16.145767134651585
259544,33.66824265700898
289781,12.40949999406373
207283,21.26080033357433
10965,24.731366763708458
5523,32.983121051575324
161295,74.3768257855564
84304,36.08946969965654
72393,14.90600893810128
153439,13.953250886971304
165454,33.45755882075493
270937,44.50684941019023
13713,14.981938739735078
288978,11.115259945139709
105672,18.162362371260883
197426,9.991049867299903
60224,16.16337117405447
174536,14.813887524463354
282750,23.058546287789135
235809,16.28020608947251
237696,35.668608069366634
237544,38.247256630758656
139132,11.904993316460152
209230,14.165509506511203
184602,14.035926619423513
188533,11.498509652569762
62663,16.987018837287977
277795,15.655882779941393
245763,25.435613933531464
108519,11.70683174252568
225548,41.716160465774195
275248,27.940425866909322
278980,12.68568413925827
273328,25.721370442411228
161687,74.82796317288313
226581,35.88380574574176
163542,24.63310484695277
202577,20.715010684484653
238876,17.79875237609899
83622,9.514316038745628
121779,15.010871025615685
257699,16.44273942667217
126957,30.032111835048973
60539,12.213489432892374
57299,42.76288701263207
133708,26.558064461278114
176591,14.407724740209765
13371,17.54014448667334
48352,16.733861069147515
288756,11.144395452053999
203346,30.773436085193502
249417,32.82926204889933
179629,7.075508570579245
271694,10.389788151319966
110120,15.830234645519326
48204,12.179719722329375
45151,16.48659402541685
143549,16.98911650267943
245612,29.102265242994655
231601,3.3548217639810494
209140,51.64119833975563
157143,112.62743654017817
154177,42.46051391909631
106377,22.39663859537098
207143,18.017939467474108
10468,11.860262930747137
96079,17.339172143514688
174360,10.094897831526886
190814,19.94174010196076
164457,8.36150347258673
154960,16.717222381286692
127389,19.171936896048347
146317,22.48116883407998
119242,18.734420386403254
271866,35.06901502134397
56890,11.173013294892673
282116,32.548775541980405
252348,18.077118512046532
120179,5.332406247801714
94691,19.362000706867065
266039,15.41806210882558
216399,36.54391627327755
124418,25.697777170782004
269798,5.103514987058272
177849,27.541728685445843
192148,52.35189865555903
179387,33.35253083727452
180677,14.186700909995878
258418,26.993221214798012
131583,8.441891374535274
45703,14.962612780177256
101901,57.48525819265412
176822,23.834506990362208
2903,15.953911132602794
20907,54.76190104759933
259698,10.32050608333023
50628,40.243646752809006
108159,39.61930861466755
109830,12.543977193114088
10154,16.70648326239818
200698,15.355625017472928
90668,15.146588570675757
24599,19.01031920467816
289907,16.54097767719047
177498,11.619416554229954
90482,10.998576586085441
78785,18.63914957838886
117997,94.48695194992447
207709,32.16259422854496
185676,19.966549645026898
279804,25.969547479604774
276905,26.38561189656344
31970,32.77473924053511
99886,15.024941608646532
252684,12.40365087596755
289868,13.020617471282868
1963,28.542627183392163
168398,20.51716780686477
287159,20.442466166435125
284372,16.657208335053852
82686,20.2720572939498
213120,39.02731562402761
132943,31.956604350203072
89508,10.634342560772055
83362,17.462175993290504
280702,21.89680202490442
93038,14.979600628338801
216,11.04495274448778
296423,14.980148295860896
240269,39.82662128375227
148713,67.74346430152852
113286,6.231940509362101
254280,18.64817162426713
201673,28.51930470998761
192208,18.567207830221683
114580,18.114675653890828
264895,24.329255635415375
62508,14.689830588663785
30727,14.906929453332843
120409,20.481522941161593
109176,25.665703146072737
225377,14.22364681346663
125874,16.938535576567077
195844,48.31521447356672
54065,13.622086391168043
82885,24.055397072067194
178842,22.210369866670483
122290,25.222903732608522
140878,8.344591026194454
274573,8.620174949858924
105262,55.054257144473034
206205,15.019123814620777
4437,22.87050392663248
147504,14.740873901480104
294303,15.355565762166997
161136,56.5298805317396
43180,20.36883963358789
188324,4.263486144321447
215215,20.571526840851817
280023,7.884302007567328
196169,57.06486843054068
267615,15.912245270863359
29363,17.33457372344848
279811,12.652573650370774
188845,15.309454692964572
18887,32.92491979782799
101599,54.952593880409005
263485,11.304489791335588
103744,5.854523145276863
65940,23.075913353608406
187792,18.310183748316348
269620,19.847818441709546
267840,24.316714139873678
167851,14.083062468145776
104239,10.554345252520834
748,27.855959490012957
173722,11.131315843049109
205990,16.65737326406455
75248,8.841210492157195
208093,10.356378799180593
189160,44.024808277395714
242501,19.73896687740099
183291,11.088891813298709
83815,20.777703133311796
24050,19.876605651332454
70889,23.4494116516286
122955,11.566486008027987
297781,23.058434928153673
169818,34.01432751900632
295243,64.73370613823766
100257,60.450088675045485
124344,16.54312731771008
266066,16.405426142212985
100634,9.898779885097387
152743,20.87844782287693
213565,13.896069607383833
190221,11.669242154432979
7368,23.940032025371725
182813,22.226560909293035
179703,21.16256510543953
253015,3.8421314877191897
203571,46.810795280188586
131065,10.83935331084401
57394,34.58883714234575
183799,8.086234506096881
141143,27.227346677880494
124638,27.25358495058723
68025,17.574261338480824
298601,13.179522931365785
63964,32.54365891047294
253081,34.06763727023478
113576,8.179712811929939
44873,11.006994605999626
209127,34.28804552792416
39105,11.602414084889077
76621,26.571010186368596
55720,12.21665403980147
16859,15.470935813537032
244833,19.326973310521726
62288,51.77139650912466
204083,43.106293718757016
97703,15.612964225021479
139283,28.994214261967635
70717,30.54733747374553
39492,24.016656065106645
59700,19.83160076661951
219072,7.781203626759691
176766,14.716020452081523
44749,15.482023424315642
31652,13.332490654413402
65906,17.941721327414033
298678,5.081458708051972
167222,8.041792473138287
199593,36.237360428272005
274801,7.233900356731624
52869,23.201016812860296
255079,20.397017366464688
57135,10.34051692887611
238025,28.21319874531428
296218,8.77356947146998
296925,20.319497842919848
152997,10.000412259885394
136552,13.85319104414846
163066,16.248803982344583
175421,10.556818114435234
141373,43.89990304802212
175185,24.493883224035166
30153,15.18178468604252
19683,13.108363756250693
270893,43.274248150856856
66049,16.630607695788324
110187,40.18710739156797
129122,21.743292777925753
180332,20.059492970900372
277330,5.88891637067082
55873,13.282212389936348
36156,19.600348255856556
222928,20.247210439887226
59999,25.92372749732699
69473,18.3605288054002
259275,16.24665205811882
141912,18.24846950373633
80140,26.58938879781506
95223,32.655542293424496
163237,28.42065598334925
293826,16.188313363218384
73509,20.077161333606128
39524,21.06142746032485
59712,8.055771978493707
9933,31.049043396321238
215896,15.852729184866078
61838,28.94652627194741
145219,41.42639624731329
103797,34.05998078430999
271084,12.70013253926405
79975,8.531135503575772
196932,15.605628376658895
191293,20.54031820524228
54918,22.90500864540774
191783,34.66770859334839
149868,79.8576449081892
37886,43.02232232643447
155205,11.66965843801597
240397,57.70767099499182
290040,20.215791303723854
195826,51.61640549374843
237202,23.894844306807226
267166,15.228196268658088
61094,12.241732007392358
199685,13.611941516249775
122809,20.48453752671099
9728,13.518017994979402
13126,21.563893815293902
201498,16.040044013867554
253533,23.7159929939387
108134,18.79758627461929
277113,12.460229538301466
126601,14.79235187303778
236258,24.19978647728174
122007,21.90167774445424
251914,20.65134456343379
253119,5.935696777525905
194706,17.80102655855873
257425,18.545573674165254
121217,13.503505953194502
138834,14.314563940800682
203150,11.733140527765913
176990,23.823803434245654
26142,16.638216189225528
9906,27.61496962743349
184308,16.349036270906556
109971,26.07798736747642
237325,11.957568237389054
255775,69.85506677801521
47042,80.01912800153971
166649,18.12726014862132
266676,11.454940814689927
138114,11.853499746459278
247813,13.328488084075335
82236,13.86206898071272
112546,7.6153761890285026
105557,12.861506242235743
209599,18.67828014324332
147396,33.552213882695206
38824,57.89765537979055
247691,3.1378449037880696
157657,89.83013021150589
1412,55.222649497758745
89286,4.103395595449145
69486,12.489187542214289
153084,13.191481271617658
297942,12.648033662235125
68442,26.29870474249909
275445,21.183332893571414
120094,21.241583794043308
111661,25.18331247087486
116451,12.96188768608583
180118,11.606139911578163
123977,9.070761143506918
76138,28.201855705378982
214392,12.982123327197094
141210,47.202743924508276
170033,21.379638121647353
96868,14.444848194183038
180681,17.10118394844975
196074,90.23154938754004
6445,20.643438849455357
49343,17.628598233955902
198441,11.247511042733159
85050,7.694787696509735
182756,22.03187164585009
97289,17.301346669804246
206801,17.76778868913239
7719,23.645196975933253
72218,10.787053764487425
123864,13.347381298184368
237716,16.994674491506984
108323,17.915797190853255
209918,22.595637348529507
91501,24.54067128080448
251522,15.540866275222044
220848,19.493610648953116
254701,18.313624317818398
240302,24.44995348831896
214145,46.31345154644671
184824,9.607380938913611
190408,9.294994279501008
182518,18.91179763228342
24498,18.212023264856224
247355,22.04502187660877
173053,17.83491349400245
61982,22.982339313936382
86184,38.581529572382216
255409,9.986988307289767
163797,30.38885130144883
225795,32.26122428933087
41168,52.04845145031354
290345,14.418033184146381
23225,8.110515308215762
99676,67.08790308836922
290070,10.418796623292481
109632,15.996911944134446
171151,26.905495956864968
267873,14.47059361601297
50462,15.112479128181871
293209,8.701457056270304
63704,27.871503817369852
156451,13.411547410582957
137388,22.726008166983057
95112,20.117419736915892
40729,27.96176355506927
97061,13.118272168832025
134039,5.302914054617002
188764,16.980110449375328
218189,29.098857819428112
261079,7.3908492967966914
41240,10.977113789246843
183160,18.361458620226532
12124,19.271673643340865
205688,19.936883624679307
251616,13.4336133479315
57234,30.329939713656977
168358,23.357628009065248
262437,25.909209049680847
221193,35.76236017155488
222064,18.122735165558602
123612,18.552637269004983
11654,23.956082268958
182800,9.535809647621146
263457,19.460014229006845
203742,17.08696838109243
220329,20.690889731319217
16748,19.706119182730845
41017,21.428278057783213
63497,23.03834238266888
235770,16.94148598870335
51366,72.61710640356867
292356,15.291731260284315
219604,8.489003930832297
106922,8.74810586973172
37680,13.579269160215752
173339,15.579826282894505
197050,37.6134415915032
97110,8.210356749884586
247435,24.67523611808283
154161,14.055739363669815
204853,19.91981279168304
92822,21.968075568832006
236074,19.06798997541935
173535,12.610490315633703
127408,11.041017560059192
216323,36.42816903770582
56111,12.422173412279225
78202,18.979585020197348
55198,34.67591190538716
107302,14.890484042381335
250428,5.366838595279072
120089,14.629191088238336
79707,24.253983559265766
287703,18.712952684038804
229735,8.762060919751598
142392,77.05247852915505
74227,13.057253651032124
131429,18.59400148021207
281168,15.015092571150582
44960,11.816813447306348
52242,36.6337229348506
38960,27.029554473512437
237571,20.45534025422873
260175,14.74613191053961
171878,15.840802557847255
207766,23.02996922267058
96593,11.043569524112133
233202,43.205923965556586
240759,24.93048130609896
116449,33.48977891131959
249337,21.0194781442653
183410,20.693397322794
104818,12.931836386498093
56625,21.83927235145503
147781,74.42930708795541
144373,42.0558952479771
101394,22.511132342710557
144217,23.40241847690533
243639,1.1703415066299225
146399,72.90165890575236
72574,13.795071539714552
257887,23.036497666860868
13593,13.957326608919285
288992,26.328827802387906
214887,27.10568136220668
167388,14.066423566005252
56968,14.187526399610633
192865,21.12909884644321
221643,30.44871334755333
281220,18.79289626329262
178985,5.627727474633412
23859,35.626679279331945
82342,21.727081898491072
90878,18.514509880445985
104253,21.042253541202665
182697,24.30740652743284
100252,23.74369732252612
69824,27.682954882076963
245771,6.9255605727647875
75627,17.003591774490104
93999,20.42746821180816
296453,14.312898783074974
210946,26.635309490349776
157532,119.55371060495042
117533,21.587532056061477
39926,21.519239657850008
207774,28.052930454503525
106348,23.9646045492833
246845,26.490327678466528
277580,17.499162119776823
94890,16.187963955252037
49672,6.9400602629227475
160301,17.768320554689545
67817,23.894871507528826
94156,16.155364438923492
12293,18.06197709515026
248402,22.00328338620328
290207,22.44705926053259
296421,24.905346613006166
36018,18.792058286675413
276913,12.708362526345525
271085,14.473273233455146
56987,9.813656917562422
268922,6.280280341581824
187947,13.466760335742855
279436,17.60975075502046
44153,14.636836943770447
68615,19.94301449828841
49730,15.434223080385706
167035,16.336976351012115
15013,57.6101114600144
47883,18.567208092696017
145323,35.28561142632937
54211,8.617435897550394
62441,13.17730413202436
237916,14.895396545382901
77666,31.35214299527226
60640,9.272355542477904
294679,15.474860984571116
109148,47.56007511722557
245808,9.201108015296839
166310,16.687890362505875
85450,53.82395104657649
180228,8.253032292933215
205177,40.699715655439526
6209,29.84973156348586
249224,26.93691365211742
223613,28.243064431221903
116254,8.478834538263639
84173,13.689940940989484
70193,18.77694318078911
203304,18.5362367082159
169558,10.275761894191845
169991,11.537915512148828
106216,24.149800805207228
82621,15.443928358187321
9926,22.794498902573217
81878,17.437896301380967
119849,4.463325259131647
10634,14.782983225091783
259926,14.348824550634198
167003,14.518184064567045
200575,17.795203529207956
289783,9.936825026959482
185257,20.536762354015558
125224,17.415539289374443
253182,10.305715041798063
236800,30.111501923518716
148880,58.580261058641604
143080,31.86866090461755
34738,35.52092641933063
47264,19.555759099925154
60244,11.764099002716668
278354,58.05810702735237
33044,8.694001001080935
168263,25.819401118866256
116886,28.51209419357886
161726,69.11228530749452
73321,39.61134770250228
200628,17.865835304830767
83493,21.01078876070308
60097,23.879207253318803
87663,30.13840210800995
20110,82.79731029881603
156450,9.268978824980273
289855,17.349453235074442
205868,22.61511462316405
240188,18.17652351708314
12337,27.588362049695775
53980,15.130869936703807
109385,23.02736685928322
157107,45.32883834495981
272560,24.756420313409908
172583,21.224739337562493
212962,41.026557049916434
37873,16.38174249560934
146461,34.372662496106265
135621,17.33974551441087
53011,10.357128514016164
267274,8.74638082224445
56639,17.91719887791686
236124,17.44103773401736
71884,12.785357021704659
290196,20.530140537106867
230421,30.527752670708992
29193,29.318274968520665
112757,11.713898167543768
91813,14.524897414743169
213753,31.913845076480193
288661,4.7420504518943405
8936,24.27872093119727
1345,53.03750407180198
33830,6.352655467402613
171786,5.439528395960395
101933,21.253049042376453
63110,18.0036677150606
114480,23.717319316117607
85968,16.655247451098077
82618,17.2860090449213
129266,13.225405766715122
229487,18.263694224764745
23746,20.485539826547488
67612,17.391371780404036
60039,16.954807456041156
47816,11.957238342285615
3477,27.429657374437532
272852,25.23937316248705
235446,27.829046631955574
84437,50.38998300044687
8046,32.72766622678707
257198,12.739589112694748
16979,36.6101770375746
287527,13.812747344744984
233458,21.726696578695986
293762,32.754421992251935
125326,3.5664415027352305
146274,20.61980504538991
180914,26.38143106489504
213689,18.59344351069047
60442,4.023744866764726
282586,7.377169758105463
133638,47.39738969661875
94695,15.142379964977536
130923,15.58413475342692
258851,17.599815576651707
94265,13.614795322137631
173912,25.421213367996533
38839,12.834240634767148
157456,70.64290098567213
3824,101.57843303450207
183793,4.502267495433937
290854,14.17921837377876
198069,33.063339386088025
129037,15.921608673796047
273819,28.780320166781678
137732,7.654881960376274
995,22.75142323153565
60934,24.079455633687665
167421,21.355517201806514
285357,6.4353490565663805
65492,37.452625704339134
69494,16.599834359923893
177480,13.269230323931872
133932,35.44364887202436
63889,31.798682530996267
20417,6.990541610480808
58379,35.2573699460182
55648,25.127455842533237
189495,14.745791546352066
142624,54.352346836394325
224746,9.172269230576916
249097,22.15147298501799
71557,27.980859440934555
115757,20.400123537229472
238130,14.942199570630049
167120,13.306277771582312
50756,22.069238412632863
217208,13.68142430895195
8386,35.33293177874209
242451,28.411815199402657
94121,19.317385162216144
210786,50.2805521615778
49334,20.525567942342654
284505,13.366350950016724
7388,29.989986390763015
250062,21.11461960181608
204008,30.564394089801368
12698,18.23143363453359
57216,36.249456333208485
154541,15.851451406594137
110147,34.32384510730928
140676,31.76497566897448
292067,27.1941945455203
58978,27.309590589552364
190164,20.564061765940394
48328,18.046565827753902
82373,12.745596966284541
260725,18.476818529725186
279315,18.50679287555542
241070,12.611791969258135
4723,23.134561649582725
223018,17.66693621020407
166204,14.7386455052688
209714,21.418834329215933
89481,20.185598790043905
283660,23.340247268796894
39122,42.54713145702569
181329,6.579107660973225
284282,14.399169373896544
167802,13.283992600448974
14226,50.19027454775064
257153,19.955481756468345
10353,14.759667555476607
244333,17.080875431382527
102195,41.34951860804
43972,17.367461510057794
224996,19.980676900699265
242775,21.133734640974584
161961,16.804008065513948
96401,49.69503726692616
5479,34.33544607412576
168005,20.088387871238474
6590,22.340699903385996
144047,102.59279801463293
195218,71.3982743697093
279070,12.235504958200288
20,12.819019321368494
258165,24.61313476169501
44176,15.056551839126264
55932,30.01624055226192
203704,21.28042285411971
160603,11.33818860252956
16871,17.620515038454414
113456,10.415450588920056
226247,29.172464023395108
25731,13.682896179626216
88918,13.40214892246913
252027,21.121930970098006
164158,10.589727925208877
127737,19.07094093772909
109243,6.0988628167869265
97682,35.437645778407834
140288,29.285617403311974
46102,13.258541002487984
163831,19.78192179942782
221856,26.74815759053988
152223,26.342106944405074
281949,12.075040820601032
284380,16.02927890334934
79118,23.62709606991583
156189,17.72379670854157
197523,18.71426297849019
58034,20.79338095642859
274942,12.040746798993576
219326,29.976341554546103
11353,21.496308653127784
217458,11.73500210604622
223673,33.31963865834515
285724,12.838970299322053
86622,42.96589117321744
283901,8.446631183496057
158149,21.296507720250755
25238,17.768488785818654
132804,18.75797040625612
251405,8.929334851580016
159421,15.11693819917297
190148,28.91248668136697
159436,88.17924329887549
230835,-2.4777118405780025
39966,19.66778630254204
278928,16.581104556005833
188888,45.08491351899433
96263,12.193941397637568
280302,13.508695822583903
143472,16.77056941389601
149183,53.129482319968794
199345,9.112170542525485
120260,30.017047600768862
197245,11.216491370557845
22886,25.049657843200315
80593,58.555453728564636
172157,11.330202228058557
201614,28.653537009059487
236505,13.276772860824801
170181,14.557681004073324
183224,66.30649212984528
50904,16.951612700167267
205291,23.566136200217432
103536,19.93224249928233
5961,30.748144190964567
219713,26.396345515104123
146759,26.854700031130072
166300,19.493960098760155
58246,17.262444797675492
274354,17.085507564996057
251624,86.91119853715247
90,31.70659426910583
71447,13.175297719109562
154688,12.068543514605766
189791,20.550163971871
282799,16.20802261635594
210830,18.580369040383687
59720,46.55100364464997
194102,16.81152314820892
297856,11.704324353141683
152933,16.393162664027738
267414,43.36613958004065
163485,8.610249979305879
118204,27.783318415721084
166535,6.738198614449724
184851,18.568537213150332
40442,26.16986731320413
91797,16.37219115144783
233799,21.694046281263354
262546,22.660806647314786
54344,18.293092647884414
97418,8.16380412206847
239704,11.69731220019709
81755,15.92634776090918
60982,21.206557138742582
151434,25.918067953885433
74172,5.749296590671388
215053,20.45465894017891
21874,15.701863464040386
256596,25.334809003706027
96838,15.666269674179173
27478,9.739978142299112
203523,18.28573870241474
248213,19.566666684013484
174511,20.393970077144633
221413,24.24758758230545
22658,24.096891118267635
131716,26.57903625788703
8764,17.148974147411902
137076,18.79000185000045
110213,11.42311880413088
154058,22.002758314052713
191757,19.54872041310611
220407,39.01856102566148
51729,13.853187591896837
132190,23.49831397773221
192249,21.712879373540847
255734,19.996241810384955
256092,78.18887164907864
145149,36.6298164986902
222723,26.12212501061927
172839,18.54954543512376
135077,12.296424581695419
153025,13.117364517685537
28938,22.004799266353885
288949,14.970934764290842
131048,15.27480765307046
46840,6.089178078416886
176388,24.459773594629006
276396,11.04105551392962
145548,37.26861731410992
6514,25.529842592990438
145032,57.619333540177614
283894,24.896390330697134
215744,25.446849855154333
116177,20.62755121236095
152456,36.516761263169144
213249,18.912257884825927
290209,17.222567348703137
240688,14.368720809795839
189432,11.477472556954396
130027,15.932845400860117
50668,10.052436107684986
223036,27.516259626488797
229883,13.579093447578447
238189,11.35639859042056
37331,16.506011743985
70399,21.789313155837952
99160,15.955071672942957
279125,17.01825230436111
133923,29.109792185122856
234203,12.994373465254963
155192,15.612106370948243
191197,29.400368247552688
61167,19.6696287689695
7111,7.812179858597787
275127,18.21138506454796
292713,11.419277330388908
255992,14.260781639660365
244094,38.409591674618575
277567,15.956201790045185
140677,34.08862233536708
45161,12.294975460546983
196931,31.675678534392873
268954,12.90049352906314
56644,35.949069040944174
5331,74.0146372895546
208157,19.26676747863486
212975,7.208661399717446
79938,16.442492465894624
161517,59.29553482822852
280036,14.28233339193681
120990,21.556352194652433
241263,22.62109242470052
82482,15.669524177756411
242380,10.035282997159879
97277,9.591786491194316
223591,6.398142878816909
272102,17.03575610839314
262784,42.82551344839323
177504,34.44121935758364
230651,19.530061397448726
189446,20.030304928911185
253727,16.195968719287603
150299,18.459957192413164
164178,17.91691065793511
241849,12.116535479106314
260395,18.83824248861842
280396,18.123572450250585
223316,18.721956113529064
54090,17.719236794481162
203358,32.29073729358359
151351,58.25889827685659
264952,20.037163842216465
82328,16.99802700163172
113169,28.55986522274597
143361,11.197461899080349
62412,9.801663957970355
27271,19.566833490277403
157219,88.88128807632589
128824,54.76352089435188
69608,18.778418274457835
146006,61.31187935401485
136368,20.30709789654124
283352,18.843393610692473
73319,31.453265760382394
228751,21.513411722170108
262003,10.228391068710815
261984,63.39161683457056
236427,29.50948006855149
73839,38.305570384948744
185166,14.285590322014475
291969,11.714783483295683
56562,25.75849662243111
59162,24.386926271511527
116277,21.570762155533927
35724,16.49334821791712
236207,25.77726535775257
272327,23.501435476538028
181365,18.27182677487125
169236,18.10525310866965
262990,11.946890466750695
280526,18.210049086441995
138824,17.157651221836964
252339,12.893168712453292
143581,32.724402173267265
136830,20.722237339942716
278873,11.626519325357064
88044,20.29128142918864
18972,10.042084800597612
48512,13.184793821930533
89871,62.195330444783956
241490,13.839523412936853
103054,12.31515940763021
91906,13.796994059128131
3186,21.702183991619272
128251,16.075284336312357
110359,39.52998190700284
82884,36.74826586684163
117452,17.013884728598295
161268,43.36579516330841
29095,20.112943988435262
144953,79.0963910147494
289926,40.925581769720516
33263,40.13469858593306
244652,15.870473462040735
290170,18.131491395014898
175588,36.7051662438981
78365,45.38307956667918
208404,7.223214591694651
92768,25.417458077294537
141836,28.078310977914526
294426,17.910135944768804
200378,7.977161642486813
43609,14.160351927834082
76638,24.958800515160924
123888,44.25368289272928
261152,6.427642296486587
172779,9.054357311918434
95901,47.502469978482004
229270,16.95805101735219
83723,13.365409680129517
42148,16.793355343698092
262834,20.890997111312856
664,30.68978599319498
109827,36.43465649171759
78354,40.052049523714
10396,22.337186778811443
121196,20.89500054132931
298986,70.66047892916424
147317,102.42045513940809
144725,17.766629751829782
39701,11.336224661372693
93522,13.314270603992037
239526,28.608551915038916
298283,7.538305375288999
169799,6.37027408000746
52015,18.157228468966274
160752,58.400347816007304
255100,16.265254410588415
185955,10.16256850674197
125113,20.380024902749128
66942,15.00870753166113
15942,11.94015016261218
24587,23.865329317092062
262867,13.0727458266367
192106,103.63574686438736
47328,23.560440966071987
174422,18.472234603084665
121009,11.479287225708095
91670,25.87118453709897
299361,16.453333349809743
13855,18.82212454597301
815,10.429696114796062
10307,34.37038632372583
132523,19.21423882654434
169550,62.76643816208033
26449,24.365378362953727
106175,18.135285864713367
227268,17.76561346124797
208360,27.124766987781967
278032,19.511520581251308
293636,21.235646890182544
260324,74.6566932434855
88378,8.412628738271373
183075,50.30952055206276
212556,18.40847960863423
137554,49.39348045891659
242896,19.08875589083791
254314,35.97763851874726
170910,12.673603527755041
5233,33.068440498478175
129472,11.179180635874124
278206,34.01481742265373
211085,52.31785844566496
199148,21.33478536647108
208011,14.372532124746193
44703,23.507581768091377
286973,19.154407278217676
164163,18.811008939247117
195504,75.71936368127876
10203,17.39695440701245
31789,27.977919210267167
212484,17.734977667183017
60343,13.237124917186154
87840,25.774563732001493
203822,20.91047919042865
101542,20.483166251089933
128892,89.61209660353515
254354,21.669699405808938
209463,10.442575902004728
40255,11.991489008500988
173994,22.213261826304098
167266,24.049952216030725
97781,15.016147878567658
173447,26.645171697020047
52062,24.720384879213483
112041,20.394627115036386
166541,11.276590455624287
4431,37.0320422919785
35799,10.367421182995663
35469,24.861835331712197
5657,36.170781473207974
242133,19.67367879077667
85154,20.981632505888
5946,25.83934241266727
133990,24.527737951288746
247799,10.527082632930513
169811,35.87305563703649
169288,46.09560117296016
283786,18.16705531701009
78618,32.31252877201664
212823,37.66353847968407
60409,38.27743315769393
118298,13.226022312650592
276287,9.282685744806923
268738,16.981046456642026
61035,33.0094050404541
288387,17.9350538142756
233236,11.93454052425978
209664,26.147546173147376
90948,16.612437538449903
95303,17.75470870927239
220739,14.790216049376024
87374,16.675645363970393
283446,7.670342557800376
273955,16.67018222822352
108650,26.148852763998015
145775,101.7248990516575
146902,17.871731251049155
32739,16.81418302367026
27274,8.641333490138043
82403,13.831678262929838
95524,13.335955459921147
28683,19.950202276751583
95448,13.831140806766715
162580,4.061026584305223
213998,21.58464263909148
190292,30.72652817437045
2093,66.27099026837669
253863,13.302077962646717
36414,12.820731131655297
290628,24.61776980969956
200766,9.42706461735354
68557,33.12647696511955
46769,9.452775374829017
225779,22.47114752329142
45942,22.74564600467398
71732,14.278051625232848
170089,19.341411713948187
173446,22.854816144881262
275024,11.757434132677545
106560,20.232595281651243
101875,22.537541744318744
24115,12.073542947625185
23172,28.79194055557857
96551,13.620537588839603
125275,13.4172049786239
54293,23.12620268451599
151764,17.00125200511543
20427,7.811128171155946
10026,9.719705956541034
129144,21.721549100660585
6216,41.494679615875945
236012,27.62378506862038
73531,29.479791431354954
3446,20.675480755547188
220761,14.395123129257065
223569,18.504156410907992
37335,28.103619098082547
227504,18.778989293003683
274087,16.535357779925434
74477,19.012744693792733
217938,23.50653673622726
38302,44.82840428355517
265968,15.328203273537788
141561,15.330227278108644
191390,18.34896878361541
116187,16.64400099131698
224143,21.994408998712082
277389,9.185247012317223
275189,14.933965412331364
41094,20.45632259136135
284528,8.955381232094952
102388,22.978865314646498
289337,13.13378524496622
281951,10.883133960996773
179561,14.383970060546918
158136,9.05870117778028
144253,102.87689054858171
175506,8.130124143812118
245228,22.928231819772297
113443,20.737661073259225
283972,33.73314513364646
25801,17.640797194135818
103053,15.582480824989712
235402,23.801553624358604
185507,19.924798544758474
175225,8.586877660099777
151940,20.051595891073358
204124,21.461726563699646
273347,14.825510648674292
76567,8.857069841539534
209115,11.692575405988741
190708,16.040705587543357
296641,28.88766932546493
255859,8.59328155034411
162190,5.768365739315424
75066,16.095824980574992
108328,26.15469521929052
241514,19.682146941391785
236319,16.777840894021487
157811,19.668539397493152
249119,20.399002193617168
92082,26.95778644621928
97582,17.27782669055656
87485,8.699204591968694
243766,16.61376593406164
100576,49.3355512271695
224643,10.004484065524798
47562,16.806461698275108
153767,33.694228106586486
195926,51.100150529340816
137319,14.324010381746351
63198,40.52306821080207
77633,28.268157275903356
234040,13.91817406265406
260109,19.102482805773313
173641,17.52801619515594
111446,21.026909153839348
74679,20.879718750477387
174134,20.062933270444276
266360,22.962463971768276
38222,17.085144139961702
151970,36.390037881992946
199566,24.206091422470188
266632,14.104845532596308
229070,21.086891140974302
146595,36.85628547034259
192139,17.86813251751782
50894,9.33520551659066
169770,18.22937807399731
116198,21.24734804816964
293273,13.581051169816558
209876,31.098540256372353
243346,30.634714710469417
35309,12.39689647062523
9778,28.45414095675342
293146,14.771093225926084
92454,8.66823294854956
144937,78.23577494936555
43494,15.445986417887383
66867,11.109830831830688
230786,23.083630173206743
169965,9.300171162733788
133276,15.167631861757506
113756,22.658147120768078
85641,23.82232870055999
277217,11.738504869134987
67198,23.29898164930765
143139,19.141592555082095
182313,47.57701020666078
85913,26.588186829256777
284138,15.616466931299772
194935,17.51602762330809
219834,17.61027829759005
24507,18.222957316667852
70336,25.63497959933362
271960,18.15491646819953
246563,28.43391829112624
242857,49.36856964689695
161728,106.03009738529127
208379,36.79430453067178
64169,21.60496447767857
207476,25.34818576099199
287436,15.330154144102618
207034,0.6932657212530611
257534,7.621663290494352
143316,16.335345216933185
121681,24.076609976594778
194485,19.84681860160974
123784,24.363678450884965
162382,18.726362723232825
210943,14.102894454690706
250292,22.4808100346446
286587,10.974447936290835
280311,13.8864970443733
293521,19.548781745233278
61372,27.296779335737625
34106,10.242492337251228
31438,17.998747274748325
47610,20.699098765912208
291632,17.376001655167656
247749,20.384426791411286
113640,14.496325895632175
175976,23.861530909641374
85566,12.191080492435422
187714,14.192729338953676
205573,19.50271994080515
263177,14.502235673222643
94870,24.934815133675187
125960,15.598226339150912
6123,13.569007716628036
256839,31.57679888608505
64794,47.25583661559937
198193,19.562633640191333
182208,42.25993112496271
151949,11.325040674218553
29528,30.621844455210656
113662,19.65394420100396
104114,13.367256982916462
73425,11.48659785490953
69564,47.67644553613059
80384,32.43022090233937
127383,22.037863073203063
228895,41.20583977851819
25834,13.804277494185243
18916,21.054993677125502
222363,22.564769832574694
2929,21.43858884257282
34590,15.09753735841684
267390,11.239065724293134
289874,15.639530843257234
53142,15.186826891502523
66781,17.46201761498025
78964,54.54110471251145
236759,19.819865661453896
267115,24.706330967958685
158605,21.381866602665433
155657,4.344096295432008
68384,10.139470845696199
299207,16.102610222743614
243162,12.48664508452055
64703,21.239410781839258
149986,59.07460411007151
198484,12.879302439480306
55478,62.221682646510835
46826,16.501849666689335
290171,18.37261979367804
31492,16.450217277658844
250995,21.234143136044075
263202,14.09343629486736
173821,23.156524560674235
215239,21.194333049058663
67162,14.052389217618767
126564,16.482895189600036
178997,10.346962372576481
81652,57.577253953051816
261758,8.960394637380372
250453,8.308387873110135
167782,12.962979469047896
4893,7.2927814676694425
131227,24.283842242249612
49342,23.671966308047885
29521,21.938779828182234
40722,49.9345562299837
37783,29.472096158197537
23359,21.00218197836596
275859,35.60462406845286
108681,35.793722986380516
19942,55.30091901097194
28211,20.443123196845974
190415,9.02450000733391
146879,10.88097489441422
6886,15.259321934367023
188079,18.1262094074
233681,16.336244137336344
249689,20.73647304668704
109095,15.545897480105992
275645,20.3318577160575
142295,41.17427983148114
193815,24.18251729994026
206221,13.279057970657327
39882,55.18969566611457
156370,5.752599171217351
141036,16.765551440208636
133562,24.462909948072557
89648,10.571587974717188
273804,13.001662874313794
80697,13.527639229455563
103755,33.453202542874486
32115,9.7806745969977
88487,20.45360539234499
199602,21.861169434442033
184977,14.864832150079213
82541,10.065218858589821
208531,39.681201247812616
253382,37.5958686804995
73791,18.494479564897876
170189,4.687157825353161
159536,7.652904546928664
189009,13.057781901991424
247751,13.165582569964627
65413,15.377412777862055
115866,6.753642998746352
52637,21.28019512418275
287469,6.862815267731282
101998,12.442280131242345
232138,18.11363550468692
216939,13.162220628171562
150887,31.33119531632621
177366,89.39742730586642
54505,23.30327057854895
202549,17.20952864479881
184295,21.097357139303263
100019,32.22267356693767
217448,24.885047409930717
88704,17.463767294132328
16221,44.21596973699936
156986,81.19833758614197
244726,14.361888590062794
204407,13.770075883213572
119130,11.985520305221565
240990,37.53420021003798
179185,31.75805485692215
46059,7.0276138983163055
271824,5.771027875380213
216802,14.610520862470686
200207,14.254896992861454
80898,57.025941182320274
156341,24.481792713843106
258038,12.814659269709798
276261,15.547189024568276
169266,27.437628800138853
183484,21.892016641681458
16283,22.535689249266056
232506,15.144784174868313
437,28.105492126825894
59103,17.83726746034261
96268,14.01056904650255
282302,11.852847431764218
42717,19.455734520801645
279395,22.200740931429635
54352,32.19488862285112
256702,10.74331266262703
119322,34.07474727571451
59802,28.237373771125412
208361,26.396178225456882
256801,8.259299819175968
296269,16.0081246611937
45,13.38262338465681
103186,35.88031290817246
72128,32.93415387127038
33399,15.017130901571058
73672,20.763873937851685
252690,18.458138458261573
41574,27.406553652013073
103952,38.31783627957347
242403,22.238753018416766
78659,18.16730090771866
249055,25.097544895202685
237554,31.149724991492825
103098,14.104482719801211
261085,10.992619556153254
294693,25.072988233888772
269588,52.034471101481465
83677,17.570813333004534
296213,8.727203137624011
281114,9.218480629695678
285243,11.947145121463073
223750,15.000897577985711
44039,33.12860060423092
115449,14.13169692053884
79779,28.14872937909664
182894,12.047032744280145
993,20.323927955686877
261881,19.93085859020298
166781,14.839550738504755
203175,29.63208498053016
172193,23.840778949887323
257303,34.32734793895707
185665,22.61254228600312
107488,21.543208692363834
190818,36.62128162244738
249135,19.252332477898065
280632,16.30238533524109
41117,13.125839566795625
269699,21.608313058723574
240934,47.791536229389834
123490,16.260889445458968
33419,16.40488105377784
249712,25.610511485807564
148885,41.996473546141054
279246,23.307842887132153
284356,0.11901977968883815
23144,20.18434498371237
292040,14.381880832673392
115404,9.344878410371757
138483,16.158610830865115
200793,31.134886867844564
295840,16.540811104325275
4886,15.959410394955878
281727,9.784387924727422
171673,27.99068421564146
262974,16.107992734620694
277302,13.92107030091491
179117,8.673009016222892
21946,20.860826643353867
107547,26.839971544966257
33155,16.11692844516237
256475,4.94914891160238
119336,36.829735811587035
48287,42.40475373493829
176016,11.531233011084472
269682,30.004803617261672
221190,30.640619172272714
72937,13.861945880263136
180441,26.827942085195396
103001,19.546175584262706
140075,26.43550304607505
158170,23.537590538720387
147133,21.170669513499696
169609,12.302590583515466
295737,13.867320278697044
286800,12.730276637050281
259124,11.43277800598974
121563,56.21143973558927
47164,21.520382697597334
65926,26.610191446324787
101382,36.64447945603697
54557,18.511540671136416
76316,31.753674493798705
238173,14.518003541608849
289370,18.049855040399237
80337,12.798191590984409
99112,12.549501463184146
3957,27.6133771040883
122915,12.385521549170162
174921,18.729190609683364
266730,17.51749732947527
96166,18.003929288494238
214490,21.951213302221014
119520,24.551305430040543
24607,19.010319193356587
65750,15.836436065567476
250529,16.453005597368808
25270,7.533383324855405
40216,3.7320974210048474
286843,20.511510950575417
273278,18.255864758307172
164683,11.690312268222792
196199,74.37176281173817
110422,22.25551901866713
195532,40.685317645446794
293458,4.839718164323088
143428,16.820061479005812
226742,43.25378790750346
29824,34.007112053854016
40155,70.1568055651916
83752,21.130872548122944
212233,23.794603988395767
240959,30.79909301386811
103633,33.44473150909184
174161,29.493727858115047
28873,22.79518699442583
293386,27.302633461361072
229129,14.124894051543421
221286,14.086529594211282
272830,47.20349670297407
251029,15.751104857839252
96176,15.900538061060356
112555,18.134093585912787
136956,18.84223255406924
27394,7.15156036956831
98670,15.313003874868336
261274,28.581587256583326
95897,17.899943437849487
246807,12.262962299868342
4978,20.097451168245065
89617,15.287717332406515
36297,7.848561563340462
88502,21.585138691366012
261819,10.833701498673696
4521,55.27860338523274
15473,30.555925975310522
78439,18.124133985604196
162767,11.330733064818325
11380,15.147212628751078
155195,48.73014380540548
49774,17.026387579944306
11660,17.428139179134554
179027,8.931685636708947
95617,16.742704571502664
91669,17.68429017886009
286757,23.127237994341208
42812,26.893900775625198
104769,28.53301493691202
119777,11.25334940794665
277659,18.480609690532315
43809,20.3625746664162
267643,13.544523381721312
145400,19.450634557617335
25272,35.50625109207856
152312,31.042899781111963
95987,21.682884858155234
109161,18.684961946311798
217621,13.972936552019945
24924,29.45934929698184
89633,14.155855117430487
122004,10.431413572565855
279162,20.65164702079251
290530,21.611556851028247
97614,10.60717267687972
98257,10.878446927158691
85449,49.328778279527135
109921,20.426622379648386
192158,11.985465035770574
91482,16.69158432523621
17515,20.457598946522552
261312,18.476068215355248
229364,17.242533790393672
277363,20.425377804124526
151980,39.86001213960746
221129,20.712143494147263
148972,17.61440694699227
274198,10.752490535012992
233752,14.363945535078479
242678,14.772562407437189
214551,15.18516826462955
158894,23.31288933916273
167448,8.350389886796197
196744,16.366836353287333
205009,11.606693299307334
165073,19.571994309009227
1388,55.03628291913456
299233,29.810400348621634
214685,20.903905266714983
142500,57.87183745202052
267053,21.0317844510839
143189,12.723712792584102
258995,5.937455722234564
34419,20.783393571284638
262374,20.755381840976874
185945,26.93447069846129
37632,24.600306887918947
206808,32.50414271367972
51097,37.5069640130836
131764,26.11972324585117
106774,19.364212902216615
56122,5.933919676675073
290076,9.348393554133985
169471,13.591685410229275
6756,60.0741081889547
182184,43.164512385010106
17961,28.759807501158413
101738,20.9732723441869
172537,26.213831587852336
14629,12.010360148563272
161240,74.77795979810918
186670,17.994058580492105
126891,18.47614203023084
179269,47.719496239881884
72054,31.1683606330717
56429,16.259428119013933
10541,13.297222259069276
50816,14.689877217899156
51930,30.805404888664263
230723,17.513820803982654
143943,32.60757786937399
203277,17.85482069730682
97132,14.962546112607725
135798,14.97803543236898
226935,13.064270615354458
55525,19.754618014895136
234568,20.321417887069273
201847,17.830158495656654
208186,14.577697653979826
280087,16.545318211767025
767,13.148148024785346
147552,25.874473079057594
34063,19.53931201171151
236685,23.40056016917209
294655,19.951819044738137
87392,26.063631921477473
154293,9.339253778707182
189947,16.44151384674378
215884,26.09970440397597
27169,9.846749711271912
102273,31.71306841264721
101355,8.522966934099525
67873,31.73401856490255
18917,19.377410275290956
134901,18.22014540155294
251311,11.622628429564362
147335,27.489388083227443
195310,54.1326900776873
97908,15.288583525373724
5441,55.133507134242116
102132,50.16847401932809
87682,9.168960123534319
126030,13.297855074929618
120543,15.444777470847292
241865,38.788642136549946
54332,20.739912728091415
111902,27.663998053083418
51368,18.016160818651965
89111,10.653186077201806
133834,11.802333022386499
118400,11.78683031256521
6942,17.530134358052894
205855,25.124205129367958
22745,20.293750588385812
102102,21.867767626862808
267495,20.76570828219598
283117,28.61248010551619
94716,16.334125839599526
169306,21.737107884421405
151364,25.828334513469702
230119,17.684290226379673
275397,72.89203039424757
155333,13.980042257046684
180736,37.70744500759528
43952,23.86596066092585
55186,122.71688279614136
20780,55.28111763448538
87986,20.777703287860465
129674,24.55774866833044
265670,4.972951509054923
99610,30.982996879951457
260969,16.477611528131217
263765,14.529900922629167
176718,24.033688934771835
222893,16.67219479897211
194637,9.031378054104568
270771,24.172863765742186
7495,22.832935859744605
247962,17.9490361677238
92173,29.57023950524735
95824,15.781768501409061
35503,23.765878777217562
59916,15.436077213530925
163370,17.875862122778322
241489,19.413621190580713
159376,24.34544092469175
45231,19.539139448681283
188830,16.86443981156348
249734,19.676567536994707
295691,11.334444332866404
197191,33.27818365385591
251593,23.388428112910482
102211,21.58134912454159
109284,38.87892728120876
158014,14.88269867741024
258862,17.16418382366311
143646,48.946691756055436
107505,13.838303894928657
137090,13.132922438209675
122127,13.580328999097874
119919,12.353866355223273
270845,31.788518675061837
283113,27.967878656629345
62854,41.22096965293782
133779,7.451679754739377
103070,11.381426886809184
181442,22.38615096493348
51547,58.235830119811496
292546,13.045066690123775
292294,13.098174818291842
188486,19.50839762006992
125530,9.632018025448815
212633,25.25760810137637
181176,28.05079389236747
122632,21.942868709558923
264222,10.364878840629999
158537,9.144191215279918
133009,23.38534107666349
5767,53.43562422402759
46004,15.93893840726468
85790,16.809128597174663
207791,30.233432917423364
150966,10.320216197562438
164105,13.080798140849417
117480,7.66486290261698
109248,28.911029008634763
134157,28.394805592393716
238578,22.587605855011034
150062,9.732777200578877
22935,33.03127623542056
298420,15.526391044579878
36515,19.081473867762533
200030,15.572265150454655
205517,39.28741848478699
86050,9.407969461741144
225093,7.747053155281803
219967,23.712718940965033
33338,18.040578881615247
18383,16.617197720040252
112796,21.327851223973532
57513,22.88424040434178
38539,13.614986580651788
250631,23.629359211594988
17338,12.919951157883348
131541,19.675099728163257
210594,16.147761176395477
181394,20.174945802104432
4591,23.883432206566184
7055,36.323630893746916
15455,24.769198900842163
183014,24.882688906756357
195155,61.06262799693297
37733,26.29654754514256
213993,21.666934407774626
52217,4.597091289617155
59773,17.662239942614352
151259,9.000566908979064
82676,22.774913582606423
208829,26.51560164208492
48581,12.513445666626236
32718,14.9904824955881
239598,29.63101227028813
264946,7.095675649179364
148471,13.962272720217968
252117,21.30950058729863
220977,25.0302986222708
97121,16.512778352266857
21608,24.24990982473564
32623,20.689860150181133
105909,17.05836033101721
181555,35.35957899740871
175274,18.68334281854608
9663,37.58332984913915
9182,20.20183431498713
294318,12.016856021500498
54448,14.736112213350872
176524,19.22835005979089
122192,23.279320512694518
248611,10.827025175647156
64220,24.56182229603774
218950,32.83328058733207
175563,16.74777130562039
34220,12.24993069079094
173674,1.6104864460367132
149311,75.56064137282331
145634,33.5374523024084
93113,5.698837824354712
293933,25.274021191576203
162253,8.969535694700593
115069,19.397872234199664
82199,8.774437420993415
103494,19.987557108149055
75701,17.673599050120764
123928,14.025602169811428
186386,19.434079400461556
185051,13.747776607890984
49108,14.386821484842208
260266,19.091953867418084
29602,43.98643257721232
160783,16.078653785590134
39141,14.421901496483194
226998,7.513570221161913
194025,17.56363127349333
260628,12.357624384283874
25623,10.734124503312607
118780,13.530470027995552
11445,16.211341138103794
233555,50.45039545879518
108354,19.31039804182947
107470,24.258747204971193
77741,4.170608013269749
189601,21.96874055729831
14916,11.18333747504493
21919,33.923397974937465
230969,60.30413265640021
11327,15.396342232860235
206004,33.2364973655207
255735,14.996222370352196
138336,13.500151979459167
20698,47.29157909463564
126593,14.661945810875928
14562,12.674524540744558
167113,17.714594408112035
249923,13.607331174452325
182893,22.927689211577512
165078,20.606721286458324
42575,0.829333407489782
126719,34.155417117289524
143018,23.449392658497786
52996,56.06687698763552
91837,25.766037540596344
34051,39.596587656886534
272759,22.92097801044923
113349,15.040354316338423
94357,21.605207222147854
180063,16.42425771766376
232935,9.329539113117146
135924,63.458967007216664
210936,21.40220781253812
99958,-0.3958521529424477
152908,12.358969847654583
259311,9.541016771747874
69570,27.77400739984602
280413,17.54013838494701
54184,26.40758371402869
248597,17.18484941439919
19448,68.21719095294264
112385,18.284317635997766
268863,8.56669114535849
190964,8.800255265774116
204498,45.603238182764066
292685,17.794386911239265
83741,-0.1485938381105365
153184,24.101496566107247
238099,26.802096008663437
287655,24.645706010986608
109360,31.729558202305128
120859,11.65826602330095
204192,23.25679091132127
55017,25.91320137510469
22718,9.476944368956069
54074,16.30535009461383
209994,17.638536582476064
165677,4.8046662569648495
285833,14.524526047839025
1809,60.30869290030365
28645,13.897871151537295
228212,18.19986519405905
194145,28.242093188276634
108731,14.690356410192429
172798,9.136510713628436
204629,17.769645045329522
188953,18.420460355055
28446,18.59699592985435
106743,36.82759094463373
229680,17.61238638564953
182120,28.49816930742916
219752,41.262044299698736
277141,18.944976511952497
250823,50.72948467934987
278417,10.137167307272442
38961,14.43464941954143
180941,21.78296797289486
222874,10.841966566783967
115913,9.521542360812102
173325,23.6685269235291
19682,58.13301712921967
274954,16.236333798350614
93961,29.536255310247164
296921,16.120607194949898
36119,23.27467347466707
269310,18.86690797798667
9107,17.56815533309443
63983,35.466950552482665
280368,17.46232917686547
233689,19.658473100148427
168150,21.234169643533193
133126,22.20693897478518
261436,16.85429392958605
52224,36.40059087835438
164289,15.264860117392438
288715,20.20660718988018
246515,22.811227204625844
26997,12.890807802820259
13124,21.272439515413453
44885,17.54021219095442
138406,28.2686051924886
283668,21.45905375677439
7164,40.48380602163001
62265,12.336037597602004
94542,25.319816315394156
220539,23.905568345140743
158565,7.199145470213544
150113,8.319034781673995
68616,15.612668758724936
231994,12.565935392051546
265188,29.536030490102107
169352,13.183532842845663
78165,22.729857340075956
140237,10.303837967542094
46421,23.148241613647585
59233,33.10997293859322
28584,19.422481929741906
148886,58.1824419526642
251098,11.40268258396064
283149,21.863289529580967
218353,37.32441040016071
195152,16.87453989710637
57009,30.355021926869497
179784,23.303147652690598
37167,14.672726814677695
89258,20.71165582855545
111275,17.680121734443787
261124,18.385442872593934
162392,11.380603640913858
81397,51.44493496637188
132245,20.686180979213393
263284,15.088862713783424
80466,17.15752756644229
227101,23.016399326885352
174155,63.47293676862821
268890,5.685751490372574
250914,18.527984620181293
55228,30.08883992295643
100971,13.469370791500324
286111,18.542472167045972
62316,13.425149761326516
111992,9.542121709199604
73293,15.385188581548718
261640,31.000450337567663
160725,73.976734682526
265109,25.63895091984221
275491,17.772852332695507
196135,74.02828257863112
24931,51.401408528879244
22803,36.2798290507606
29071,11.255953530322635
199396,17.452210963897777
149252,10.897836178538004
74578,18.469134138129558
270411,13.83273159818184
10838,18.97985868415357
101173,16.699063385505916
40752,53.95060271228386
271169,21.686369355458275
105427,1.0464193748153572
251981,19.841502767658202
282087,7.069757355719599
28504,16.207558207847963
268194,18.11318418055226
45451,15.203317234194238
28520,12.511591571272511
144060,23.963934165732404
111839,28.669041723332892
152569,24.921080150814817
157171,83.85438129616955
215131,22.60996968211976
116699,15.523919417565338
270947,18.89512029585843
56742,23.354081821849604
60744,22.703051911164756
76973,12.120839819913494
197738,22.734799927801703
122113,13.760082512118522
93421,15.775902234089763
178348,14.174932620243887
101076,122.93687628648217
242118,29.297557127012553
60528,26.99254846310142
202555,25.246227739863482
288749,14.529322072497653
145494,55.306788444806806
159734,21.27412192853216
18398,14.819134628888321
284508,2.4918399853737547
266028,10.777638551660408
52625,41.76438303459811
59906,25.016591525649154
93111,21.503818138266105
60818,38.45061679657911
271946,15.860895688942826
106451,23.460264871663814
27330,11.13849621786355
251294,15.53920198503543
42553,8.394227734926288
273959,23.80573286328925
255872,28.648896113587522
104221,11.97094341588829
284239,12.07344480823481
272503,15.742592734308793
197773,51.798285428906475
16712,9.639532551613813
293366,52.42710874928
180787,9.347099240049266
249340,22.08179675842498
146379,17.19525169859348
140719,7.571765234942053
197324,12.168629817193027
238651,2.3320616717542695
251578,20.906325031574813
117253,22.590307212734466
242068,65.7546673128679
83876,11.591458108573061
106090,5.210807942951547
42470,12.020122018900981
83396,18.80196396421028
11643,27.100171114787777
133012,13.995539377455657
102489,17.499577045924504
82412,8.742957017110921
19547,68.93628950908894
232897,18.95996725389115
98611,8.732964532437624
135791,18.901811688069643
28889,15.781364292616619
6285,31.85342309960211
295288,15.904962903837632
216758,12.759500020242971
11391,4.625322734432478
76705,8.123147623581799
55437,14.725121434904644
250305,23.912752213004573
289556,10.776929391007886
65249,16.22973146154955
140600,22.572603556285003
94201,123.00867092731545
66847,31.249837618560896
148025,53.29538805686189
104640,9.403972461340771
122956,16.7985173716123
268104,8.446631255892068
290301,16.884118314985493
268310,10.372379723273914
265444,9.147535512288286
222823,12.959476640470328
43731,17.636778291127207
195304,62.71328979210801
109397,17.439122920698104
206348,23.79063275614771
221624,27.40319293123799
43120,24.079379700870515
84870,12.761130327065787
19171,57.13031234585592
67156,18.56055301434842
266826,10.80411089377549
205228,24.941734488843963
254463,23.820544409417373
39566,69.64116980893252
140080,24.848008905367738
16789,18.50362782836536
236992,28.140042665299063
43660,22.17278062489082
17035,19.6719257062924
255623,15.503967686168266
229197,22.91086553287736
271247,41.81129949336437
164977,21.50701771378361
92613,19.345843702828123
11466,25.124519024955333
261985,16.866706111791892
156266,18.035328759865873
112834,19.840046936191694
9706,22.025173239683234
127499,12.996613101099022
186410,24.130885687229274
195647,66.88786562682205
242931,17.347085070245882
136508,31.47282916676363
32663,18.92147382204789
103111,20.48687441671064
24964,18.407002324492105
93298,15.412872948831968
133544,8.584925819039052
94383,23.366697515513607
51878,29.555611496203245
173019,8.738404605410558
122522,15.750767487859243
146100,78.12074504718126
39312,20.282516150459315
279224,27.330445773838445
47286,20.09521928734585
238259,10.663846138660269
218587,9.547779150184358
250905,11.538520198100493
113807,17.1840277560812
101761,7.414924804426157
243388,12.488426858245788
272878,3.673329475207935
15099,23.17530803313897
145447,18.42135938213533
133396,20.2374257866148
240343,8.009444926202775
237022,18.510063373449995
154975,16.047009611671832
60076,15.657300787679379
182212,24.42636305427706
74418,39.93936806971738
47571,14.107213114082064
87335,4.96198366082175
179367,20.29590501376193
182908,19.83262480371029
110043,22.625799608722794
50958,31.23257088147173
191492,6.895989742609208
204825,14.056722653921774
144395,32.08069882735915
283256,35.0133612655838
230112,19.46837478379917
113418,12.43240209550543
181791,12.318408598628174
129912,45.90372439335597
127797,21.232699381143103
263812,20.827221260791465
161412,12.386130766058235
34556,24.296233073038607
278903,17.683460638906034
284054,7.096063708348293
151892,8.347916115058768
243806,32.41161850565373
57540,21.515337013934044
238409,18.754987556644835
32791,14.586107746548024
57370,24.107088944170307
214014,33.43229871048818
209325,28.86588518750439
165769,34.80324445648076
231057,12.184283995014546
284989,14.366102210185609
293370,18.56948862115518
93144,6.11741605042832
156936,90.73269030933244
41195,13.212045901300542
131485,11.836430457890378
154216,25.489382675848525
154056,20.784944370723338
182913,18.86431573407004
203465,36.81329761097171
297926,12.111279208116002
50774,10.087317476414775
43820,21.751251773039023
254120,25.295374036353685
183313,34.79743807611042
103270,8.283712464473354
111063,11.185642412684608
18172,50.797363595114895
150783,18.202865402410215
237088,37.55635137336505
191253,12.729095827387246
93301,16.881634816270484
281130,9.218480594614313
161001,53.15453452493373
294250,25.583253348259092
49915,14.33069313340896
71736,20.58670210311687
29494,26.49049754747047
223410,22.396234850878464
229046,24.512644332025026
150304,12.854688010960315
240256,39.82662137879143
173611,20.277739715598223
99669,76.91245027720538
3905,27.4390956644503
105214,12.834064562513618
69136,14.555430877969133
182366,21.23108508679061
233465,27.830202383364835
201016,12.210835701386923
41311,41.004847420431325
285329,13.878544107180645
50980,62.26741624775578
201314,39.697463543415786
77238,12.72802679663894
19757,62.577173421980056
145022,24.379702767200936
18787,55.237211676677596
171190,21.802231859242507
131407,10.477334803523924
29565,19.580008193721174
249558,25.26458421731629
221169,20.32984954732996
266301,11.183114495080968
270598,20.781949068415884
108053,16.97500495557598
281066,25.25588408401631
187499,6.73027354811126
108329,15.719215744893916
29073,15.372968417384172
261093,15.296693084770698
233295,6.719697477184617
266585,15.258212398711638
220322,17.50490945313196
222623,24.750246523498156
49240,11.173641323704736
159229,10.892430337202185
19311,69.08722344762018
172342,32.384282580460194
97874,23.620585521996283
292777,17.36179037722881
229426,20.534767629599823
48441,20.120276384978673
14441,16.976420317072545
89700,6.254875728708358
74060,28.966065192002016
30587,37.25117956788739
82088,27.93403413154397
9428,13.413765489794388
172217,25.189401937077225
14371,8.833599531968998
65329,14.90928335219457
261871,22.37654373631895
20438,13.395483267490981
137868,39.05052020961735
41013,16.698162060498717
149040,16.141470449235726
187420,15.17146492689401
144644,11.301466936370272
286068,29.471234056199897
92326,28.281835296767625
11731,12.593119355252165
72942,16.104578976517914
212805,21.048427729755225
59351,12.594115664734222
219379,37.693865383633465
1655,77.50250677509135
104811,7.650659867123373
112759,29.463788622323925
286454,48.896676809061965
28092,9.361411886790362
158206,12.358595996072232
199714,5.528031676998987
173186,12.481335423650146
174024,20.91492016163612
104888,10.186473082076951
278313,28.529588796552158
159548,17.302357408849524
118706,31.30149442008595
227184,29.19030655960563
115204,22.569370387553644
78971,38.570498584290156
13269,42.31030231476216
72110,23.56917436438735
89324,17.691338747071068
144605,13.669703154703733
116151,29.444105661278677
214121,51.80241847420631
140191,9.824112734209285
157368,94.64044686747809
263809,26.109060255755352
171345,3.17694542989463
76143,30.592750353362028
113944,15.900547793345627
54777,13.700156115277935
6765,24.887222963795917
261534,10.154471935492039
233280,15.088596736026979
161999,57.274331016122694
274134,23.389431969052847
65694,21.939474249913815
257075,12.567303837546813
6187,20.738202809656478
272020,13.18867216525858
86586,19.183102507951904
291081,30.390306373677326
210002,25.72649161263728
67097,60.896450573259976
29881,17.389165536838277
262412,20.26847459099534
258645,14.275499581203356
34829,7.526319645146048
240487,14.287074377302424
69229,8.088848925790472
27065,17.59146560423174
75168,14.36138038713758
19384,55.09780374231716
160082,38.255060335162504
30119,13.548653460298025
280902,27.869223121740482
56915,23.437705157458687
18509,12.591039184581515
195911,74.33878708745459
268767,12.936427573884039
167899,34.072207249841675
136553,17.006799666208643
192132,14.073949291939961
100549,8.73664437416307
110930,26.382629221888497
77281,17.43961633132487
250534,9.45974812900965
150230,11.230622000528072
221550,24.732137613848273
58949,15.31226647081948
289558,16.469727343363655
215464,29.87205451699966
174204,9.972260338748061
274063,26.265956322116125
2673,34.31325501942648
283167,28.52711847559494
32542,5.443903941764372
126505,13.490759372774363
112520,16.38586883544057
262614,13.97712765128281
209683,22.158283638723084
64526,17.825673720114025
179104,13.43966690149022
60387,22.082688393006926
175593,10.900425992031604
206027,12.345502836111692
237483,18.198678497569162
224945,16.817565836281197
58710,2.098329588612761
227442,40.78579419774954
188058,12.428233571342354
174751,13.162359842736448
27577,23.426993540545173
151079,59.334669304989184
272747,17.347980692808996
266005,13.244433496870487
1556,36.01858894801935
199231,25.14758333108331
92639,29.856365495676094
257008,21.670844168893986
283666,32.64773002379758
206191,21.06586011841373
62033,27.55719693405583
5547,78.68197902220288
30521,25.72151876010441
13937,13.810573729993003
108275,16.08844249815988
77298,12.195215209606591
59452,18.14060000865488
12659,21.412569218520638
33844,51.43853978125917
165175,23.10468199428587
49008,10.694157431096556
173338,32.58452759641429
101606,22.65310173892059
143779,42.203637634636
279969,17.73866612802357
268342,6.2813361227255555
282204,4.148148903608504
113238,27.993327499742442
222593,28.87225116174332
266470,33.068880255821576
276160,23.432784356267383
258243,28.26053176701413
131909,10.849902182169986
188636,16.930084524896046
133423,61.3440459483574
155927,23.73012612733247
45206,13.893670588545483
179395,65.14224284913047
276713,20.50611682537176
261494,12.856114161091842
164884,16.573515229706327
184060,34.65887289761451
122434,20.474414955226663
6081,17.236671835372952
61987,17.505636370050876
47478,13.400128199724614
32871,20.92999398838683
47173,22.89046751411336
247758,20.217742733769242
255571,14.493331178495662
237322,15.420093481567772
111793,29.891399805344413
24006,12.416623926470955
211348,20.605058605418094
52687,34.76420894135501
221578,14.037839154304347
132629,15.868618036198992
293270,17.34683738630205
240393,27.31609450987616
15335,22.933425322596907
42026,12.652543743109415
254801,19.314307345453525
257121,14.74613641699218
213551,21.190740376271187
114732,47.68920313112293
124453,15.926135189654659
135320,14.172197994399088
89872,15.605727542826457
280698,12.788617468826956
189835,11.780138555963202
3047,18.553725793669035
20717,42.667383957807196
193345,22.378270647540617
121512,13.324350292448427
6053,7.3300828004788805
280521,16.503427781777752
101919,11.117418711071352
34966,14.862734520707786
88804,14.999048517925104
105100,19.399976352676475
114758,41.30888897481719
281780,3.309260419692041
274368,9.872804600717647
266126,11.689509852173536
293342,20.96815404254026
141866,20.983039070589424
107549,14.399909005628057
282470,8.479587426574085
232840,5.009621224285787
57083,31.11946519198512
199272,14.097124133072477
118503,22.42610436245318
70066,20.222787264918058
95322,8.508058286260079
108283,46.155295658623714
249082,32.500910158651074
223362,56.63542786334207
37683,21.86002612696831
225964,22.02186180481613
298713,12.147966231100698
244638,13.997103481465686
99746,26.68472662113919
196768,11.334794265419427
292866,19.173225497407486
133326,30.16895318239863
182460,16.713007660842592
1076,14.053321579330554
73626,25.330399399896947
170740,18.82474105242509
63441,20.00940450415709
158615,15.580566365499116
5973,22.244814612210035
23244,15.706868952480441
28571,14.494143440013033
241550,32.420085056670544
244945,25.544695771208627
133606,19.658215022803795
57937,23.61020262469446
1811,31.13280262086662
64478,23.016399374404934
76506,21.67355223660271
109627,32.08753958848812
273330,11.618216070664255
42748,49.42770227260953
293291,8.692032981764836
170901,9.631335205207925
136743,4.156900110494284
250120,12.67443647133462
12799,47.46702711981094
202635,19.21568434421487
142085,82.34133552034146
153835,23.290121928402595
212680,19.904760776388365
272081,12.476255309899255
39459,29.219709480699763
52701,26.188103193074912
209932,43.54360907248158
158125,24.571732365555327
246001,6.397318123522112
98021,9.92368182913852
197954,17.7831396745239
128405,17.81345965170101
91637,22.39600862268415
159642,12.896926131285408
172709,17.31385390609329
275318,26.021948305514854
200347,35.5024917948244
137057,44.666090366548104
44214,49.72551024826553
11236,29.125943635090703
120107,23.116255156968876
131548,16.05021493425982
211736,8.93549040866486
178530,13.525274815534825
73123,20.849700937768457
148736,30.225446297273443
181166,37.608376142897505
43598,23.493816741212427
198737,34.395246833488265
246127,33.42431096479952
290675,27.933759773044805
224396,26.80288352130855
68233,12.997581910412295
193485,18.741478127329565
171526,16.373635117173542
188807,9.091287183419702
283350,7.215107293004355
100789,13.288088623810118
37318,21.431227646316316
151062,19.311932015202927
108677,37.95561538528556
39469,16.52798658886577
146549,38.809170773950754
186328,18.98868472529304
277504,9.185293501268736
177434,18.88501311591676
192238,21.640875927718035
36690,14.632598158057945
71720,19.630273200828988
91367,31.620901162176416
72822,27.56921018718615
113861,21.72549199895743
25641,21.755362954239956
167607,11.97130111650162
107748,13.984478029532397
102491,32.89328075249778
280427,31.26925368433259
216867,21.315082290432883
241858,30.579201101033085
89028,28.29022096058316
43785,17.71396459536368
297489,13.448475436233924
215955,14.826076705598712
259064,14.306981216895267
166848,14.305127852270815
9451,15.989520187341618
11211,12.144760607334703
202061,9.368285612305735
15302,16.86789857532732
214423,32.61016562250527
4467,26.40991397739151
87925,104.97233500975685
270629,16.11917295883046
148168,13.927146681737565
199583,14.182900781846246
259840,6.769391977899446
176626,3.8301552310746683
202667,33.339859598377565
214873,29.27130393750943
244687,29.361054442448776
191353,21.02726794056747
164787,16.229199576429743
21188,26.823328986687635
223698,28.927728164273674
187677,12.046214500349112
158204,17.57472674341005
154908,26.080817376778157
124522,27.533478593311372
289436,17.0598019437442
145784,12.682975090220012
243701,24.14280799631521
251375,9.31502674757322
98959,6.8859942266675205
58786,39.89690937762061
104160,29.419690352108645
83418,22.676737494693718
201336,33.02701034396993
53346,34.54458495352636
143180,73.13631630784528
212165,24.979906786696652
270768,14.686457635000206
145118,82.45460408785746
77265,13.24500068348858
126627,9.858195521576338
111603,18.548731283528046
108088,23.994202397195707
230805,18.34551331175851
102987,7.60028789251038
129806,24.336499983824538
205298,14.246912538231747
169190,12.039672942564035
139191,15.334447870518247
142984,79.60905308433712
277321,15.391305033814323
52038,19.578462199700283
59302,19.887871045913258
167301,21.177293953614697
160046,11.382283829061777
254151,11.583022746465577
35330,19.50073356877956
60543,16.216348550594734
276131,4.951473704148644
186840,10.006143429535907
179002,68.69472557469777
103731,21.65206011320648
213219,23.39186067097494
120389,11.290220376610861
284502,10.24948337097739
144236,36.13325331356498
192639,15.385666317677032
223095,26.733785189162496
70369,26.200885433533713
6944,12.087233672406555
38498,5.636296816838536
25674,16.74168215574827
169743,13.193372009547197
117826,19.858101894664166
100434,18.930036330126928
195203,64.40435856906794
213199,13.89294049893039
131614,26.741951738376727
26745,15.81395244050826
212659,19.09520580866761
70473,73.47120668339653
257707,16.137472353474234
269267,19.205353422279643
175964,63.290452622446416
24175,20.862066684435938
233071,15.449020165850918
289699,23.639852041741612
135610,18.10663882976948
285072,24.324194996109735
206791,21.249115650129305
156603,12.266752716218743
205881,10.761927723643865
223080,14.839050050194345
170245,50.00957713491688
147609,30.421134731882404
183228,66.3064920698875
85642,-0.0685366015359472
54253,19.579873132229054
63883,17.444907452070428
222732,23.64030652223586
187580,13.104028946069896
61988,15.804433624002762
250363,14.415015045629076
64219,15.052852875794272
28008,14.373322397818363
61714,39.36371059385979
156457,41.42117434909213
270747,18.439718267036554
156819,120.94362536451152
50,11.182490850017572
110954,17.939190293260936
123360,11.268062304874483
247417,54.07185723693333
15646,19.080503031449624
46118,11.00897171300603
196394,54.70155410076593
108403,20.518084601980497
296036,30.791747479772816
276339,14.19958775979229
277836,26.416947630403023
97431,16.214072220668328
235124,94.61505388707357
99303,28.57429256418333
92786,23.967928941421263
152914,7.062852453887199
247061,29.65968956688294
290533,19.438364717918176
2645,30.899378298651932
119046,20.46043589198831
107795,20.145149502989206
56848,10.097503418282622
29278,12.476211267450942
60586,31.727190491600545
295157,34.07874277325647
66337,11.78981648620627
204241,21.35423738940907
224864,18.23694392035128
174527,26.06142982961557
216684,49.41524966433886
100655,14.705087575807276
172659,31.296107744363084
280074,36.30378935021291
171589,19.023322826774574
25273,18.74978102934506
277612,20.049352481125307
271718,14.199895404263891
294221,41.1594211569738
81868,4.749388809913297
232142,9.769695257350351
196252,59.935204173136015
108495,13.86922782284125
88547,11.90423847723606
170674,10.068848529286978
7304,43.146535189381886
34874,19.700215073944904
3763,10.598693475551901
289048,8.299032567488752
42477,12.736997217181393
298555,34.05747758682243
240792,26.77595701172421
50694,116.86041333933485
153052,15.100842646578396
195672,45.0497790484033
26112,25.599225121160885
64833,13.935814789273024
267084,30.021965776928894
202664,24.626416678718524
247932,43.13986627508825
214242,16.000111263156093
263442,16.471764973528643
257083,10.631073522905915
286783,21.82037190217026
175931,19.524649712805076
101193,22.695197275013754
236292,21.744933675727978
173595,54.309262705251335
88695,16.76775584921014
212474,16.685533004886977
29488,22.671292216798342
145495,75.49996713225383
206081,8.169418440442978
104696,27.035917376928463
66213,20.122628733107412
286435,26.305185913643495
221400,19.32396228972174
112676,14.198045738712732
100139,20.11055152208999
98590,15.9429784086634
133683,12.614674990548183
214877,18.530025275358557
162958,15.927183041495649
203605,19.21784869804113
29836,31.220196323154326
17458,29.542830708025235
232498,14.809748502322854
226690,18.536418784132294
281222,23.94777058742465
268970,13.852337471302764
75519,11.102792765692154
218881,18.219449985068287
147526,18.997017021016845
276648,78.31090909947025
48491,12.65254382571036
237836,26.549828917943877
218593,-0.07697082608697503
132744,40.41745196079646
42960,13.696268137026106
113346,20.565415063409425
277438,19.6671459855976
227688,8.807743450416591
133743,22.356577196325713
151023,20.69414472670418
107917,12.437007525660842
282617,8.92551804598559
231637,15.553871374435584
135579,19.866623144480975
235511,73.71582632330973
153679,11.304316890762102
65919,22.653696362373076
141875,8.477267701305617
137841,16.901186706333547
98452,16.29676654108705
255461,11.720935021865241
98211,16.670893643027256
31636,14.724601172527041
19528,43.30979371763093
298014,19.079150383843555
267756,11.872130520771728
237245,14.508346496444972
280738,14.867329345313355
46979,17.850635569399003
174810,18.410014551548052
87657,23.122071915412633
212816,28.5699387872494
6430,14.711839733717294
257853,32.778537034602785
269835,12.840421074224238
210930,17.644845464307128
266701,31.626980602060065
46947,16.43838584916152
43376,19.283316292911227
60799,8.911284924244534
151952,12.83633722756048
168854,10.383567496460003
185881,12.402333411160182
184896,15.856213864018887
29946,16.383634116304822
148253,19.742358644441694
20646,38.58504685292994
265916,18.404969185605918
130920,35.86186507033651
77949,29.821776040500822
5878,31.140209152306667
61574,21.256128284070005
125432,6.8097097130921895
287268,12.971845930658109
224029,46.31124552499447
79725,12.385563194816438
107013,12.42034192732432
196969,24.30860649514848
166071,14.687343134474066
208295,30.530468066289117
149441,15.60771603406807
117479,7.754820370898436
191322,21.10947194329265
14986,86.84617814586059
231818,21.618144625818637
265396,30.992081820684902
210730,13.536876536599348
242560,43.958875772025316
158304,12.013521007646624
281044,15.015120110416646
244403,11.979435779500037
6917,19.684814086169876
16631,13.616434137312751
227364,5.3742889306063635
145161,50.33985485799526
147243,14.239973421134064
207455,7.10628038942186
116843,21.578524987030125
146763,55.360198521482864
114191,75.6857262553192
157204,61.27306525807902
146803,30.742342235799647
135908,19.759731079429237
195307,76.78523704434946
279824,9.021593281916509
29281,10.811879756500598
163612,19.987912721526605
14530,13.405207431152284
99481,52.12633338225588
118545,30.1384580033748
19064,22.672402430131708
287904,18.05761064289336
43148,11.18901462480116
75952,25.733053044751017
87331,10.517756114154489
93339,56.91793293712424
216134,26.2861285461999
31275,31.66582575701502
17705,39.080227810596746
31938,11.120709589664248
271559,18.21920472943839
212335,20.264115758579038
207795,22.29204096678006
199229,8.960543355940544
229787,27.947816670917465
237724,28.954389080044315
32731,16.63530815636961
50807,20.57116364479178
154902,18.009651337863524
225640,16.22658349604589
148255,7.99451972904752
138688,23.463377413912994
85822,1.7236152530968658
145982,17.79666445500903
216160,26.451029384366763
88662,18.10225766827536
86871,24.20423623675365
63911,19.198138434118754
95870,19.17139382510593
266734,19.898292513467755
141843,38.36231271775186
100638,9.243436190072238
245046,22.53407152159354
196595,77.67530816590511
14948,10.042415156800683
215134,41.2690461650899
216781,28.040359555046734
194202,21.05921299123145
16869,12.706273060199024
262259,12.067693722753479
141666,15.380078591841517
172820,25.842682951270277
42659,14.752022587327033
160430,7.8720171139966695
223109,18.99797586065597
224928,10.481273575945929
189511,14.157964873114686
171428,28.520509931891866
174563,18.5046980873122
99893,24.236411262761198
255004,16.16603232541787
102240,15.749186684418397
87133,15.47931821471839
85017,14.493857897680172
247489,20.201262833000932
81272,40.083560584310554
247866,22.127923111116147
5444,55.40558752137381
143345,10.512923979789212
25712,17.36391122044405
278820,19.630320391279433
153462,18.280341825757873
125106,24.917594727234444
113626,22.867089531047228
238042,17.870218990200474
239664,12.467390567785609
161521,32.47584273554751
195293,41.65219316246562
148365,60.22628188855217
68902,63.86606645489838
181500,21.358957617855992
286908,20.392398483509766
120581,14.278000151091721
34908,7.198964225395233
188006,15.69055603760907
61703,25.561655855989073
107181,27.641254241548964
290756,8.301611033502343
180735,11.045177608073796
163380,25.53386550592161
97907,13.238526111571073
283714,16.362355335806825
220401,24.767335783501487
119650,5.1578303191827475
289215,20.25875683524263
65300,23.246980096144178
17994,29.871273088594513
206896,15.695214437699903
90503,5.923465937393264
129987,20.90791848278048
225723,64.01854955753939
259149,16.17206336540204
118942,25.786406962461683
148170,10.116383008294537
229918,26.209111234818373
114026,20.85969697079817
49741,17.596767423218886
108492,27.883468559283383
45502,11.369029911768301
171109,68.14985667930867
153415,12.94977277151634
136739,7.472221828789959
296326,34.13277907531957
181284,20.406608032659385
76075,17.00776652893574
284840,8.808294150870573
80167,5.995099729123629
119441,15.78096009928543
223667,16.75997007626186
176907,18.342687398128085
109221,17.662557394397442
76275,10.706966918027396
115252,30.500953988224772
245870,25.98199386448155
87019,9.988546505278348
57494,19.575395737021697
70115,17.226351161785864
236180,20.218957695015654
250135,12.880998107427764
104031,27.152912591832994
77260,24.216521404633077
282448,5.962014627861201
32935,16.917985845388202
219035,27.59914483616765
34984,22.195902186010628
209879,27.409055132151252
217593,33.43456046844374
24266,18.01487553087584
106085,8.325802681689495
17670,16.43346008780957
128306,18.567207770263884
9471,8.779752918036284
218089,21.234852266013675
175725,32.18454497420435
16024,10.823251950887192
12064,10.300462140421967
297356,17.11885621153916
73239,25.836052240033176
236050,32.02566732766166
123172,17.873867613987116
40143,14.514181509323045
290255,26.946677136923086
51566,13.287907456479827
115974,15.766193184377173
194065,13.004130134937972
156524,13.868153061201333
250958,18.417411938229158
16671,22.200459268759364
283468,15.292415762659093
287479,8.675161092955783
1008,12.42118800570104
264960,61.49681647564265
212822,37.66353845592429
103424,22.30863071093914
20741,58.20390534787354
189064,33.46672338485221
293537,11.992572260206968
136356,19.04415210018426
108135,11.505378809325366
239969,39.507381878118714
95981,19.544247427193714
60432,12.264554430034122
290486,33.58409564028343
262523,12.313672962981892
135021,59.15219143303065
189612,57.24142729332356
193874,40.09619676739266
267957,46.57140041592974
194690,11.344034319487822
128941,28.07771949325662
169794,21.70514132878774
115538,25.21473549142946
96784,14.661623198233745
255309,35.205463680102206
104677,8.539370966975092
130093,27.51140703512347
3157,5.916099320690744
204452,13.771998729064311
222235,3.7150125755896397
166055,13.448167886392127
263431,10.887761719043219
257385,11.047489748926031
46114,27.03830760357067
297968,20.103757236057316
160785,19.611648498799717
112014,37.58730351630501
30663,13.744568187517626
127397,19.069466420493885
237557,13.986481140227486
216627,20.297220177081254
36286,15.959698822370434
255813,32.33246960995444
209159,11.55372045300906
259534,28.259265329238765
63402,18.46209971462639
242543,12.272934605363336
134930,20.197484215039424
149912,19.921199513964616
205486,9.089396072382169
276447,4.548420052828063
254391,11.72059761568308
128208,18.386495275597298
107395,40.97694263700068
56000,18.035066358966716
138512,14.137603354811276
54148,17.740859904775522
89113,11.7279924037294
95159,9.441118951951681
280336,25.18690536360601
163229,16.160405811048904
129498,111.07474758636164
213128,9.912509695204797
50138,24.328029449667945
37650,25.858386400176204
39131,11.629472349766278
251712,22.170145976928474
30338,5.0125556908737305
86291,6.83168855643663
198488,50.66794086920396
203562,85.51224293808028
254263,19.255406917289754
75170,20.85035297104134
218313,8.248137388524516
24253,18.404611991687446
285966,11.871400170444346
33050,25.530649270633486
74549,17.610278285151836
138216,9.981281560064492
68015,26.154514634586278
161118,87.00289429991113
132964,25.40166663049687
231154,16.317950973699148
115774,39.38061612076144
169199,16.463252946853814
113480,20.49929256633053
189820,12.575474605936872
55236,8.317046053410847
37667,21.938877171595106
228889,21.354595097085156
278180,16.57755314614893
148298,12.750043324625064
173401,23.76006422797414
265029,26.312992490636354
213684,13.559708348007035
226120,12.695126791045354
227057,20.41346408821096
239408,19.635043732660527
51612,21.30675636593147
224918,18.09079516516907
87179,15.568330293496832
271674,26.12483308165043
285153,9.084290160166784
275297,37.78519889556232
185590,5.180685272877718
285501,15.397960853949009
274585,8.573836264761255
82742,16.932453355894573
74419,18.28066860948092
203081,16.943519895011796
266248,19.429581634109685
273213,34.252349700387356
296264,10.902307000021942
60865,17.00048788767503
15231,19.017322126594998
183265,20.287354533984185
145943,51.29005278402932
208038,13.360320561338291
190317,17.668459291236587
193244,18.18688074070795
216871,25.672642710492763
137356,33.316458263319426
7822,33.89782571125734
20634,23.352522302525458
109189,13.216353189816648
14697,12.00838129918435
20540,24.22291303910025
152052,37.70750191002366
225179,26.337519316178355
200461,18.02026065165596
206158,23.423410606166946
141837,23.035144537366733
227279,13.554427797131318
97438,11.759988449891345
47639,18.383371008774873
47728,26.48160983177582
54558,18.09059285798589
139754,49.36867587133272
26265,20.5073240252059
293019,12.48894829073021
262927,16.21852152812893
275016,16.01012446968337
121299,18.17057102696326
67608,26.82340499672748
222680,24.640377380840068
69908,30.070092376216216
118466,16.92156796507099
206786,17.090439155396652
73957,25.99421132880017
97185,13.524153865544797
168310,19.48982444140386
290387,11.826663145448977
192711,39.19349124907003
40145,58.268867471829935
38201,20.884808014081937
15616,12.050954438118472
258015,15.381995759422086
234113,18.305106920645088
242734,31.458869776786806
132434,19.783722370158507
35629,28.40319165990301
12778,18.56709039793246
292775,68.17109802932345
136546,11.769938263191948
291264,16.183494778181135
134912,16.974914414846463
252490,15.085733691076406
106354,19.52204079364897
261538,13.282313382712994
67916,12.633199952491028
136599,6.102446017920686
84646,11.13316963319227
66185,26.02588508940552
100,10.31971595179661
134880,12.469917519032062
256382,18.94015093008919
199025,15.570886787591714
236387,20.959351678668092
96168,18.450038082712013
141492,11.532493290979978
9863,38.19959245655191
236580,25.986480509976424
235098,35.953521000415165
106202,16.55199180531425
102381,7.9871867082693715
290763,42.40848314280853
115862,10.788305998764242
214707,19.21710208847961
3818,40.55792945155218
102279,63.233901320247476
61459,50.764894729979794
219241,23.36068480733848
112095,40.096131014855835
106057,13.941254612238335
47677,18.53961613115728
155589,25.978976547984885
149308,27.375875909789002
97503,28.496841659111396
33448,22.844866899695525
179984,41.96400833554966
91969,20.962160255394814
108101,17.273213657983835
155877,11.618398411515702
202696,40.024677546880035
53162,8.552773214653918
98382,9.1975081813703
298257,13.344564384592054
224635,15.502729389453627
158186,11.170705648433312
80341,10.45242948799742
287093,15.479929925627669
186897,16.81758732386976
171930,21.557348257563376
297589,13.377552925511718
261629,22.228654838650904
47205,16.97334418431335
194374,20.07195560598366
26998,17.070063164466802
128866,42.958676833418416
272539,47.748282427745885
162648,20.10138174675363
39182,72.8545066724414
80487,10.296044357875173
243084,32.6417923569044
210282,18.00021994346751
35829,15.395942735284024
146260,34.72740141638128
128696,14.463755728448277
13152,19.213864186695147
280268,18.181945968836054
96413,16.66947255537992
68927,20.498021807723156
33330,26.173875033769374
174062,77.58257321542533
231328,42.89164962647694
276401,10.494204407373815
199898,10.028990768488029
40675,14.582317192237337
146945,36.08336114069434
27616,17.34617972588126
124218,12.94511595542203
270781,12.946052884826583
80389,17.537605971681877
95716,14.767608315125884
264081,13.648111247720479
7172,18.31658305468021
33240,18.145340804583135
35459,21.910796613641587
185253,4.582676223048989
236437,42.1088800448773
108052,21.668541464002743
237066,9.146685340875894
230360,38.37177904324414
44269,17.735811131024608
68538,19.122242171680888
138495,27.690964747059436
11005,17.61905335666789
12546,16.986345149043846
31436,22.391053100446072
57345,59.84626144923379
122581,18.228254018613217
189498,12.115775395763162
113869,17.937966913029832
152882,19.42598514406567
11646,10.674199652917345
227900,39.346450167344045
150429,26.085344912534868
166750,11.677932398926156
226523,7.588684131968595
74631,9.315778155919054
31898,13.444839122793603
299385,18.89159216335839
179623,14.22980254594384
115177,14.795071172469697
264702,26.435172084620028
106627,35.02819012472233
101299,24.341935543334305
8879,34.384346064045914
277949,13.408991910671752
148638,51.311172343019976
157697,86.34807241687554
251750,25.728251064513678
63743,32.397600412868876
138344,13.60979329578171
146734,34.27958718603158
9075,13.53370150857617
23476,92.32427427150313
76408,12.23176089788325
293312,10.703310665378467
192778,18.348392260023534
8349,13.619354936301576
1955,30.935740331282297
49760,13.20377904578287
99389,59.106688415614315
114473,14.518732451903471
143192,30.307412794770947
124055,8.946644193938731
278487,17.179619495647817
92653,9.801162758122938
93660,26.565915092050876
172022,37.464167072065834
90656,11.22666805572482
183470,10.95319248542
124199,62.10794644113019
44481,8.791677080149396
64343,14.682267855211002
150851,8.477493249098433
83779,15.733276200321498
196064,65.30756714347373
283001,6.282210305480266
121561,74.31039293993791
199793,24.067664136319767
259284,33.952803884533616
242806,23.478591319581813
85739,14.84668098171936
59185,20.66194537337087
218042,10.192998122797915
188780,12.347537768130397
47575,11.163005654572267
30900,17.50960798058163
282500,13.282672430065642
154486,16.27293770164578
279307,31.01107901086393
210776,34.06496718629503
181719,12.291322672683147
121578,72.89365648827055
291694,40.93418630549846
203987,34.648796109791476
130829,17.726411461907073
127196,56.02834179453833
267468,33.67003883157229
67680,14.889531354538768
82205,9.519346884939365
17808,9.205061411848789
142045,64.14848652216048
73307,28.92358397645826
152708,30.93435658000189
245955,8.135806799661747
182757,38.0481804546358
102179,9.096611716676222
111150,21.745032360616964
229252,32.029365446644256
68309,23.198899490370863
241844,11.67826950365762
125122,29.15944883504035
288923,19.591677878429202
110486,14.614460225341162
289373,12.92027170592216
74819,20.057674772815204
69112,15.057512466622441
77122,8.410774003998936
200809,26.724324370531342
281061,16.25991573421143
125210,21.002593719863462
24601,13.09131595235629
252600,12.904595089607325
68418,18.002839744766437
157840,10.129312333470374
168871,13.306836491089527
248594,29.358342790763963
118019,23.52736179628517
288689,20.128294785139513
117977,12.315701457007044
248477,25.48053463859589
64453,44.41299521063109
77193,13.244247937385898
38256,18.359431133866977
203036,16.88914398488638
108370,19.19305129224059
263897,33.170091651542315
277375,16.096586222816292
183839,10.104367567365284
41463,35.32268203589161
451,49.753780531294616
207992,19.89770757850098
48427,21.9308366459355
139606,20.89938750318699
169835,40.21149267668601
200098,14.738467108501673
227737,21.332248940711278
185981,20.083738469616517
234051,15.517351743834134
38433,17.463925063013416
206853,13.058337395965097
261220,30.342458062755604
7566,18.93096795130995
109014,24.7887119241703
120807,43.47858474420554
192373,27.533562714644766
175731,12.657571696012809
254305,22.713102432122152
49935,12.502626848715444
48280,12.029423225575385
277639,13.460196705040925
269179,12.31661966020567
111526,20.13704498233413
157150,99.6931030242545
66811,20.491155466467497
87174,18.09912716962306
122055,11.987501501910366
283648,54.3168106198386
201842,31.04380558281141
187071,7.590598579740757
222651,14.531632447541146
148544,18.912494910502474
158440,51.18309657196455
208755,10.211041349101754
145971,103.63453427604591
296420,10.707011640003035
2123,52.828956424003465
125100,23.449022880933615
250427,19.45020858026531
192970,10.733905945551577
240573,30.306727575181256
287028,24.419499087127235
173451,23.384625829894087
183649,15.321438331790098
274651,30.13888669349204
110183,22.254120977699376
279449,15.458230314652848
34202,20.305730303391233
238466,18.009615650359894
31233,6.8614172032192595
135554,45.8492089671727
212318,20.117336072462955
206482,12.899152091155461
151156,18.683341078158712
151778,23.711009129049813
118853,27.876271958503104
137558,31.05631230114505
173369,12.960886516546438
41015,15.769358463806824
83023,18.38225365249567
117372,12.59047024883143
282326,15.727195193997396
227980,9.189067468996626
70539,21.21277013508499
94821,20.405089737571174
199517,45.92850706565065
43037,18.080963824493125
49436,14.579029017285382
277631,25.69757446591204
110511,24.908188065717916
166140,126.70859287570158
47822,34.19356165079329
68264,33.73547655824701
119833,33.14601611605023
78760,8.573854969754978
197734,82.52691983620574
63701,9.318374133885987
257149,16.698158381875096
28890,16.036793127371993
288665,20.226024169544573
23328,28.331381850162117
30582,15.089743828624147
7784,14.238958999912263
119887,14.407667050331732
178494,21.014000292144587
280063,21.16017318386386
198609,48.2222276038518
232984,8.600070615122403
18180,57.850804322316776
101712,13.552717855007224
85234,24.967888275135408
29573,18.802321503551553
158593,13.126373637163285
112696,22.42157380659855
126478,10.675011740245498
242765,9.401389568968634
274260,30.039580664238606
246064,34.10598428247763
282139,22.294282409330677
1329,17.46928327596591
184955,13.144320736167227
131709,37.72216028073735
105961,57.783464479069295
128985,14.038052440871375
214476,24.144884736875476
282754,19.23851754794342
71627,25.9277284976274
198196,35.836979245627084
101567,77.5588524694621
39918,21.456202402639974
247235,43.92843122779013
169701,11.000185050484783
190357,17.808450570517806
294345,15.550975894323884
177450,8.964524541763256
234235,20.490082351591628
251923,10.760047972016116
74003,41.61218947046851
184464,13.470897014510044
191994,9.422016269441366
195657,58.07725772012889
46676,17.171235693172093
47916,14.309052983673084
213008,30.747014961779364
260031,14.421714676846282
58196,19.187882335352814
172430,16.927742027347662
133526,25.75486549875844
210923,11.922930772441983
283682,19.732242285671433
87827,40.08089612288197
204763,20.243573169246872
191664,17.546661257871
62778,28.908345452777773
250262,36.11483494259074
38566,43.904398944064994
132374,33.48758245915853
166941,7.763982849905673
282217,10.957098155410286
104948,27.45339674751838
297663,23.892855883341888
93807,19.51174419213988
235640,19.349082283930578
225330,34.58603391540784
66589,35.00041751873952
77992,28.725988745524702
131408,6.532389937926613
178108,14.854069668188359
250007,30.827914996694886
256239,17.66370157287504
237573,13.831677553654067
180157,20.173965478617827
196900,12.568932352302905
21698,24.35732499541742
288463,8.423745678143181
63556,24.5540738993151
192526,12.328717581868613
153480,13.66132356689036
102614,24.67308276370725
266955,10.742762245399042
170139,17.048348863455647
70532,22.83826230966647
180028,18.823044519251603
273418,22.34020808788652
116553,23.654984754077027
255198,42.329807682673284
256650,46.88730022395912
78449,30.118781604044926
112289,26.59778456024391
123557,19.795715940599244
124475,27.105499567838013
95771,14.659348201812584
41247,30.363087421608306
250797,13.300354346573801
131801,20.06195427936722
276157,19.070070479907237
232901,47.715983940253146
152831,24.652052146796628
268659,22.0195536937289
52322,20.641818514998043
47776,25.705082924916105
291936,14.915540751176792
19827,22.738805699403734
253502,7.91650010860157
68364,37.939174179902395
149060,66.50212428459346
234056,25.756089740244093
213813,18.378063732428277
166194,9.514329125657145
155072,42.20004496990951
178767,29.13961337293801
194882,24.73645783005214
288416,17.172924674799788
222087,11.481630154028421
41652,112.08207381539478
268976,12.014430974666348
200199,7.078496698183535
225206,19.324787450483548
207391,29.05102840722312
6601,10.376732871047242
264045,23.71299018883593
33253,7.588800112160342
231490,10.920866328207893
79543,54.7859086299675
139959,20.076663044674454
194843,13.097496483249671
220055,70.64466922611649
194550,8.882708957603167
123653,47.015498883397946
272042,26.321755741236974
159501,5.59381705018342
4161,23.706880521000297
296267,6.786987217503468
264582,16.52459013017171
3295,11.923411953074648
36180,21.354806529874686
203425,19.764211113494483
133191,14.595984771962186
196958,13.370465271336727
60724,59.92546121526538
220847,14.516733274187096
244795,18.761981063569557
269451,12.282836797669201
69322,45.41560242005314
19962,49.436232245194624
172834,21.801797693862746
108875,27.331694438728746
47967,20.023704287675244
155163,12.626077172972273
190660,37.40890694043168
225156,20.38955770599022
11843,17.643488032635126
197953,13.49595547188602
99899,18.406338993722898
285695,16.545690057367707
57417,22.29075143097435
128822,17.679933909400567
119365,38.416101368266496
231040,21.31197677907527
17919,58.401916901247894
76570,18.402968651490593
204768,39.12532120359848
107078,6.108973269975225
247564,28.639110511463556
253656,0.24446030175460143
278314,30.58105087411129
190240,25.809767867770933
62948,39.75514601758943
110974,39.21072650034352
13050,32.306569954691405
276953,33.387790852363665
102,10.674842464646938
260409,52.08942389031868
241827,20.477810937734183
90165,12.43356824935401
80254,34.387563967432
120721,15.16475330988358
246841,16.676494300812365
155797,11.156054531750021
85926,12.857637915960845
252725,17.56016475706649
292002,18.204811637821855
57244,43.56182156791261
265686,37.44454806710545
141797,18.00321592655208
236102,16.98513475909701
106723,29.291868500491987
38835,18.856940460304365
77330,7.363398755661699
201645,21.933849179485026
125796,54.289922117574974
186319,67.33992500741965
125117,15.770946050933652
211317,21.073636717424215
8562,13.248064609344366
68553,23.38220219771733
224692,12.422864438126837
6359,29.16236762301513
42995,8.108890046655269
225085,13.890511526554928
37012,14.446828424841062
211217,20.84837180938549
53074,14.867975007895765
105405,26.799463398917048
38970,11.698030259262943
279587,13.61573107207462
39609,19.58566001433612
107734,12.12126732897263
6636,23.308405687047937
220174,23.000750848936168
155689,62.10286746423295
134615,51.861373340960924
121298,22.45697966357509
174310,12.492084389236986
97563,12.500589250615267
247369,27.144826097953455
150690,27.796017654138364
250617,15.830003421446861
146324,11.691028981414561
286408,27.412701063826226
84041,12.59505641673524
59872,29.741507922890115
219363,5.761720024772263
110357,23.38247517710554
45457,9.054357181797908
42942,23.42394002024036
50996,16.773563943250288
228762,27.017803247495742
92603,9.900283544103138
161581,63.45079734466642
202728,102.97839557164048
197009,17.467500452091738
29699,43.41484876863429
274244,15.057717059660476
158508,47.76650367685732
202732,106.76314816271949
269642,17.540470772519498
220970,25.533700076822406
161905,139.78669413111945
183531,25.66347959676286
280950,9.562824525233065
220522,17.26372452119193
122233,25.4337845611622
288175,33.35832619836824
219106,40.77120210145965
111553,39.48663089906899
86553,18.212211955551457
111539,31.14622513005775
60918,27.15923770347312
49916,23.38181594882758
173806,18.811425478697622
33786,12.051688359165517
155854,11.656698590029354
135007,15.791299030859612
163895,6.749076408694544
188205,31.174436983628603
158770,22.486621171938353
207503,33.90054255447256
291973,13.456511542541909
117877,25.64984325838852
208677,45.16341466918469
294141,24.17993485842303
105013,10.166878560990488
164411,23.941405050680572
283335,4.903594463023341
210685,26.83156404376286
67852,27.090449894104417
82216,21.23777769840036
278560,9.866403412856227
81422,20.41351561995956
184247,18.419871779408556
237782,15.525112117748897
279465,14.811497962928904
205481,19.957768659202927
216136,14.781774754604271
98828,65.94541712720977
191095,22.846935294781215
62324,13.607212033287396
112038,19.770500441919303
13650,34.6862927771753
205251,19.102105129863567
20506,34.8190518596761
123300,11.687777350336653
146050,35.56246329472821
18342,54.97782903289126
163423,16.792929895012957
148884,28.109782116894912
12691,9.652287683209611
144222,21.76557440511452
145372,15.870715363424452
264642,11.638802247198276
113506,27.995637058667548
190888,19.464274404121955
234707,24.979254397323285
244044,19.02140021244949
65479,9.572407558805734
211414,45.19038787152578
160,11.02260816775814
52963,19.683647992357724
42298,14.541700207812866
8930,9.472127034011272
52496,10.27015399572331
223197,12.590595393571355
142395,36.03962910816028
6139,24.34817568391859
169207,26.347087310939465
161578,60.32873935386367
77361,13.190876021116154
33487,30.509821413503197
132992,28.139426156366028
75562,4.795865755944591
275672,18.626750930384336
27971,15.269846275543113
18936,32.35367245042941
285372,14.849795931538203
134835,26.76670603119311
54325,45.9737342084165
104371,17.684993591713575
147128,14.23343369726362
249943,23.39858337700871
74849,19.493240039605467
192596,10.433139568154608
17391,48.39689866817695
190958,16.320678173080488
37654,34.09696603394584
62876,29.920088030327122
89979,24.167203105688706
73426,30.937711250439115
165479,13.232805494472665
69439,15.434927791082252
66287,21.938952503209016
145568,36.794976997517075
230083,72.83914706736513
38054,25.438814134177075
223257,25.216309319115318
180840,18.766158577444266
254429,15.69914936118603
291193,20.425329116151524
206021,13.876107127722403
78009,7.992252757980403
236588,24.416991387508908
78406,19.23694815705978
231274,19.412787419171508
125686,62.87722257399292
183862,11.994554790244866
218629,31.42759050368958
200685,26.306337187860034
5054,19.313077275186338
197622,20.75365869292169
241107,8.42604688465693
185238,6.750613632077865
188441,21.865752834880844
23214,17.99962097735117
204385,17.834073270334905
139023,15.359445062588929
236687,13.594753020522298
63003,24.44810521661363
294461,9.580040498815405
155555,62.92788050145605
296774,17.947516221805294
282626,21.780610895734593
186403,35.39358077290495
110385,30.191400171184327
2049,77.33400413463076
27526,12.346640844546977
110560,33.49001058301084
174649,54.602561024721766
19325,42.66302158606663
207388,31.00600920577285
279061,19.199510435317148
51297,55.76462568588406
124144,15.073597787347765
197974,20.058658304708302
78172,12.692470218145923
242151,13.868509987989164
76003,14.615981283903295
3264,21.532350628389295
68019,42.64952916534885
218197,5.528732205034624
75169,12.805637294806958
279945,11.15154586164076
258650,13.518992218825488
282940,20.664428583461742
97889,29.035917047361423
280286,11.06546457501218
4259,11.21612600104401
165978,22.33799013242178
22078,19.390961580922617
137789,21.727076974390858
134601,7.585900738566728
195143,57.976294372215065
46906,25.608725595804128
203831,38.57434438475016
120258,16.409653268656196
152842,8.771686227327834
170779,15.408181671492574
82134,17.43273086501265
97616,12.674436566373782
191906,15.455393177079664
87849,15.368786741154263
292495,14.912765752125885
86002,18.9014428398013
241826,20.81908511366041
113863,20.38321551167924
202908,10.874878174995036
182269,20.158227604112895
142618,36.57303505668816
165860,28.01428924336151
189875,16.60458063407215
156638,62.96888949985239
151407,7.76382697608315
185031,15.630625544781182
296460,11.90551667599091
272292,19.75770361833467
284273,12.409121231284658
11612,10.24027109118684
254569,18.552248390602934
242984,27.42262606674855
152114,35.84400455594919
290333,17.62453904627421
120355,35.94489983060385
19206,74.15041615810813
187678,10.218079300195766
27741,18.98945162064373
218592,2.2077625185992904
69524,10.871263717988448
52522,21.914631574352896
176373,12.395414001861951
21028,32.98078137852553
182152,9.151713725077304
97750,34.45040244095539
177760,14.62454407758809
178330,94.83063971072366
63086,13.359770088790093
242971,27.67032001495564
93805,13.687112592280677
74865,10.593817671669706
82957,14.722847366610623
120922,59.23430931615291
275916,23.89279351257078
229376,19.393976515536924
59012,16.95319369991177
210792,51.106019005269594
24377,12.038226737103258
108676,27.69321730873072
256512,48.85669105278195
92922,17.092774503532418
20767,32.53251868476824
107235,11.898910117997975
174249,17.588329667049543
198525,34.32345396747478
119938,22.151600963590262
26019,22.395504386064072
266526,41.29009531014453
28333,13.493079083678891
43740,33.898897628115584
237598,13.296464017568148
108287,12.284973542651407
262170,13.63995585465998
126871,16.987516845133037
78126,21.426516492816138
175670,19.23223576650866
175485,35.473561135165085
216517,23.167101423917153
118302,16.663647967625668
62023,25.02415920344391
84077,21.03133074604694
135953,18.68334286606566
817,7.356732559703133
33119,22.522636034914818
152497,38.07115931613402
119473,17.1082024765834
154971,20.225643047547173
176444,18.274830177479426
117129,10.00829906701517
248299,23.932714474802943
64949,27.472643041363234
175209,12.151559764026006
276226,6.9047833063966095
101848,25.76868086338085
115957,17.177263684100133
85733,29.641841330232417
24739,29.577714943806036
59649,24.160746579756257
52280,25.414843176992928
82629,15.255067535529403
275822,22.01883825210153
236801,35.76868589032076
11712,13.20409354006662
26730,15.578713603352071
256779,9.218006706893679
283171,28.605105544535164
235546,2.867976236299336
125763,22.636033021058388
118118,16.954490349105814
262916,17.25503086796253
130792,20.289216932451545
138372,43.868279455961286
202292,24.041038450697098
140871,47.04736062615357
276868,23.71487103276843
207170,13.579217550003563
84502,15.673215375562659
128446,34.131592726157635
263999,17.31393298950713
20015,43.4005545635675
136111,23.596840909645124
32203,22.78543818584143
60351,30.232439613786724
216742,27.80967667382967
210390,8.44663105225889
238378,22.00269933084945
274082,41.56996633954348
9064,20.665031963220954
98641,25.566418955752518
21103,69.45840250262555
220379,16.374188659872573
244122,10.79277227974143
287980,22.46686606889364
257390,39.86466976682474
156914,116.29048138284034
159820,14.634908671790239
109728,20.5884026725049
127930,21.090837930662573
143836,62.74687127178205
46698,22.735289092667074
206353,17.11248099175858
268722,11.556748576855398
163548,9.514985414008706
119855,4.537111509488406
147752,77.7723082399815
5434,67.40155761082369
257685,20.265066740483377
296860,18.675842238412834
84485,13.876204577758934
265499,8.408020021868634
273077,32.30314398096903
198569,10.629724423677054
13001,17.950553675588743
174608,15.724402976431364
131731,28.501657547941512
93422,9.559436206193386
87206,17.535169231331384
207396,27.71677993037126
283976,33.14055582727274
20979,33.28098515938743
59134,14.32118380099098
67305,36.24942563550214
56686,46.20124444515873
231564,31.849705666539485
3194,9.794247206239138
3611,55.950181601267694
10331,15.18747205385894
271715,26.789613038803772
247981,19.73757700776501
64879,21.129056244852162
78107,6.9205443919479315
241164,16.78507878951891
28464,21.98677349968944
105071,11.223749357211387
104080,17.120738574459814
163073,18.555154466538994
246251,17.414904676633267
29137,20.692431701191254
9698,34.96618422727358
208168,21.32166469074223
289396,15.593957086729283
244551,36.835397879135606
156811,50.60588460872056
249554,19.203451509798853
125856,9.10719903119261
91464,12.582961816032135
123400,11.173188868610854
249211,4.875828108700187
81673,32.7801984409077
284977,16.986146526252817
59488,44.10762441479117
166951,19.24633038142459
25433,16.833866198363406
98686,20.74426936782008
94833,21.33860259444222
240245,39.82662133127185
48601,20.333165530133314
88123,18.09226391816547
69920,33.62372255976301
295313,16.499871082972327
255032,19.732903148022352
276239,5.940150427040837
106441,21.10778975776484
7197,33.49781971652527
164398,21.737172609824107
217633,24.136943700773536
161468,61.85100149403366
228780,19.76995282547483
287117,25.99273736675326
19186,43.93751326924323
78329,10.680457068170792
179473,39.650876399802875
45803,12.381082586550285
285085,20.88997059745862
260001,12.242850536493844
225083,14.20428364888862
220381,17.97813417872625
100085,28.445139600276768
30350,20.692258300468563
71322,12.674764062725096
259162,14.587925172356762
277812,10.557143285566589
55641,11.852082616292483
99165,11.02779568280065
277038,13.118357101467108
184105,21.651844004678722
237282,12.308592417100696
209241,11.19059824216069
154170,34.956948445398
251882,14.43788116572857
50933,47.53519160354913
145805,13.639448159352952
226674,11.067960522114374
148507,59.43906659320702
15806,16.74284236745823
110140,48.453815493402566
97336,10.640798062160151
37007,25.227580951623445
203653,34.042472107415044
57367,9.391321773353093
149481,17.827331892073765
4334,17.068767059081907
240259,39.826621426311014
22972,9.410821509205586
12830,27.91350538935359
228705,23.171836001701273
53552,24.302012162940812
69091,11.61301130619121
126070,21.432335966871282
149527,43.549682781122065
214147,45.29197843489309
123553,26.72381742949961
224220,19.30673375623413
296770,13.141818432164664
25178,4.896156952349842
272652,30.374271418915924
16842,13.794108471880328
250313,25.377498745301004
158717,30.248843550467157
273149,21.840993155256836
101389,26.116128557162988
247187,33.99657476403811
198361,64.74443101679122
264115,24.195140867142804
192708,17.154350259169288
107859,25.12432665437037
2228,43.5939343363521
230353,20.0405595502772
22576,17.831925805319933
181694,21.929229770070762
214777,46.93101173997399
99235,15.886002048993195
118377,25.26166256793215
295329,22.937376687575632
19786,69.92184036204091
274840,49.196228509858805
156043,7.070029198743146
268979,15.60147110525612
293056,18.313860491672976
28837,18.06983553231968
97513,25.741186799966577
255928,11.850811399701767
99055,39.57551480460365
6200,84.21768229274934
97384,14.257677403691755
293896,10.473526711460641
125444,42.5359992061438
275602,12.000628562685272
92357,39.804017406812804
32527,13.824128277563819
130056,30.086360191599567
229522,22.136501383787426
258190,10.480446850695063
61355,18.88874878381918
28011,23.79236863412939
5442,49.381415921595284
47258,10.400921751697409
158634,7.766535374319474
199162,32.78015007958001
39301,15.523021105392662
298067,29.260378318371203
71040,66.66054847778352
5141,55.37638959534444
186402,18.407370885800283
48628,12.500443385858269
21861,19.845959745850045
146139,27.37655531632974
23384,19.604638287386514
206451,17.279783634047924
213628,29.241094265423904
71013,17.67542781523941
126903,21.573390736355154
6809,13.413686941886528
28608,10.903735444574373
66491,23.29143482672073
11437,45.26114990031807
153123,7.882836445617654
189669,27.66200909067087
202588,8.091473844480461
265307,81.30514344374595
228950,16.21819475634983
67671,22.4236503036193
201048,7.13568879061534
267016,15.102268108604605
136755,27.7432095588971
129920,23.758466368400654
123729,66.84667318510213
51906,30.947092727378227
125219,28.62070483428037
44911,23.50173776530855
172170,48.63382333659948
46967,15.01817218890594
107352,18.718163230116208
134097,11.356241725872675
180729,47.739257209630786
84716,10.660855021846803
233079,13.045424829873724
201840,0.730967258668966
217649,23.489406973520232
276796,26.524702502803805
131040,27.342484225274283
84093,12.541263116158174
27353,14.086116948864774
163219,29.07972587456042
294045,9.540945328462104
205710,28.923672476925503
92694,14.367187452855404
28792,18.517355565285094
267487,23.04841009064062
175722,15.807502286014437
1459,91.08037225872894
247073,22.792595916920565
83159,18.615503015433223
227235,20.166222204494773
104799,18.03308410999536
41438,18.202276431955255
26308,33.41881145018997
43776,12.289537095733582
152241,34.70216305585951
220704,16.773411905728686
62966,18.53348450628842
177222,16.91332240684612
91276,17.088667855935423
269929,13.441402835833015
24746,22.633322111652948
190498,39.25793708802976
97199,121.26484328902205
232379,29.926067883635227
248031,28.643922797761824
24883,23.038342334032656
158780,16.273288024469167
105921,18.786287584839453
132338,11.35786672796319
272858,12.507690516844313
198239,13.693625523836992
157860,18.808255144926978
258556,9.883997477309606
40446,19.20314288421943
177485,16.34709151454036
33698,19.350169007538533
9677,11.405951935176578
292629,22.261272201248232
46900,16.357531727675667
276870,20.293068273327194
277772,18.845253737701924
149163,20.831970073044353
74496,26.035781087387093
67912,8.332497950049207
108071,31.084460829605497
296845,9.526176093126622
92368,35.1154529444133
62861,18.146461952731517
124408,22.40484381572884
204850,32.255015523576915
80392,9.916232666753888
277877,14.237059215977304
282109,7.224277120047045
126769,13.594368293651385
83702,17.227920540470873
29463,12.696695980721799
297878,14.215473391934694
275856,23.452653310680482
33620,11.21468380228681
156512,18.853693796240357
63891,21.012201999625447
104291,28.24297586690573
92008,17.13162822336087
231534,45.51543223240967
291912,18.002450922897374
168589,14.518660800703188
80831,13.898534243143857
75512,7.771121594138259
80177,36.92746148742992
28453,23.114265241018295
152308,29.67851845386498
156062,19.28157140454525
77784,22.65404147506515
74392,18.48332926494796
176981,14.352636507424723
160890,10.975408827897166
225497,19.986889355123605
5927,12.329473162615326
34456,15.474875438742853
227868,17.31845904815718
227675,24.95090578712395
141541,14.422955725776
135982,13.683265063774574
61248,12.485035205380512
37138,15.067580318435922
197216,15.464131087454689
41672,16.46480683373671
206732,19.13023382070284
220472,13.766427518710273
117365,26.831607423922506
50525,18.372368616864478
133282,37.787262640724734
141424,61.46804122953807
108165,16.25773471483921
230716,26.078465243572715
213171,32.05002462588423
214929,21.582841094373997
283087,27.609463274608586
193282,16.315628614807036
65082,15.235014408654934
26920,16.987695525706208
119307,42.70624898290758
225143,21.20999331103312
148133,10.983465878938732
110309,12.014155225120557
54836,19.6790709858574
269497,28.47900095417323
18101,68.94940818701102
49778,14.336044879043659
35887,15.843441368363806
18318,21.826929299997595
257776,37.36936663469424
69400,9.304593199839527
111607,18.788540378840356
189342,9.967008975022644
23115,21.383008466960934
206015,8.11650421453243
154558,17.896727627599393
170737,16.867328115607197
269101,20.065923950039082
105252,30.618445289422056
88385,15.976561448668821
24670,34.59348565515677
92938,14.239043272234046
104269,14.283132154544539
113296,23.65994075400068
45727,30.100657849665673
95685,13.749650834736524
294944,20.323959017975795
98639,18.5307808351203
66628,40.03234423356589
74763,15.74801722174761
179234,18.062536373518547
93858,15.878254896799742
233223,43.20592418051134
210051,22.440422133724077
20188,35.699137460853
176690,53.64761401713627
209944,37.18094717631913
171781,18.023181353537833
236357,8.348025856191214
116027,20.272527120978452
124353,20.913133173488458
259102,24.42176439297379
152242,24.524060105154526
287517,10.40301873427175
190658,16.19530858479213
219127,34.629188408086044
108470,43.052090967850575
95176,23.19720395542974
291744,111.39241512396771
227166,22.557390248502486
181375,17.331122186766684
228336,18.070788581349717
122404,32.1052695702679
195860,61.786991096244826
15152,17.582403973745215
201097,29.34947938745617
217828,31.900920330258536
275141,26.45055284136864
138258,9.980219264318773
130277,17.44010915952914
46899,25.685948142236363
156242,16.774037063327064
160011,20.662872245323527
81280,22.4050144735928
139877,19.78958831269534
164153,33.98034863094105
171971,20.859950134683228
47813,27.47974791345728
88675,28.056371919835648
87089,13.095531751560257
136040,10.607804866796101
168089,20.850369157300488
137290,11.239094653295396
104588,32.35112276056602
194468,24.471990214700575
123629,24.08190941518373
51943,19.48006413327286
52715,33.93481723524016
78656,12.455125685125083
207258,23.497730357561935
253271,29.86373747809506
142822,66.5024190242342
189301,54.726306451019525
2066,36.75628988112637
147617,18.104918529436045
109736,11.152205270506997
264195,39.03571257685234
242299,9.820879521443516
69184,16.805428713709446
47899,14.534025324341375
257487,35.56692237238
298714,2.2660366491658372
111189,22.93046677311345
238488,17.050689155712902
154321,13.69898044699275
35119,6.512375528855136
203596,28.584979678958078
76544,27.935804241917364
204810,10.757251905573842
266697,17.676970331495806
104427,39.824391519796436
21741,8.265299232621633
290417,11.779456325398522
224488,30.30607411558296
264912,16.46151929679574
248619,23.711733874247088
172947,6.1034306361023845
283992,23.54191775361185
74007,20.759315621869924
201872,1.9530694278262022
240549,21.006292335361728
280338,17.851206522931083
7843,10.5876216643826
252103,21.658396555456726
178497,5.731312686904209
146302,20.780929511113506
151864,16.65974337795864
178170,21.796797649680876
234809,17.68625017509102
97296,18.349039307071507
292078,27.391786417686404
203071,30.773197890726415
224032,15.855355277715415
132856,28.902562647619206
176653,10.559446652968933
181833,25.529096555540036
286880,22.5169728827816
67179,17.850335518006588
200261,11.99638529046392
118495,18.598687850364527
195863,70.86570411850457
162316,25.07928865820255
27897,22.305121886591145
279858,15.48364512146123
181670,28.44703216402214
179566,24.60932758607516
224217,30.881930614482897
100044,10.479946682018129
241465,31.966618104059357
14885,28.770716858026084
25565,15.38190226033543
25665,19.171954181503253
6879,21.360682804391086
37142,12.447189634753324
183117,15.167462813241144
217451,20.522325823294445
76906,13.657752913245197
235042,77.6947905778934
293987,25.55168808737239
280799,10.96129430594516
228595,32.759636795748165
125282,22.65414141942542
273217,13.572297934941535
131786,30.651878061133658
97410,21.07689506350106
5889,32.07671320198312
151135,10.418978774776136
102786,26.936127519082582
275133,18.524007080917812
65349,34.44878145330937
289049,21.57979603859446
153881,10.020430246048791
107219,22.435230932094427
173014,20.170249256157582
193532,31.60443451984284
131690,23.216054862515747
10927,16.061208990571448
18660,16.37740116325728
125391,36.686430867479054
53418,21.877416578673767
130974,23.907342542414597
217960,25.63549681462591
234283,7.6724039874598375
10228,31.158327130627868
77902,30.527035005320855
290380,9.89273325446198
17615,11.698716436077916
280958,8.532353793556421
247081,16.258955169054406
147741,48.250150749693695
285750,24.40693347991082
135674,26.230022189441677
61369,12.82741547262859
243934,40.7985836698498
1691,48.34774064246805
37208,35.0863812066884
278587,19.42834271309355
196104,47.787261811187115
48016,26.465662974620226
138855,10.196839885716129
277180,18.67144458002185
118965,39.92334618146617
90625,25.545613343365204
175735,6.556924984248468
95646,13.779312015395739
247158,11.999484872425558
189283,76.55893926320937
127997,11.3767510543777
179606,16.676936209446033
188291,9.145680462363305
264931,7.095676697767804
273024,22.430665812199848
218814,21.01036707986217
134308,24.634620930476903
281588,51.996929533976335
78648,11.858398218104233
275613,15.38294259597933
281403,12.000183043829706
202187,17.11623033761523
248936,10.99867200164788
187698,48.09741570044108
235564,24.938583340071894
56263,25.18290695745528
118025,55.99551482662866
52357,21.023197408503115
144303,39.19858715855608
287862,11.536582673948194
183652,23.79587594676464
290699,70.20346928852223
97805,15.569140942985918
76650,19.516592004840135
63036,22.326653681563396
236373,40.5004148697829
231269,5.554466922242872
39159,19.83959730168835
265595,6.85673204519745
88372,19.386007211095944
145620,52.65516082362128
135528,19.296406664080855
285157,20.57100962099706
257598,28.22938796066171
130314,12.663293301081321
171022,22.01303786338757
235078,26.759423982570894
276487,13.197819650224485
156701,107.01766427860093
103575,13.368054920200706
218647,39.191891110922846
199736,7.82301521001461
207593,11.800365218382227
97851,30.14070485568631
211464,41.13837486738818
63317,25.448386596733364
216430,42.97664891102362
295406,28.29462740308682
26543,13.905417775924818
12496,33.348244804193456
30278,22.24040783339766
4327,32.32054677585817
25885,25.906060592716898
7606,23.993018691943178
290128,19.350024514777786
286165,10.82269121556104
86148,29.49748046177198
35595,10.282166611318935
253566,2.700649235638391
195815,103.12004783898678
15743,15.824352318211275
30417,17.928935769325747
61801,6.613779233399006
38436,11.737085582202571
229915,19.76055163988605
295296,18.89806460332376
41219,20.251519500832266
64139,14.59724277270071
28221,16.50875416975937
55688,46.77033826459898
80135,12.491158535993051
236547,18.503999018550534
202093,24.343997507538685
123816,8.393837706903426
256680,27.893014138889647
68021,18.56897685650951
20435,10.394745520672302
127504,19.818025344095815
136976,20.601919929715216
105730,53.739176578564866
188032,18.407370909560072
112119,6.705864765650377
41504,13.759808088007006
197885,46.79535932424999
258790,22.67566414979899
250435,22.256489496401862
274228,10.022168918320748
163859,12.562244394343374
20038,41.24353809739058
55706,15.252780953325694
41561,12.915946808483902
7364,54.634196648574424
24219,17.0710658641734
277574,20.21699749516638
214363,24.105905300892708
234049,24.365279475538713
250595,23.028158894537448
160257,50.527088100976854
215111,13.216046895763803
164439,14.524591268627262
233182,40.67252708863575
142794,31.636233691424508
30847,15.791409433227358
129875,19.086731338986027
15462,21.426592788221747
242119,18.599191020584314
86308,32.488166743720114
155452,13.938301125482639
69114,14.004708382973153
185365,42.784243442258536
15258,18.36249656792353
272188,15.463747444732942
45872,7.849277300628515
265063,25.51910492271798
56145,11.687942065708002
156464,8.700353828880345
224330,24.545390973951115
152408,37.17731838695723
86823,46.62714945615007
45146,9.072615320662974
31400,17.638271707647867
72092,18.629750731720563
286969,29.785725550677334
277962,14.769427268705972
91113,23.356855338948566
222799,21.153110388702586
160321,4.5955733023624585
153742,22.357843350190862
278041,29.74111681537029
199910,11.78139096800671
34982,124.01727239781258
279244,17.14732519233246
111407,24.646706934197212
40623,13.185380580947452
44927,18.577640333896852
292277,13.722089294753431
190551,7.560139632387308
254507,13.494430703738939
6263,22.157463878571324
249346,57.37756628339714
190810,17.481167953351328
249504,9.920038469874036
163186,20.64845313341144
240901,26.931758928887945
71533,24.983583800653978
198384,9.558637647155221
276089,7.912214966676565
22185,66.05508085522803
243551,44.367263634276185
155062,27.607917005545737
105101,24.87397555186731
211133,33.775059148466596
220689,28.410550369902566
71148,29.572874371871205
19342,55.16195945346039
299073,18.22122284481207
274090,12.314249750030969
47442,5.865083844074547
176386,25.234101390676184
133351,28.8269817686721
227440,22.279980436967364
272155,27.222633620439417
180970,19.998153502484403
147389,69.78875517749825
212031,63.714772902365546
173585,15.976468943637961
204278,22.883927923282695
95009,17.432730831047927
92424,13.047882683519218
23326,7.547006522777373
906,22.38186216313113
71950,30.37792128468746
121507,23.982010834686434
128393,15.767076533775196
115330,23.134088376307517
96828,7.815093495221147
16811,26.418575162344744
19421,31.214956454675267
265835,13.193604462183814
97194,59.40137833012472
221170,40.782962320228876
63440,4.433501553172578
102365,31.970976868281724
132247,13.183347673309509
172595,9.283725412908934
287264,21.56160636293705
76798,8.505970978813668
187253,10.799600904600762
114682,20.335599701088473
45217,-2.1576269844286555
147346,50.4574940775529
132490,23.643411299542286
164085,10.727709206981839
153044,18.922851009653023
234581,21.814655031897047
174253,16.39042193870286
187775,29.92315750648236
77384,20.977427464824586
167877,22.906225761887953
50697,38.029092606189174
176951,66.22940131504319
108781,9.393455638840948
221650,20.446787592789338
41864,21.7564470281102
172161,16.899569158063983
99948,17.10292042821412
54816,22.66852840228059
63510,14.386150167960235
154805,20.77118753115279
145264,54.14014713085012
132949,22.319265514565444
184364,20.475403500781383
177613,19.334489660689442
267289,13.30254246334043
15875,19.385767738628825
121053,17.53654960048503
67579,8.799125242515084
33041,25.111358262635648
242226,28.906378478106962
293206,46.23879457209855
159127,16.115534874637493
150716,51.94652851521482
285537,2.828284976934052
200053,44.89652932464744
49234,7.338696093892491
2908,12.971808565363457
244357,23.827876059096496
254288,11.22933888128074
270322,22.019768563517495
219844,59.13707260565477
215519,28.810275790744313
47811,25.91656019809009
295637,33.667427565142766
15567,18.160727049345326
239919,16.58561957869361
134964,22.200011908941747
4123,18.974308435992235
99553,78.09759403642101
150031,11.307780492212206
175805,19.051589610226834
129336,17.88614220874119
120569,24.176619950534842
179036,24.994214915139533
288074,28.03270890705034
213167,11.154429684544008
72695,18.306285646533716
153960,22.553227986401893
165601,21.58777015697877
221358,10.045568625539907
255537,17.444388539432587
229822,73.29478141465577
139796,9.698169099326776
186673,9.326929243988381
34468,57.37248572490777
21918,21.362847913241673
37005,14.006892630417468
213984,26.50087572996722
115880,19.245890652727958
125338,29.0939224429858
138914,13.60930458555757
102131,12.715094880375638
273099,28.81375500068074
57738,19.785648982365473
237109,16.476898111927092
42831,18.923981765402687
281777,17.019362139674836
292501,26.123572328866416
183911,1.5960564418058683
111940,47.10648949459867
22199,37.029798462003534
120867,25.052685197319843
289609,14.060984478583386
279679,23.05304041811907
118201,18.340845649026356
2703,85.0504290447544
225350,23.883789008296645
120668,10.152118318253473
168126,20.768818090830187
32071,19.51120024673785
144944,77.67916209185972
231270,3.9778179336904325
225836,34.712142418989664
167880,27.918148268782506
64838,22.31204424282671
238068,17.8203889567872
275022,11.766314950670317
220961,49.97933362152177
71608,17.224562554539496
287853,4.497404434717245
60338,25.656035365617107
8918,28.039746179982608
80664,19.167251312726364
19735,36.884928472268214
126697,11.446095703800925
143396,17.519742986024553
46696,26.376615695265972
113752,22.102658866057006
228824,17.43180112395965
104276,14.211373170345333
18158,24.1742359845124
263064,47.58103437892762
270997,12.118326994495009
198944,4.747892890441676
207768,24.720736562389455
129299,8.2020373592535
205732,19.660759075635607
167227,24.82477835075532
157322,78.0647619647203
127377,7.89362526632403
102960,12.460706714127198
167160,17.264104424465188
189971,17.325836278564587
46450,9.450750192889116
27624,15.851405683019628
81795,21.96663836707265
247425,19.205440369262853
49938,4.384002995005296
243962,37.59734171150122
140625,13.561587306567137
62524,58.15341182401544
218765,14.773593182777837
15758,25.360847151434037
61324,11.881703327940397
297014,19.30434004109793
72895,26.520309411590254
134716,10.049814097650698
242817,14.08018107149072
109154,18.325810035096787
256307,11.973782959211615
111625,20.49829716942707
53385,21.84078309266843
171521,20.44323121288947
264544,25.115930357636756
176304,12.321120452929376
87940,10.202698919919737
223290,11.608329688287355
94127,30.03570078843409
53983,25.791380979129272
128544,20.806719273247502
296584,10.451464155299394
176131,6.773012386491629
121082,18.77290440657775
136342,12.266569662325885
294960,20.542594073185036
240511,27.00379468726772
102390,24.691840320352675
147457,7.033171634162141
56551,15.154158337687495
228335,40.7300520568459
173146,22.454270798664638
136738,10.016177150132439
264650,29.19811235490304
126163,8.417464364008236
83907,33.41942358148211
273517,12.64392168214113
53134,21.84095334779967
275960,5.201613281740801
288613,25.24400876838334
161754,61.73252130182615
266249,13.938491089817731
294148,22.409215571468277
217116,4.046034701890879
133333,29.739231315706647
18304,57.40527935750104
229195,17.972605858146974
87441,26.289336824507664
118968,20.14579080032074
104518,17.729178481923114
205775,7.346606949459153
266905,13.900805677496582
116643,19.042122862157033
107333,7.737169797205707
288392,26.415998170789067
273767,22.57128998944838
222368,9.148350963512225
189916,51.68055440621258
225297,17.578398434113844
68692,31.965799741977527
117169,36.1633028553321
17330,18.17252135636734
42664,14.7726927764108
179019,58.605222296275336
91949,21.142570315398018
223141,14.359567154132854
212162,45.95124101434176
204259,29.088857715119197
33088,30.495857255560267
179808,42.40071979921925
7126,21.10926811946234
129384,8.922025492885908
9602,12.885640964457643
106199,33.40472798694624
187571,14.99110515141934
138562,16.99765938167009
113591,7.93632637054262
228843,34.69678135905976
273639,7.222924417903904
276691,9.128970254962422
281183,9.546877055227123
260778,45.46113620087269
287803,21.06135208111278
201452,26.91283962022303
135585,31.248502727955483
268357,23.79958489198495
277143,24.27330167923767
257179,19.67097917211889
216295,11.750492571686024
240164,17.38828848346412
229896,22.5010243480882
287045,19.292038836084192
161045,61.410696594620596
147576,20.399254101437982
193103,33.20177020661301
96554,8.472636972814932
30971,14.142694404908688
30301,16.33913416511451
151218,36.45393802277622
161360,12.748995555118992
62137,26.095994149262147
126363,17.7636235663069
61519,24.20329078714296
261812,30.28588400657081
92315,13.58661637646624
182705,16.31574639283078
295202,12.378130984005118
99973,8.756152743461026
27465,16.9292827284131
53800,13.285271958485808
143639,62.38470703704768
51074,27.92788159570734
196045,80.1320700397352
215659,14.767171587644455
87628,29.7252671249015
2378,55.85055200237381
22686,21.66327304216182
115833,23.141885467717945
194245,26.232595666478755
158221,11.893770967139297
234339,21.910797623843017
280412,11.845233388699967
210692,12.419747583515147
292460,38.48393163552091
100054,32.79201600669426
73174,57.49426715748097
133995,12.910815539328283
184088,22.030978586770587
106927,24.841073420338574
173207,8.187694966256437
72453,30.421027222238756
282228,10.047894205631879
139292,20.37049067721889
16480,32.4095071603345
52852,23.043304871325887
124117,10.83744800701852
112688,12.63664793682377
176963,20.86527102235612
277072,3.246856804507366
95994,18.298207445469757
296341,49.72449656956466
260051,15.466202512642226
159783,20.67529020996251
83414,14.409820745979623
184837,22.858684350431318
182421,13.418134205668045
211432,45.500091751131144
250217,9.162068594823282
171416,24.782171105281275
86914,14.45774417562044
95875,21.699848329274438
217558,44.24941846512289
46679,14.689541790211319
184321,19.263474080875632
93559,14.349369900764348
42354,21.761881732460797
258823,13.825149695624319
23913,4.518989336557326
107950,10.453609371302736
75588,14.115838897030393
138611,18.56821307183595
21873,10.153593373839579
135519,22.086644080530128
83849,17.97521323224818
123997,24.05682832647868
200082,23.959108743769406
210273,10.259812416923527
256986,8.639033361742541
228909,10.390854374159492
184504,32.576922772043226
260167,56.43511683129899
154304,18.73442050631885
293050,13.85217156128558
154388,20.462404517060993
195431,71.88961138086037
24779,13.744307192024515
84020,21.21930616614216
237085,24.60919953947008
86149,30.61266194844493
189887,88.7635022063256
85541,9.662729851281698
258044,31.272665052063253
19073,12.226903427423835
50016,43.303695625577724
245569,28.846486387607847
28120,21.86675974775573
251151,9.628277222631013
33767,17.26346268232515
173697,29.747018466424976
99703,97.18528417559176
166911,14.316388453292916
154866,18.81451827643909
75611,17.704301423853266
57727,21.381207218283194
66868,13.287411487873587
33859,12.946406758397641
236408,32.739532886091304
69665,16.60202155871054
153759,13.60951151861205
12135,22.200836752732087
101863,34.376566579042056
193682,19.65251184433387
86678,17.094560796855838
93093,21.53382122096268
81959,11.087037130724823
152600,14.82170502370343
43454,25.7637905882698
92400,38.656660887496024
84018,15.393422523902448
128438,16.911695708864862
223913,16.70994556855187
61508,18.68334267598734
279555,13.973210301680322
70905,9.78386282968596
165156,10.114659472854564
242692,10.65649239997871
280389,18.073011875078492
61072,14.590433291871136
98883,18.976030228482085
279875,32.28537882613285
56563,27.717566592632096
233553,24.00890094593197
32735,15.53707102567347
95913,24.981571926000022
1058,28.531328161059065
46202,8.942528651990425
244521,25.488614214914058
7353,8.501505701421912
283667,18.452012899379113
233547,17.08000559580401
55133,37.894418943344284
197255,16.367142661731464
56839,22.403073303800717
146185,22.75153222733181
184163,17.576345950537657
87556,39.35425252797328
120296,22.17859051792663
97722,19.080840873700964
199212,9.396864097485953
227000,24.913047429080773
246721,17.671179107966523
75878,8.261688464040594
196016,79.96857006925734
242483,19.92529744474311
199592,22.374830291480993
248768,3.5703250787170706
235175,20.587710982134006
42034,11.439859173338851
67371,32.35129432534314
122390,13.468851309251283
180234,21.117945385208635
288006,15.214709595347443
36262,10.990266175362713
148667,25.98991599364959
214989,25.09654524471908
102645,20.267792177675354
240197,19.603803039760813
169900,17.525927026664064
120368,17.637856073442872
226697,21.137159043444512
33882,14.559721586888543
104225,18.85066483528369
245968,23.21313246347427
1463,78.25223163610909
132816,19.693081870697053
57363,52.38807119994933
40698,21.181036815542654
123417,19.8120114038582
230324,12.272576639002361
46674,14.012814498743907
139371,24.834470671415737
202707,6.090257163941221
108649,71.8600537115718
240800,26.68591105218742
120976,21.84414560216588
119930,16.562427342853752
186404,24.59657872878349
150171,15.803042702595533
71890,20.93433232772443
146838,64.82826872027388
171135,19.01762444613682
70651,10.93430478557365
110673,15.34638996206689
59590,30.295198117155223
259083,14.849427469213111
26599,11.65595167708614
74183,17.067455350738257
98328,9.049461172836633
183405,9.09545156550904
45787,11.937377068411768
240098,20.004798738102174
133292,17.553209103620222
61161,4.010726959913344
243153,21.71391853992536
20208,41.616898264445126
153082,27.53564399200898
30064,9.896877889041875
201375,24.878622952972524
278423,10.263908785382586
298884,25.734865482565134
204713,52.23594861171352
262820,16.846698642136154
288458,24.69586810380201
223119,11.800185506035989
290438,14.317065656677158
128970,26.919688581932228
229313,11.13155501209636
179592,21.408074572949296
117381,29.274518599724843
248135,14.976921464738098
256056,15.430910935164615
61329,26.205692148372304
267340,15.205384653643119
204854,18.371973173196164
29393,11.413370925031295
153550,31.11077888446463
211032,11.780521781652677
27482,8.997890064995328
117608,8.983820145105588
247508,21.110630294933067
58091,49.444394701986475
152804,19.69348339337774
156473,24.270627914433796
254945,35.91653072904605
93312,27.26758769357416
38032,18.683342771026503
233788,13.16364314724642
177694,10.742473874054962
96151,11.555308703820714
114499,54.065915082209486
179503,26.424885149315003
37936,16.499487715191428
216145,29.551555799585095
31697,11.661107219443773
284414,14.62945750168101
285652,9.686130104174442
184690,8.058636889427317
37592,17.78671861953704
217478,12.954553988731114
208749,15.447317720977296
62913,21.443065757458765
156397,25.45726395891706
252464,18.54833435257249
13422,23.953118897715434
38490,16.017221037168532
293101,31.16170029774181
94641,31.794419084745797
128769,32.54141514200382
225418,12.44081159655606
235786,57.967416486380195
49014,10.723072701038415
187627,8.468866530118998
296119,20.9035069809877
254003,28.207226853576387
229749,12.186167467244513
135138,12.657101338553762
70090,7.303928184031964
8185,23.152221977887894
186029,14.518457024970765
125570,34.30356576563117
194874,5.938703779928533
19661,5.381655599346306
132182,17.633018522633826
142468,82.1115769032696
222401,32.911656201854406
1672,55.36821865642484
135252,9.579100828273006
170501,76.25072637957945
274474,15.03336253654156
130009,11.595457438520022
41304,11.143635200178554
295927,19.572792148666
45863,10.797393341057496
17107,16.9330197946494
297555,16.708304267997363
51970,21.08080547260024
264232,14.870118604574557
206502,33.51347611776652
197332,38.33505709755568
245678,8.340121743319859
292859,27.618471494777324
168529,19.9567761981864
79530,4.680177515443487
134524,10.082925113049445
183491,8.94931968430907
205787,54.81454311059344
133442,58.302460233803195
185013,11.37736095688826
13653,15.902248834801561
189690,11.313343702526762
102922,10.322655161402972
262227,117.00847369623568
44531,14.600780957328517
246119,4.632680452948994
84148,21.801017019233786
125369,39.05161666578939
34912,36.35841934690186
129512,16.906487894394324
264689,17.08022659168764
9095,33.097331598707854
69007,22.94134531750253
211253,21.571066336718935
89935,17.814943253251435
2650,68.32125130424743
238568,50.47629859894399
259172,38.093045072139795
97288,11.849367969641238
265453,10.295089619803914
82770,17.340786702995878
230548,17.72616779536466
81775,10.605341724046898
116982,60.732702774439666
17154,27.391617425073765
239794,20.489499165747183
157325,59.631726665730504
149509,13.571474755840072
34812,20.571491300933126
289348,9.592740129626987
6150,37.66936480482883
154711,7.234684154547864
152718,13.806345503905803
260108,18.658495758055484
114662,24.695785324904996
230412,35.78487433318757
16305,20.087866284067985
248462,7.333106593705731
156913,79.00215515222106
267664,16.2252314090252
220960,50.706074701529644
163917,17.874064091680708
113495,19.23462566454919
261704,18.859711978681112
160420,21.654953408077645
263019,18.800720630671897
73472,57.21507351304936
61790,6.8109659155364906
210063,22.61529133610309
168698,10.905645755813078
176922,16.990301626330957
152983,22.903483405556933
143479,17.646400868741004
51910,19.305329711402848
133273,21.766449338330453
9591,27.649985160152028
4808,15.896252497963864
225142,19.083784177595206
18087,69.91296300196967
73216,15.414091305974651
1736,30.846952417182514
197398,14.349048281012891
51642,3.1885929768531094
193565,31.206248048140004
73442,31.704835787406132
197548,20.058296036271987
157288,57.00886645769988
115437,19.300063100570867
252631,5.7349981578041955
97776,6.785488608996001
170045,23.106835967486532
49204,17.22924275227019
139377,10.78445263793942
112624,16.984678715980102
137583,15.787374494805398
85808,18.971070152140186
248822,31.13992052809639
91435,13.117121639551508
73608,35.0750729781163
88981,28.970106231801232
249562,17.545920383800198
172346,10.663470345500873
27148,15.713470590575902
275171,20.85466379539428
297890,18.66336354216661
150667,16.16154403197499
128086,76.40866220531586
253184,18.817620969988226
289923,21.237239981978995
172353,13.951913415550269
32976,11.184189221542315
185993,13.507655591731124
161283,42.348213064377255
250156,15.390982444433213
138213,11.12600812979411
37040,10.144637437423814
80468,6.778080866384041
278681,20.337549091922703
189493,58.019177576563614
67497,15.087650304132694
187986,30.15522950380852
89249,16.483389720248272
73979,26.034706398523532
94395,15.408996471257513
126251,17.584799010663698
155739,19.98474100435815
225671,16.71149875164204
124195,31.50691118407171
40538,10.716586595522955
211653,50.83739861840449
197005,17.467500512049533
297235,13.133288110290795
30087,29.829331795187713
137902,27.211366668827452
232578,22.024580129760814
104983,11.948500831847625
274394,35.959315536443036
81894,14.97872750296196
272454,31.18838193343352
136493,16.617081392032066
162221,18.37856143527158
276571,21.91549155867243
202492,37.23298359336298
228750,39.0989613719181
163512,17.590921541949115
208575,25.323526297471993
34045,8.25148956880886
61699,18.38751903083112
199947,23.652650410279513
118689,39.46561277095743
53227,20.119745857623087
55814,57.99007659426474
39125,10.947742810621875
84861,18.1062590991164
11103,31.38975823949516
91039,16.406143790763096
284183,3.515353632114321
166255,59.27705131121673
3902,14.074913705382027
119271,26.44964846250057
264790,4.475496036736441
191680,11.636047152674333
259769,56.745406006997875
114605,11.598218775382374
98739,11.31225922500872
115710,11.517385280818399
204284,37.59504833504132
85570,12.732861857136175
201780,22.977511651168516
240557,25.456963071276768
233956,35.577929979926296
272237,14.494244348836496
113575,63.6839379398674
183900,4.349222304460382
297192,12.609259934291533
216303,16.061708637873302
78472,44.285039249186184
214306,14.978382045111932
282004,24.274583393882015
13466,21.94857932557388
18472,27.38557295493535
138540,29.501959221268955
288154,24.434434644351914
290436,18.36598790922246
200247,19.8511342707491
184578,13.582607980298008
229699,19.618348769772584
197610,31.136698751210986
68547,28.356904386591616
109217,22.256113518886416
119099,23.592372377028916
164392,18.498125859474268
243130,26.596640440797092
229730,28.026653497968095
226955,19.010741724938796
228145,30.648885407185297
271415,42.949170069961575
275139,17.247588860305285
18214,28.14229359370289
208498,12.385558899526105
287590,9.192437599476944
4042,62.934126298379006
35520,21.02416404778992
182448,29.557346880845376
287806,17.461989153381204
81920,18.461664276326335
187107,20.418889078061994
43628,16.01912608214004
88901,7.1981784256006325
292353,46.520921840721634
268160,29.237601857293647
280290,17.31720552311608
163322,14.354497602907543
247397,17.484927459970187
33180,10.492352163822225
134275,42.95685769036101
235945,27.39877671152258
9777,35.540836256707045
160537,20.741746578248144
198922,7.914041674109086
61165,26.615212840125842
246047,25.724396221338484
79067,16.58749102405359
223954,39.703341261183574
86878,21.74291077579224
202032,28.14097196455876
124312,22.207172084585867
175394,60.77401150018718
231487,10.40427119919114
214761,29.171687468165683
147487,12.584749466661508
182999,11.122122452483715
122833,12.840852209347249
230247,13.447452519732867
226115,12.01044827678497
128484,33.85432164641082
295978,2.3176911371891604
64685,18.61095572320429
137685,13.482134610529755
151880,41.041410711100305
12428,21.03328167248422
97697,17.380141193562554
294354,17.63637803648094
190138,13.50845264409266
36878,27.67913873405501
226197,23.557015495972692
71339,30.488529158650152
26154,15.992236597095271
30992,18.92658678490934
88034,17.466725467062922
82828,20.199907122010707
24977,25.616334803143367
293154,37.861693822545874
116154,47.83008105115602
91497,20.21448204511357
204709,52.29387422523275
284540,4.186311157858421
135112,19.60082354598138
283864,16.23603565944562
149575,38.825624009189966
213419,21.856263072863115
196010,47.76707701084633
195455,42.11360541090223
94079,13.306573272887
61349,21.991048015609103
194190,35.897425486212065
257795,4.819710708467236
89103,13.748516685414419
7501,26.66294465206236
66973,11.019777997765829
187455,21.669059807442096
38691,20.52431760915777
7313,23.896374016610306
72640,34.94123423502744
57834,17.24515980686433
295036,20.82822306150178
18849,54.922329883742094
157726,18.45815202071875
255062,19.20680495986359
31818,27.742295732577176
273756,25.03317881719269
159864,3.732296667295028
89220,48.852428616985954
171248,15.977936550555619
281005,22.66697691757269
226602,41.02206307245266
26681,22.036692519655904
102646,21.13743903040228
110607,45.31980837098637
5817,20.977605899360977
59194,25.73788654415369
6040,25.692518597188183
96362,14.86582217380024
224281,12.056466968766848
270620,11.454812505562796
33000,15.126236007145607
204922,22.940666003830295
120431,8.938216088623314
10751,14.865846853614542
264346,13.554286589911097
141397,24.520955221801003
75147,36.204701976836276
228916,14.88630734132991
57104,8.573734207248688
96937,22.093579220928717
89608,12.974454829662019
252868,23.889464447206652
212055,24.18766994862979
284743,9.170957756948988
269825,14.902474148601577
15583,19.778872719661933
230330,12.102424491778326
80491,15.62772907501844
246645,13.636438515301865
67442,11.067399205329288
84027,12.50187507223285
193879,13.581658831268962
251612,10.915686400279231
294843,20.295927017886072
165223,10.11473053060141
89245,25.451253141294153
30498,19.255286041491786
219520,22.81516058742953
80414,35.564940958808
117254,23.2572542153262
213079,24.796992316720345
121736,56.546945059720606
72802,49.82680728917186
131447,10.767465922734957
127033,9.320672226856644
8002,13.66617263697335
271989,16.74369033301375
77027,28.301764921127273
177936,11.018805981024125
107397,19.07777885869945
196285,75.04905243138978
176214,12.543786426895586
227970,41.437354325514754
297156,20.80322232925512
219753,21.2946312044731
58430,16.03221991848593
159159,10.029952427888896
287778,16.838183014878275
36290,24.614246308352712
218184,20.196027661926642
286371,21.915189285869992
218633,28.76548575033177
106099,19.126202949959904
34677,18.66944764173114
2437,77.60100753080849
118867,20.18378248505013
137461,18.781589920287196
155704,38.69157182459361
265097,16.950752977159834
204987,56.937201819288184
63326,6.532470659471157
287767,15.292678681918126
58974,27.894762801123193
79014,18.97341278903787
33817,16.757765433309935
124029,29.403834766871142
1272,15.46371038296693
256987,17.734769363301275
230884,19.437226180077122
75473,23.62224842557397
76951,8.337224028687292
245860,16.241691359526868
117148,20.299320640572173
246660,19.741780910271693
102778,25.894141347954694
66120,29.212234784477168
228489,35.659916644987305
199244,9.268557594576304
199840,9.225261008517466
291088,15.629112501993191
230243,12.858172368468807
47365,25.26464348298265
68582,22.534595128219763
88784,23.27503291818399
259855,16.455019437198622
198119,18.158264253046028
2358,58.85045290233179
2039,55.35925180100924
218450,21.528472930545167
265393,41.7268541044266
276853,14.703880695406202
96321,19.98146462444344
238361,23.76032626280938
124565,15.555865248461842
234064,21.850750346206617
252940,86.29049999792656
128456,22.207759035688596
199916,5.150585247645356
264337,14.05813458679166
159299,11.402571689652397
79974,27.331563219804078
291998,19.039136125080127
295073,33.94716898534885
75370,9.907668913726294
261733,29.368965932749283
277280,16.554537264874416
80946,9.386828536642593
117101,27.323554465825108
42497,13.406235695337799
98736,37.9914659831368
14537,23.957220364714694
117331,6.125889122494161
80511,16.236179560911737
147006,52.45971518247071
99672,39.076956415439454
122336,61.31207544069371
70359,14.226404359341949
261663,72.68987772842269
165861,26.39969717634411
42651,12.8976129551349
225543,21.825690257602332
150802,16.125198872725576
221300,25.743680419929
202282,22.266355676882412
23096,16.800985771812808
199372,8.21524855038213
49496,15.164451979484546
104,24.560210961507423
117000,19.76995277795525
33819,44.472456098831884
144906,75.86962084892139
286282,15.478599637036744
66787,14.96939910989748
18656,38.489626697483374
23886,15.677388652484197
275800,6.440473187540938
198912,28.808101293827352
289000,14.327188503377116
83198,17.92169601182784
282128,9.926180861863722
70152,32.775279365813994
119395,11.283771376609277
125667,19.71913283162538
71514,22.276294950190678
67534,23.12582124268705
271533,22.15682294420887
40707,24.89837367523618
157940,12.989806080755336
99925,9.223010041439363
35447,5.39750837504384
121747,23.367857117003677
39957,43.87082672538089
253023,18.78901363067293
151955,27.883071725567085
131010,17.19452810901193
147672,56.11144894815456
260927,16.277820865866087
140714,10.96916801876452
274278,12.006872279555427
40187,15.113644001796377
290750,41.63265645337538
185537,8.183549682188652
82300,12.073396729879162
97887,13.059551724645761
37373,28.34660969094358
225080,13.161216666749667
274036,15.101176921576144
177410,13.21564800338516
186260,15.898335873350518
203806,21.42489222715046
230345,39.482156533392924
143046,49.48181788134823
159563,14.462460462096828
145687,66.69038815201725
233191,46.09443494239504
49470,22.250888085555488
24556,33.470668007029595
281223,8.787660208609186
185545,15.543019517553542
91310,27.324803645642085
128653,82.34418407438451
29734,25.043999430156752
94679,19.835419010699162
143092,30.93956877882436
138833,11.627557999627193
88071,19.497957678769005
251304,48.212211688052015
254403,16.031287034934955
254150,8.187102192351372
257610,45.54816692480885
29268,8.67243743136479
36148,12.203866498293753
79202,7.446429428519135
295219,21.079602727562758
55475,23.718392304655318
298371,15.34400183341674
252106,22.679065069538574
63071,7.1583105061042005
297534,24.16953560834422
111843,24.51083875888107
265467,10.738454517152775
170302,18.95980622726458
222353,14.785212540208484
58043,13.991921185980573
156241,23.351459862043143
99994,11.129448784905795
205,17.847241509972037
256277,8.38897963056185
231458,11.550777019485587
7844,55.041188395533226
60073,8.47309645850265
82951,11.794295181765499
187657,17.532603035884154
88041,9.691761339002237
286242,25.66793830808468
13316,31.774488393934
53193,19.729463070882268
33404,21.755204152063627
272402,5.08401581831866
214310,16.825619299428723
28454,6.0612357916867055
167960,10.119668820250514
32800,25.431409240189026
115638,8.675599738176711
64911,22.61545709095072
168608,20.04194212614425
51119,46.04666121977493
29957,38.50609282177884
100416,25.138803192576553
158728,25.336771167708797
151948,13.348978796768622
19276,52.75557882954536
251562,16.49328480528415
141981,55.58719742977001
243335,14.0905319917578
136231,29.548173309520536
82668,21.834976102585152
216740,4.187818876103767
260431,14.313476270665618
297168,21.882801829679778
265513,44.79029073510517
287397,14.083114773847505
13185,15.620924920318725
38177,8.645034533812987
214722,12.625642050922487
287922,20.388482945294655
104632,14.053767080474316
77611,19.688206059987706
235894,30.640234669025823
224788,17.863631889964456
266840,12.3632551348248
233911,47.81639945430228
107962,20.96344773270254
108246,18.734352736537208
72065,44.25428049021708
268414,13.268943364570521
193653,20.77337994892663
232539,38.24162848484037
197039,15.94860415558102
259266,10.349134485758348
210651,35.47072468397254
288870,19.072440488176913
209697,29.603373014973048
106174,21.00736469162746
260728,11.427470766744921
281442,18.977408633988727
148388,58.877839371151715
243116,13.823689040285487
99518,62.2921077734918
237376,27.92381850985926
33014,19.63580308095336
139683,21.767729277338212
228902,19.484198886983947
62192,18.44014218479312
103611,16.501672556281726
134666,12.331586622440373
27605,12.42524615791972
39208,22.304611341758676
9192,15.363151740395224
284942,10.904473738740016
249352,51.66809264863118
22625,33.15387541949422
255196,56.75142069154952
223024,13.052836368101985
204592,14.329275807036758
237343,39.32306435374177
250602,59.526010502357465
40867,15.892036991861815
20366,32.70856362084589
225234,8.42724277480172
61990,23.745018510364098
79568,30.099301384820045
232250,30.551592154473006
133210,41.8770195774358
121427,50.777964018111234
41125,36.71961816183026
269277,15.822108024529257
87049,46.66323912150452
291800,32.44470204869035
70367,16.644958619076302
246076,33.517663668936756
32925,24.715994417109712
87571,17.76557590623564
179766,37.83514855398304
176975,20.072616275005593
172451,10.681711491547219
180833,17.92363924745297
71352,30.53784600326511
57355,37.37500120773283
26078,11.897518433528425
133259,46.70175255680633
133675,15.08545788588415
83701,14.671497047425419
60342,28.534136083442622
80506,17.62881246972425
175749,20.271018719514295
50037,8.081090570209689
120138,24.62850865346853
14573,19.33050666042324
197825,20.945177322142136
69736,15.56067341615632
111909,22.788303143075147
106119,50.86415974803972
161678,56.29287340358054
9666,21.667730147619515
107457,11.056386776383516
290553,9.159110487999413
149139,66.26033652117925
277035,15.885927519682912
119382,5.506944168628248
160772,44.082113243297826
78790,11.736402778010925
88340,8.367316005404081
274793,21.149169749061727
227167,53.29516838682452
102113,30.881005990888966
105336,16.239055420200494
30810,19.474084191112894
93810,6.468101904762722
291928,24.653318117994765
45126,10.52312977348226
272414,19.265626210812343
225773,18.29560802152121
123486,19.506029599938508
60487,14.84368009824989
35513,20.551223313832885
52178,19.13267474210921
215280,19.071290772112373
10111,17.90166066093699
46018,15.980761545031093
240018,9.808236431458162
79556,13.603021806720646
64490,17.338514073282216
118154,21.57399551004591
20216,64.82246644065032
256971,34.72481549671463
86468,10.979456955168422
184525,5.3506829460357705
248419,18.04521742276924
108844,26.104895388170426
89764,15.01118648585144
263004,19.580975971299353
50217,22.337840596663717
91965,22.81609801293166
5391,19.05168116147577
216372,17.728081326004006
289200,19.20481595597073
135383,9.366986600673016
82149,15.650982213675974
226356,9.743657741765158
66291,17.476454930942495
101461,19.051246975021964
58980,15.935069993684138
189871,21.599078508196726
137112,29.073219894374333
162435,12.07206861946226
191144,7.827712987482403
258515,21.914229545128496
73475,55.25169012961931
171181,20.128060672860236
13802,15.417432615574228
181863,24.682045134035782
63907,21.81875600116083
279972,19.241461283540485
194828,9.626002958286604
104878,11.59302222005021
295246,14.610263807417255
285135,13.112805830042047
4105,89.40001184319922
267901,12.94861974700753
108182,36.27556756079226
173940,15.097323591841
196120,62.53817715364422
147172,58.15025953110409
92242,14.199818297275492
131069,21.0093268823612
222668,23.767323173550693
29432,13.392039943226788
25513,30.90039630904937
109838,68.97733903815154
63691,9.107126851108667
110988,27.42119885222167
103937,20.064963286960634
279904,12.576305149198978
203606,19.217850965666294
287173,11.509757950931615
241698,14.315185555063465
75046,23.40276455967389
116815,12.796500102852832
272315,16.479016303497247
224840,11.260082072428004
197139,24.562233757347855
150874,32.43837844025996
190495,8.103143827729117
117825,32.507286082723645
167953,23.968008569817282
209911,12.327332431653318
96260,22.633963269415723
204978,25.25434496816024
151154,5.711821639608571
200052,25.817514088263504
21165,35.79586532383718
66895,21.120069330351907
42383,14.015844636757766
286065,9.89543607635569
140854,7.491565407980646
245586,27.20010911677855
194657,11.634066843671665
251117,9.632120515464933
237302,14.173805212698213
77045,16.321930292595844
241200,8.113314966833231
151757,51.8703918874512
68205,16.78720178741218
75478,55.16414810492569
191639,22.40236485310029
184547,11.06417235954743
63176,17.591582677061602
107131,40.21479998308308
108522,12.09657642351739
218192,20.880433412862764
7743,13.833859094375871
299356,17.07484097173401
88588,21.01599219027673
97033,15.081338391290075
225699,37.01652824330806
277435,15.186789426968012
194585,24.450433801261518
73032,12.495580296296843
271888,17.167224661873764
290490,16.899174226029615
196884,7.338790494938296
237226,22.847860911913422
96639,4.523967223255699
108025,19.374881301157732
238449,18.32082272989674
70158,25.074098277162996
133267,10.00350171910629
293997,18.255021223237055
228821,18.19453349996368
161823,19.12189063710992
164157,11.973831052291562
267737,17.058022752474756
219417,13.69636598458947
198752,18.058265839104763
220589,13.285380361392455
296451,13.352291813188256
252887,30.441315344789494
256396,18.406968447742187
21574,16.647242079493235
53686,25.97892011222283
119669,27.98426775032876
165800,38.29977161830008
91694,52.15958945609455
184421,20.179259273692544
131487,33.78202729244048
241454,16.048798514030416
103489,24.65574741792539
80753,15.005919014740172
57517,25.472588549458056
164015,19.51097228718007
187808,13.081070171786902
71062,11.618504742216857
202221,9.789559468535824
66191,65.76479980331962
202468,14.190248023846436
78742,16.661909105352514
42258,16.23873834393909
146307,19.03530366147838
237914,39.455606667041764
133839,24.068933157161702
64503,17.338513645517043
116023,23.227136802890392
263986,62.16226172707247
110635,26.279629778836572
4699,26.49705338210211
191400,14.68793906541707
28973,11.133172121348572
171605,22.49342654552217
102697,17.621138072601696
239705,19.994639652583835
130058,20.27024749430204
1855,39.55889932116386
287316,8.656190889422977
153238,25.120323355316152
148523,38.597678197336485
48457,18.489970919060912
281115,11.233231079697465
195043,12.047979037106987
130172,13.532117661577242
269238,17.8753965779537
256893,10.522088246761077
236269,21.950508522698364
264740,52.23339622525354
296278,12.652543766869204
219952,15.268700441880867
248361,36.81435403412189
272848,10.272493887605993
6667,32.25391642172562
237274,10.471535292538983
15378,48.754822153659354
15835,10.261433621200933
45028,13.476787068097428
174731,31.672226094798738
172536,23.219969238133878
232465,23.143577074197854
148641,58.191525077749205
151627,15.098080117335428
42027,12.306020581271621
292696,18.937032725370578
247069,27.12166015593254
202753,13.063599368390108
53676,14.880240115319936
234493,5.429423224085766
276665,25.544526769603785
294427,17.910136063567755
144506,17.981528813212208
48553,20.279222671109196
19864,50.56205437213796
91978,8.097105099367706
141996,52.28786958348116
66229,23.26409195089481
148858,7.656941526749016
193523,10.681173814540124
74584,39.989508722824944
262178,16.786719004374113
234656,28.43362531011381
255127,35.642503252416425
166373,49.16448512452246
144552,9.95591124795103
265846,11.90305556009652
53666,19.35651091636192
161372,20.754426723396758
155077,17.805100348484594
162863,32.11168913431899
283062,22.007830931954356
226794,16.91729334081613
27237,2.5990835865260777
278325,17.619113777236215
159058,12.81858689786706
80503,11.890317532859639
209175,19.523390948652256
197306,25.858686500475883
44492,24.076869584429552
18690,23.6269365916265
214786,19.219621793835486
156907,23.880835514460514
194620,12.925899672006288
83668,16.56569955167031
252347,11.013599129229657
239031,20.32021979275707
285924,13.976021901903998
16466,10.312838315538897
138703,19.780945946094235
87137,13.088153321345203
80777,12.450379378998097
22994,28.863656279826227
205954,13.266511838539035
107885,7.296138257602944
17663,34.664579968310434
78920,20.62163304684112
32224,33.20069826989587
142604,34.95748690843765
296382,23.134824473155753
285455,10.143713001109562
95200,18.399991244023056
232917,29.89163339075799
294874,6.031729820407639
182488,16.669391322720617
143856,32.33118153846673
51963,16.258853144567617
14045,15.1937285961396
170301,30.261703659035284
73651,22.29255658186828
80438,9.836053315198146
53888,18.895968212993797
239100,24.50932047929816
673,10.090290422256643
52697,15.619816847872706
67412,14.748902619787426
199588,12.678936209677286
293354,17.879897189928414
98514,23.769831065479046
268399,27.415264369660626
47007,48.93293127140479
99567,51.62275300582007
289722,14.634519321844888
82530,16.290505432247386
76717,12.431765077838397
87205,13.994979135103236
1774,92.14667544329396
95218,9.094716164814221
292164,29.415548316789955
232104,27.645518391547633
213362,30.82013547996015
51739,18.85242898382213
80351,22.008524235260108
17907,22.532296643642177
3337,11.299125812078655
142426,74.57256643006832
213335,16.50845170332698
258856,24.85271658309167
172827,17.121175097985837
101686,17.440511432769274
132202,19.81176384920296
32521,9.656623149293292
164254,17.739834022571596
275390,71.47171243326883
7134,29.805231912166782
197248,19.690205653257923
253968,15.193834009099504
86806,18.13004890862795
154790,20.295200097255975
244944,23.670803605693273
99043,29.572389957244454
295868,6.529609446576323
139829,32.867986411513996
246094,15.281532520117228
162690,13.593240186593382
139650,18.298372291266077
257102,26.246865678295116
218696,20.593619076754095
187246,40.69351469047276
80336,11.12857567537255
92339,34.421772889030805
152915,11.458852014466864
54988,20.472728661679625
11224,16.738672653169004
245887,59.64514281445404
85477,51.599861049165035
292447,8.938222299834244
17779,24.478630258870304
27796,18.537365301621882
177592,8.55020273890723
115310,60.913450390703105
220198,14.51272625043876
284452,6.810181691377322
170761,24.00602384298824
69605,12.436305088876534
142149,57.66153102338929
151684,14.083427120482106
94927,14.489194817398566
216426,25.00746353744604
296074,17.869933564245592
17437,34.36671301796913
149892,20.516259854260802
213462,31.13419939087708
91903,22.658533352365392
244106,30.616383479663583
291986,12.975389530742707
117896,26.986202884624667
272213,15.885447665005184
107033,22.85035071763464
269477,17.760248130467637
115567,39.19668086001746
78510,10.548951764133651
222958,30.11844632310153
232939,11.853855651656694
276759,13.444597622290352
100176,37.406642998607914
173902,23.466800345187966
45235,14.261564533123398
10663,25.494137371477493
56938,13.463029199818369
186570,11.362898806648268
193062,17.24701627454734
232424,18.256161133717697
114797,36.7111528885266
288082,24.395835290089302
295654,1.5631223121655573
269197,13.37034029665541
37017,14.01030765482474
284911,10.369935186058083
116966,19.03366970885726
784,21.588975243472476
55942,21.007406574706557
208202,35.478528449570675
263155,133.2414404946729
175222,23.652285718429923
273428,11.666841251064543
148743,65.17380697885554
239863,27.46678865942453
167709,20.85569287882229
24440,12.89650606316911
158113,11.368370296475529
270494,8.969592557613135
161610,83.01630294977281
111950,13.199698777429253
48291,17.039887421222062
293771,21.524763223066877
155226,12.988855797223161
295850,6.416889797367688
120073,20.398548456666518
22941,7.5087973999092625
63061,23.978191887729174
82428,17.99192640622946
45299,11.696649572742459
82847,20.884537065617728
54379,13.818404905769103
22533,10.015112210476069
71525,11.259246432915702
84624,12.920307776408361
83065,19.769894265032015
148187,13.07071188105358
18254,34.1099475184545
58587,46.37618658979774
34308,10.558857465130806
247384,26.260671476116926
266413,23.11777533129252
20600,11.950632474990663
106389,24.287353065091256
264449,19.97975084361026
73805,74.99281448104765
297860,26.600266849649458
231277,20.777854612021414
98087,22.822029955180017
116048,12.17701480292807
140211,40.92724330346559
62929,42.697192504769696
7035,13.370338951186806
262203,136.38012018705453
4760,22.490286400129353
38359,18.180244126001007
97898,15.151464776067858
174559,24.711535332628507
94971,21.943527833878445
260119,11.939869321105046
232238,18.74575247732658
273212,2.8183195346098557
244407,11.676974321506028
292759,18.951628017361067
49131,12.860592988410843
191730,51.46849590599384
233750,12.276877923594672
117266,55.208289652371285
264414,14.089118116678073
117161,26.322325511882497
206012,16.310895297399416
214051,37.36150252062084
167550,12.048128461585389
100478,37.97326037372322
1501,19.424712508214917
212370,15.709396749793711
123555,35.2805172016557
33696,13.824104575450473
77306,14.950391390031449
33210,21.824017053964507
20114,12.115113897141082
47085,0.0649440268012782
194575,18.8342677989057
23940,30.56229185781661
268830,15.607600177524162
278745,24.523575357293794
226007,13.939507695242789
111744,25.290003225681197
107778,76.03140298573672
282701,7.635339222237407
261661,11.466862148347342
264094,17.160901678263812
273410,26.862227673920408
258309,24.137010431992586
295480,48.55439001054231
253287,18.434487076212864
179114,15.312444777125158
209513,29.399784594493454
227280,19.979385391162317
228478,20.899034209792426
295017,9.91858907815368
298261,27.249798783989178
261647,31.630086258061773
95702,24.722112978373666
69427,10.34018980501645
254998,15.079963505190552
287948,19.439087289020613
256715,19.561003650701096
67389,26.4769603072495
92907,15.871149785708575
268645,17.25323937869229
83899,57.3055635009893
266076,20.08613970076667
270261,14.666737514845124
217979,21.164409403725266
129644,38.1815331445497
236537,18.784700265104615
131812,35.272505232111236
274433,59.6370763666186
153456,11.968464131041145
234678,24.62221486996825
293739,29.186518949995875
158677,10.737718781312878
39732,15.305461419260723
192482,12.674436358887432
150185,15.386959489631785
287060,21.351936353285968
168604,18.00202023616123
233659,5.986284023396834
29497,37.74671654597991
42437,19.957565195195738
167142,55.530351240346
255343,22.427600910881573
234740,10.634394185989475
146675,79.11137469637512
44100,19.850561982049467
101331,126.16456631990548
226699,23.687811336396734
135785,27.18771948693609
10121,16.0616356577495
248340,19.82070713407633
296207,14.515127198839245
279775,27.39951045279919
152339,35.79300617709938
135756,24.212562655490416
231464,20.570751357316972
67496,21.71422078018303
70624,33.157223230810224
10198,8.916709990854574
219582,10.55491479791105
221610,22.924802548371094
195385,62.671627332610974
52365,19.61544680199639
105059,22.69374796935987
140752,14.449278638214729
198989,61.753869895960655
100758,19.508684476399782
64313,28.00323162661323
212250,13.444630637740733
246018,33.26424434203162
119645,2.2639562965295763
219119,43.105496215148456
87352,6.983800725654525
53239,11.608525097445295
60339,34.778238505286104
247457,36.01743368690091
115463,51.55945399286323
285108,20.829116353235108
97166,16.695334406877116
38495,24.651722055562452
1209,29.990250931680833
268495,34.28143289384413
265249,20.757077008388453
23872,10.03632839164808
178705,13.61975172284646
266763,17.654961616097033
294441,18.67889309344926
284244,20.45014407585864
167497,21.999816095476433
240572,29.579288083492354
202407,19.740541565704127
16188,13.453677941393222
36401,21.165329051960747
297768,12.826517698574605
113912,4.470926657352635
185282,27.378301198048256
295926,5.229097506450376
79976,8.531135456056193
87114,19.60385269934578
227690,26.428645388532736
189640,15.071536812604556
133230,44.99977414243966
215574,24.87104702165372
151544,17.68402413961868
196905,20.701874470319268
286593,9.078267457531854
176820,21.489013970787493
125208,5.3184249277888505
248428,16.929887535455883
40075,7.618773681851705
226143,11.413714761682835
188158,19.246766379029182
104086,22.126820932598648
186392,18.832014248847912
99488,26.165479152340474
62783,16.43783996273415
67099,49.39341971073424
297069,20.742836201107487
221768,23.01553426069332
199256,8.77962405433773
131773,23.484475356571608
202173,20.73928805622098
181635,16.119442386543454
90519,15.754514274478456
191753,18.35147484936439
198393,24.372336803480355
254384,13.973284457059012
173278,20.884536970578566
247525,22.616026710231065
92375,25.518042746957768
11844,20.242221594655902
61764,17.126619038626625
171976,18.5370561499327
185315,11.648679972609223
177016,15.81569513760206
290775,16.449375374018288
287412,11.850845967569011
86770,60.46008192053187
13982,25.416628618632892
185328,26.35348314476053
10138,21.71883949558673
161620,117.50444184015467
33530,10.52732231302674
152558,26.318829547050797
218382,21.246454552869302
53073,11.007427286594513
198756,20.04300335066044
139306,20.742319687282357
138330,12.881534631691212
32657,17.447009408380644
2590,44.37793243250713
141329,14.120032749712458
115694,11.53854148194106
101025,18.352511765229618
130051,20.047894916203497
113270,10.989556979886672
295056,4.720337560270475
62016,20.575739901012263
217082,19.473481694425566
59180,25.56671073175325
41601,12.970584012939312
43592,25.48532150048665
198011,17.299456086611926
102423,14.31543900253595
22363,8.409539173773389
185419,26.59220074980773
55357,9.798108967148504
275694,19.416741732068992
42175,11.084150181038641
178469,18.068835698319006
45986,20.901677842048745
5026,23.30200466532762
292152,14.042723107301235
209956,19.489964478233873
178771,35.439046938364605
171584,62.788498069579326
201609,21.85701400133576
131592,20.675827492865277
281931,17.85705088852032
169930,12.948859715859092
46704,16.08395988741181
95796,16.273178221167814
50488,27.570842085621937
183849,3.8398181901700648
25752,11.364499917823803
238303,27.41940363898856
204937,36.22488498717472
188952,27.65105617253686
68935,17.375904344660395
121600,27.734425445243595
119843,13.010889109431876
23992,27.748792047965253
244153,13.652382523086633
42862,12.003671908213636
130180,18.363291548820317
108588,15.946322392448167
218808,16.583494817358236
4858,56.06148921925408
275410,17.427239770816108
11260,12.708635915214415
37820,15.057139192026241
156561,13.112054860940699
75978,25.542808680668962
236530,17.344626544377277
172638,9.845747183927791
32679,26.21678181052264
193034,9.755520779568084
200509,23.61481037951809
269038,32.155361376817524
65667,25.702347485214545
216106,22.60196616019216
131494,16.0005032327902
171571,14.980771338527486
8823,31.910711403796753
143004,71.6372522286153
203116,27.442357140045985
223409,16.502156999323084
157588,110.72414935314487
288037,17.341175814239588
10987,18.124973686116988
254308,20.498813249986505
123712,27.607590637260017
291896,16.338028290709257
49903,23.01962082805792
233946,31.597015380063276
168190,20.215892665283
219405,21.683345296133865
881,7.892681357684747
8179,11.837684130002241
61872,45.77094830312331
291269,14.876689312022151
228459,10.247713895370552
169714,11.86868088245566
295954,19.908830427310484
60235,24.570143000571676
238853,17.635405896370404
264317,19.095750723799778
102534,23.659785547480674
38836,19.194932648646798
186981,20.67220427526364
102032,33.84652239505887
176665,10.175235717874912
226489,12.249613562420446
281865,24.845032623628526
250058,13.440548358685453
104775,11.553700937092788
257024,80.70680992461897
269294,23.050036330591077
157071,22.909355963139248
294136,33.743881151683475
111067,12.581617950411257
161031,54.85775323166208
175877,15.648419537259212
169677,8.588088028619143
148079,6.781017875991381
188710,18.328018435769213
19597,36.72012690089266
130097,25.688390831623
148211,14.618911946761337
118740,13.74052449758178
217283,13.930029749208323
96224,19.984642381235464
266117,33.8751635678085
239366,15.096538749460933
16708,14.194575288562639
143578,60.41596035097272
193341,16.16165546614907
122088,16.714445691158424
209581,19.35537760870435
170546,9.979666125723519
205555,30.488604825785558
153040,12.328624427381685
3677,7.420852391969273
277124,7.693165528846432
243340,21.913976110788774
67747,18.0361931994089
186419,17.077537997683898
159502,32.327391824159804
258869,12.347902406875505
39997,17.368530450678538
9129,26.068399735979007
112098,41.555867236642875
169760,23.717983040522
77127,9.540454584741763
56366,12.16847109458068
16840,15.35277806414279
67548,48.65741399878703
198454,22.198398072425555
164440,18.440672925531242
80745,10.764766482360367
198595,62.74794740162594
227981,9.651307838857385
113521,22.486222996468218
213455,31.88318159840501
72861,9.935040391776617
287454,10.742877262642052
35902,13.366016072732341
85082,17.232468612843768
225509,15.490565105322041
12088,11.598356853143116
11983,17.749603277084606
253754,19.94265471750775
285382,11.94315084440126
138622,28.368126714373155
54478,13.949062652395288
2465,51.94687306930469
52911,9.253239183823796
88603,8.145616039690971
245657,11.537429885002293
147429,51.18407448857914
72061,40.812962274790756
273230,19.2400127114308
142670,55.44937152823888
149716,68.30765636416899
211320,20.200438055348243
202861,21.423193094330014
131710,5.631197695584204
252475,15.784924589081818
147902,23.195036616012395
216068,13.473539372157479
207043,6.723509272864277
18038,37.60066200136537
166966,8.939357561209984
162174,13.66792262454618
21690,20.614813573693468
39273,20.621272594815
157180,91.00668431274917
132819,17.282345232327792
230529,23.830998899707456
111584,13.434687799492083
142789,71.09457521191862
198869,11.085024597723745
189925,85.3322746570716
36260,21.633797567718787
205582,36.15727929041319
151543,9.054299859928918
190182,12.07062251491702
268499,20.049733082565304
47697,20.881391655891516
282465,6.669070382524417
84189,9.918882610312732
55229,15.667146142728235
186653,15.490322365519813
185591,6.852553989731419
284053,7.842297040684501
182921,12.392763644442294
17292,15.962012502656023
28033,13.280266719081617
212000,17.91363903889537
161819,63.10336501147997
164386,11.104995321202303
261191,21.43260819019425
226789,19.69704720733332
242908,10.594307906038942
98517,23.49874781099976
279793,15.580463804861292
65637,9.539172401775227
207689,39.10917390797884
146166,18.711521961073757
243743,27.08979000194215
279138,31.534656058296456
13792,26.555729713932095
153153,15.540891989125384
171506,53.39330950539637
264419,13.968139225842371
148082,20.043669992613502
167380,12.493979996289294
205248,17.857882451369647
268445,11.0407689770653
273604,16.63461693525351
192307,30.292679357327557
449,49.48015891206091
166504,12.99630252789191
11142,25.256792735166712
205744,11.386588348800354
224816,9.595136573676816
212332,24.801767168342074
168127,12.492274786639525
217434,25.959671894511803
237504,24.56595805785551
167226,33.70118861688494
177731,14.881857769830212
297154,18.49642814739976
147348,119.16578892488258
209806,11.720391530485642
234851,20.589930894807082
14616,19.52229865995261
55517,55.33669233725348
146342,12.195069037627594
185939,10.75801078827064
41193,15.070333911711344
279241,15.785171321929177
33952,18.96077183873221
200590,28.012804698564032
48004,19.433864648969323
57742,21.616802471882508
21276,27.897278978301788
280917,7.470030461953389
234413,25.02498386700444
115279,18.70540101829113
91117,58.88442672939801
176224,5.734450317034744
169847,22.020310205048432
219445,68.86913788392539
60326,23.263143846384477
261696,19.543678772098303
13406,27.430198272548736
211931,25.530027595067775
91664,10.365822010202791
146787,50.468885733151886
54316,19.795177212029873
83156,24.089288371941034
266883,30.464741765933425
45809,13.73523209597105
88163,11.581861561547042
121319,23.393011944251413
70967,13.80912763243057
297492,12.546483018344459
72897,39.16891680513098
98693,12.031763323051065
18810,41.87069887641771
27202,17.082805392249426
100430,8.668510190667455
143059,18.926977259291014
242979,38.90517813316149
46909,17.558933015990952
27934,36.50747336461377
233605,12.222709712872703
179871,23.511032232746086
57005,35.49024194992875
34120,31.6126076979112
105484,23.671209679694655
68607,13.745585906090035
30817,13.81795110410739
157578,88.19576663369202
4727,27.010705333876913
237309,15.672663609506074
147251,75.72883742919285
128936,30.053464756121343
271963,20.83197146274484
128767,30.834124982079523
74188,41.145427665584776
186618,10.923481644015197
43968,25.004128075448982
80256,18.178137438380787
50301,18.986596648486817
18602,14.288766375066537
143885,83.02587220163417
278660,21.91539609573204
106851,20.888969543312115
221150,30.596377018783592
120408,16.823003359404332
279917,16.071873657476424
94999,25.580835335919506
135581,19.412855765383767
170017,31.006634306872655
232884,14.594275474129617
240667,26.70512895576008
192472,21.984587920091762
20271,83.14157666304848
15966,7.1140670711982565
192347,12.674436506415985
149006,5.27713127408302
56682,21.039619998115477
143914,102.81901128053951
284117,16.947431349917313
11747,13.474878036048725
156762,37.66926733139477
43650,11.404158144556977
275191,16.311134890277906
149692,52.90182203744082
69907,15.142202895438913
34979,37.63915414693327
260560,10.099412880608014
298563,15.704493033104793
67382,41.858733811570886
220860,7.467570637784281
252702,24.857511087379198
149695,57.54485760306459
222647,52.68665428408507
294169,16.343619717728874
9257,20.629068459131517
280588,15.465009822975198
61618,20.869535455005362
199273,7.9769003614055585
145501,105.84134481109629
60879,10.92459518130034
53829,28.88524729952897
150419,11.014386389472396
5088,78.80000144861648
192903,10.300497024947024
224678,17.01203451424733
238844,22.328466970818695
135626,19.038142186340487
240939,103.59899507667183
177898,21.761850387709167
58415,36.799758649874505
29267,33.21131697254086
2063,77.77552711475076
112852,28.357260702945077
255478,11.876102465224315
218992,27.280587525247753
89492,15.838169774093238
182275,19.565139371978663
184841,20.310606916088854
125533,6.8800459653324175
246328,5.932213973424904
219510,20.390558142495138
289614,19.405750507507506
149565,12.42459446115489
112946,22.94920650071259
232414,23.91545236724017
212180,50.295291442118206
16477,44.33368960720134
187403,9.189679129537737
51782,9.021899149482508
56216,54.892914734473614
261660,52.04396940278955
213906,6.203344379449806
294063,20.759802927610245
261654,24.92751442402016
166512,59.62647055814491
103551,17.435199608359277
126520,18.4517365740069
221583,23.463791991078004
23919,19.333543336928095
154129,8.758007690389505
89689,14.440513266879215
148232,4.593218852337612
69467,12.773489731382526
32593,15.28265062216672
20127,27.372673788963922
133427,44.610880748492086
222108,26.529506263736273
100113,15.269251377053866
82849,10.56161915332545
84918,15.228227559108696
153301,11.956391699093249
209613,9.38501015882402
165169,14.155977286666321
200407,17.871397913187817
240186,12.40991026294817
249608,15.257849386955797
21893,12.096085720220433
29113,13.776564934033878
40454,19.72659401268416
190166,24.17695848096936
61659,23.47776625484822
40717,9.697230571751284
81405,17.630347090631357
89223,58.79262556169058
214718,27.77230193686284
52597,21.672031054653168
44811,20.920797533471685
253415,2.1466193937287077
152824,15.969701766867015
152863,37.06518518858315
249347,51.98994089029259
268393,22.093905991804085
77044,17.040504140188926
221284,25.70703978818155
210360,10.87440246775267
295952,3.93990762382675
246933,31.02201084835741
233390,21.864448606144904
1553,33.77345369373233
176140,16.942451973108348
296206,21.551854500990043
237248,20.551313655111613
13038,29.142534186631085
3381,16.006297795752154
62540,18.19601545752144
135736,18.75479383500344
135876,14.701095957709825
135997,29.514438067591108
19316,62.11769232135483
116482,17.23673465782635
257606,13.223950907489122
69884,15.026253487963302
270656,14.850996840882921
36814,12.161655389735122
171726,27.699980400655534
112214,15.664176293032575
149275,36.050565190132204
153357,10.468211601210268
48580,21.256082842393933
106485,42.37651443469279
35108,16.263609620416986
233967,39.74592772216993
198424,23.68801735746731
6204,26.332236694791
262745,15.685311959580304
220233,50.08174916133128
79675,22.119091757260925
89224,32.635770494420164
48071,37.03133053035597
40199,8.030773453817346
50790,37.28258147389398
51085,22.031294527475037
42382,61.40711060939052
154246,10.644433232961756
279981,50.72551138269692
246506,21.05247785011977
167694,20.410309898487547
53648,31.874707560926666
294644,35.184386551536825
147449,27.376556175032114
188378,18.79652952541934
25846,25.786972022024393
206831,13.435587354827202
194906,17.863570210572
69936,28.415705695426585
126687,29.458413817026994
72158,45.10604357080454
137448,18.35563076069236
188367,22.647055195559936
70342,22.901055901030254
74166,23.22324329777976
60591,10.763605924372639
255633,22.083711624712734
204701,25.26069900115195
15714,23.81272910985512
31039,32.134895095946696
167418,17.696917420261983
34268,18.160956313434497
26823,22.794498902573217
91715,26.344921018498777
38456,20.24706516881458
173062,11.673754047025138
239244,24.670796295038084
210985,23.55874882773325
29077,9.786890089600949
239258,26.8029690360794
20411,7.626086682986152
237480,16.221350183295176
297381,17.42144821485019
232621,16.84631803108297
49940,30.00789746533581
116757,27.13384640803484
232063,26.92081369772721
53480,26.767364407712513
4264,23.17106955549457
238909,21.91527268387413
163358,26.887989715066084
251774,15.940456799652765
95399,5.2733708110930095
9642,14.781933355981657
295321,22.61971998992207
3558,61.563229090392916
267436,27.42898578763268
111566,16.856715133305958
207347,22.887354056511132
266975,13.040858872435809
178584,16.612469270997888
21235,15.116346182890375
196424,71.21302213452844
132770,9.734582651278675
179020,18.441574033912755
288762,18.92387367499058
240710,16.075097147884044
105737,20.046501260366295
43922,14.649809488415269
110699,25.626832810283176
198427,19.031892825011525
44124,15.059921995838351
70389,38.41201877755588
199559,39.55139863342237
110596,12.7749477629798
243163,14.804256164063041
135648,14.250870542119507
154769,32.88878722303961
95892,27.824860563458657
282671,41.87401202166782
269044,18.048668321745936
207307,23.975381785387484
12693,21.61933168485955
230950,35.201360679687625
43840,25.768938144400686
3866,36.8316350632823
114509,14.570437115907193
248277,14.323066297094275
289010,17.335899107530736
199748,11.306653676520774
284136,10.005512486071122
107415,17.048917320067932
112104,16.889522528619523
231951,18.56357369847615
179818,13.165986781171824
138670,21.42302567406335
293027,15.237877241321083
183006,9.907699055084592
13053,21.640953566857092
239431,13.836064329797772
292112,13.993363655243286
162832,20.699972196770872
107232,26.589229184013977
77671,19.446813923082292
266485,31.752637248015112
126869,12.91491267097581
44929,22.27424626922012
58244,29.12364523659072
176999,20.021052504049337
207692,12.807955464272375
151039,10.527391278925606
129824,15.030748460534546
178342,17.374194713243188
227767,33.43172134623426
97078,16.854665601691114
253489,28.709580091941433
157384,93.32226645009865
248347,21.5990343101004
259631,34.23469115001961
232827,49.83048447311875
1465,51.97062191690026
228711,24.436400625547527
70842,9.20637914615764
242371,7.5370656280688095
191488,9.861033950761783
176346,21.569127754578002
251718,17.944774804059353
298564,16.490162220277114
131341,19.04964397060194
120802,11.63728530285546
142993,89.48835043112516
128009,12.130088130350295
198429,14.961694613560681
278909,10.863312229037867
190806,22.78636471332514
173043,11.478865283301541
22165,27.600735348139356
295095,10.942941899591538
172463,22.489409936955315
281311,41.681075897620325
12642,32.1635515270944
50038,22.07365714069984
118287,33.07012698598183
31431,13.763273558967889
128668,66.52327385514903
206904,26.404413677253622
228793,22.736584712139305
112189,26.575115647724473
192924,42.841596388897116
101768,34.87100438717864
207320,6.4122741859853285
249093,22.16346310064086
223201,10.574794652033766
75111,18.069544248186197
168093,13.018894170724959
227536,23.023295471251913
227747,26.012788246006444
187684,19.694682888259067
47029,55.99865922569815
342,16.29983064533813
172219,17.417311958037867
108347,22.473268646933576
169495,20.02534454450606
194350,12.297636535570529
70949,16.777214785829706
41725,25.256488316116517
58388,27.57360538822241
37589,18.01050655788393
93875,9.448722144441689
64798,21.46188365189279
101844,25.919441636453843
62227,9.734237627030542
99269,16.94553510056598
225452,23.82959358854951
183235,44.64466530038617
281533,19.950944562250456
26812,8.847080825863193
294217,36.90217978031152
164426,15.733337486207084
203276,10.089151691514155
84549,8.921389303010788
93853,2.594098060899081
215114,25.952671709034263
194504,9.592556135056167
224113,33.529818004907746
211131,26.796241908511256
253787,21.86272415447265
250340,19.041981297665878
35922,23.380162430532486
196358,52.22384561485391
24074,24.919368540257757
201230,46.51602590719913
119560,23.518150187367063
260268,29.704826645872785
215753,19.21372894219342
286004,17.479205862036125
206554,18.58612368827436
273861,20.850030874455324
264411,17.349871432828305
156682,16.500301210520668
115329,26.00241997313563
245179,36.76177204074726
59958,13.436391255183207
139852,25.147425429796794
67735,16.67013045889116
229754,12.411479300148699
116230,22.712290203932735
234490,10.393198622863473
42953,17.659351408915807
289020,19.91589666693738
172626,14.097355295657195
210372,8.624555521179584
263159,80.50070459735255
31527,16.26101419247091
258884,44.18434392570631
51255,34.87204772150217
128088,19.86447180805314
66464,21.52723365695723
70806,14.859921426826276
87887,8.64964179206527
294002,15.130484482377852
267299,10.633671616172421
223225,18.68789095186558
174630,17.093612325496405
107881,25.69982866057633
252497,21.806692851829496
232702,21.647147276589013
10584,11.306331330789707
52848,17.707001093970195
203314,10.85186038133886
145658,82.3018033679756
95840,23.132206052627936
194647,16.036475409740525
210461,9.801002424430552
150323,35.74210254462478
261572,29.307054370906236
179288,12.316285180277742
16309,14.191453955603397
132577,23.29364977794811
243323,27.979555602298493
142189,67.08393939493493
129556,14.493915264432253
66794,19.900385168634983
124155,70.60667844763356
78130,13.211489537147422
187879,12.2737989110318
2492,55.64260645367294
153213,21.223052208366134
127142,13.305785932589378
195921,60.240155117783694
259640,3.133808484475221
59337,29.508660417376227
159007,18.037959009254774
54959,10.839478035863207
104124,26.30643049762384
147019,78.1152642237995
9810,23.83655008519755
72955,18.135230145988764
231855,42.49597162936441
133729,21.67456246612069
119943,19.775205791760865
28937,13.896077493110973
65879,29.035470193265503
84626,7.251245280924186
27046,15.98255026945592
235730,16.328529951110397
156528,11.014853053488999
18964,9.767548991920123
231684,54.39908136454654
57231,38.510470307898025
40464,24.651531627556352
84555,33.27700132323868
20436,21.26527280256115
94656,14.69233891604932
173188,12.285154136131453
89590,7.137214391413956
107090,8.092783119475385
186744,14.223451703246575
235879,14.172173578438162
259919,11.271392564471663
86012,7.9616404496415605
10736,14.92934326712993
24412,17.110189626440253
49075,14.831315621871383
18002,72.19594658562627
131316,11.366254610121993
189092,17.64712841346082
103259,16.20178792192295
129391,12.18447634565393
136592,5.722944026150856
136754,14.83759811284651
76839,11.72569600338223
127302,9.1540257769588
57646,15.864912001199173
232071,56.9073257176606
141032,14.006225114777315
237646,25.295490125761958
98618,33.8238102029704
151998,25.56034729379261
245351,32.19399179489728
35759,31.567510657584428
71740,18.503275137616097
21747,19.90194560710519
162599,17.81835253765982
213045,15.983736013779897
63865,27.10981013648896
246778,25.317767735072238
77405,6.055820332639543
198571,9.94508119727779
89243,34.60228335621415
48185,40.35424822927833
258839,20.31729119263859
11169,7.975451798840304
90226,23.337774115587848
238031,16.423799166645466
71756,10.495535138342373
168707,16.808929965365536
218784,28.971019763540973
85497,136.0626103570038
162573,22.403092209438338
283863,17.380425285561106
221801,26.391575818289205
274506,17.374805302500928
157362,137.18231515828893
71083,47.37933857016876
221974,25.03347493752102
251847,38.47172486802423
74511,13.497326239452338
227846,50.88026339666139
255839,14.278419181801628
258326,59.01724396135163
40335,39.68577622556351
195570,62.94678864796642
32172,19.975803296251144
94091,8.721907833077246
257712,32.049375050410184
77413,32.382965646333254
172457,15.985848692750984
66500,23.380436112571992
55951,9.916254802009114
27041,12.652553529811236
181990,22.650154735231453
106736,8.547391247953929
163035,26.368713319638864
183890,0.23438774115005012
160848,12.183147553054361
108955,16.796448196557677
65772,11.194994082058518
35363,23.574672685928448
107743,17.296652894448282
33449,12.420514064691464
48082,13.570332095815662
61945,25.297797681905163
66416,24.916667456315984
254884,16.020309310486343
101961,21.074953944373036
256129,24.43477152102156
235397,72.29436895277092
229540,30.426987436453764
197393,24.501968137613506
295459,13.803394963378231
44753,11.278014364320406
146309,14.093757558932303
195505,55.77593749726008
199729,7.218091807394227
83472,53.523215351542
21093,56.41956358060099
75900,34.14291722281806
171957,13.369190414531724
223755,33.785835692014054
289084,16.315647371731238
130460,41.05967556643564
113935,13.647309160003278
282889,7.786733536647702
226648,11.315513032179826
53370,20.20150698548461
225008,23.348241673268596
235537,25.913771296550532
257025,20.415490085555465
68523,13.664598600317625
229782,21.92209840192254
156789,129.00814284662982
258100,16.244470510174278
278078,17.101421252768272
258552,33.216793274508184
232671,22.962824923504666
224524,29.854656428779023
222961,19.70902014968945
159807,12.13207215808093
225907,12.805259267515368
261826,18.606438814420475
177328,5.321315813239975
278447,26.638003370350873
95352,22.520380246857705
241797,30.521575477659546
145036,32.59055731179282
80910,33.66609027702255
110401,14.926743980435656
156958,46.599003864815735
159935,4.945763567469978
94349,12.741759431356568
137137,62.60851587781632
58235,15.465498924341045
296792,16.397904952899268
159670,13.293125661896969
239388,23.470972819855938
168210,34.82150000349661
220036,68.23562688681619
69179,29.276445867002487
155236,27.283341850835463
290426,13.452386526139106
37089,5.193862869176314
32699,18.65041530462046
760,18.203206960621845
216644,27.6871208140918
271751,18.589368039230973
289805,22.778966202115903
146916,62.01739133711077
72098,32.54659398625451
51654,33.77420051814399
190301,13.763072308179954
12582,15.310123007211047
297787,30.453875068586136
25970,23.946838986646792
114698,38.862905176206475
102398,26.02740337812865
191626,22.518700636121345
62127,27.01393679900532
139899,11.034612247596348
75995,17.311334099655618
36806,33.09985730092088
261167,16.492968178243423
159386,15.3203278424247
85763,13.213786263159705
270251,11.478524246973674
209527,17.413486392629558
205848,17.791678993714676
187267,16.10924443936856
142193,59.819751363521455
260034,20.386943223122334
106506,21.730545421144434
233688,13.987063709901562
122097,16.45951052537874
36085,9.377485349277995
218918,20.19738942329609
157156,133.6928746255319
153078,18.87895676417324
86891,25.19245167532806
211915,12.372210885140937
124782,21.50054401915512
86044,13.278698559076876
266994,9.974082435287007
19965,36.155606900739265
77923,32.391751499613726
107674,15.73944109584464
234650,27.966131907146
41525,19.61673010396273
105635,25.316919461547997
32604,11.334047520859615
107983,52.92246599450193
145215,41.06202937602484
200776,18.1266446902269
109491,19.812454834543765
275015,15.137615086659203
111372,42.4412482135107
20680,35.44702102055633
242020,25.15500074790735
5855,17.501059115356803
201652,23.71599125754149
186064,30.21976782835126
129386,17.355091986127995
63527,28.538121407157355
166070,22.02758535310289
97156,15.697241502239716
152780,35.01505794492328
279647,26.467189874978967
111895,22.84082719325724
237748,13.044656774532482
56461,26.710625322646916
55062,42.00436122994477
294241,14.32360916039233
197611,20.312999736742732
37030,12.397722375401953
159482,20.828292379690016
112706,11.27809276593365
14042,12.30091580807343
18146,58.13658725035375
160041,13.2960338587947
61460,23.011860575384897
45486,14.414550596999902
155196,25.687470478485217
52835,33.019227821213505
270437,11.243981974997938
228807,20.63095673422573
183320,17.527382436938748
72493,26.55182618309075
42827,44.53208178584308
285014,8.54149881457096
288954,12.707212613986416
254367,15.09646001478633
107806,14.666724802762218
105842,12.65133516101999
96577,20.998573448301716
51494,10.986000873904095
111396,20.34030647797087
26097,8.385052119647206
122122,13.577821435902642
29066,13.588985288275655
100268,8.300166092342089
91216,14.830932181015395
91342,18.1431034726661
127655,25.210591050286244
205522,14.307038905792947
256549,10.803458222558282
41534,20.543168126860216
5373,23.717888919500766
133626,26.971761807468916
209905,19.082270178394936
138626,29.255533230091665
4008,18.965169047978208
22101,13.637365890619023
143421,28.56808219538503
289580,14.632620720030708
258813,13.052245216539529
7201,66.3176944778707
246903,24.418590857641036
14781,24.60543656942799
173719,19.2037458206753
158544,9.539621970976686
269685,15.644342615869682
212103,35.07479656032708
207903,28.58296055866654
285101,17.580720155488578
108873,25.73593877539556
16736,20.30154351046734
132181,11.274031961813343
140764,18.139849804307666
13032,20.19250684239201
283912,34.75946804814429
148231,26.174098002421793
48286,46.688255638543396
119061,26.071911870938045
78757,12.154329782412097
240342,7.838261031133225
241526,13.146336991554552
215622,6.116884593686837
34972,10.736780552023024
146666,58.60188820736273
253094,16.21186094071138
285427,10.498728263403931
268128,14.667239568597125
287163,17.89000370530016
187849,13.839805869916063
118703,52.92637156154082
113247,10.482661650548005
97319,21.513877960776018
13639,11.419649789102895
170602,8.71824842957933
706,21.991492607738607
244105,29.339085367857557
256286,19.85028573591056
181706,8.075908487719257
239187,14.034855372036652
249791,21.838946763681275
68837,43.7293530736978
158777,13.292892695725996
24129,31.673192005289813
159956,9.25618324426448
81011,64.66273321448304
143625,55.534391529310064
159945,40.142703304954324
215576,24.617121385325433
16786,17.61975919057433
108601,54.245751637545176
187056,14.288627755770126
155211,13.280514243689192
51591,15.236547486681754
70675,13.279490154048197
276606,11.557363408122587
280508,22.41753841211861
250355,15.411979520524334
12383,20.937758765874385
251735,59.556616756851284
94970,34.887395723306845
55084,21.745251905747004
149756,27.49828895427114
133954,15.132403341343633
14047,13.62907066997889
168428,17.24608248138407
156118,10.748600831634416
17920,35.060020510704405
45261,7.306143651492137
266578,17.91627051735909
250559,26.088836309697427
257052,5.27759219855645
197872,16.157070514845138
121038,29.24937920552076
174470,12.162877702453667
232214,5.098236045354268
67504,27.815183328335998
55095,16.18854336457609
137918,30.3427917711167
281517,23.53678747993414
295342,21.316293897968997
280908,19.877754006399137
124539,13.485789114493112
297522,19.98344708999103
122746,15.744371842326718
193222,22.553118045201064
105824,18.443744926526016
219574,13.717591380690099
137525,20.672688807007113
122156,21.183819885768898
185728,14.3409272257459
147347,26.971416339874374
285949,19.425387095586668
255190,47.01532434603292
228540,29.79024962881381
97557,9.375480007872206
82223,22.585615463569013
100905,22.096821545202133
299394,4.51748853332823
175643,18.453414552627898
91072,12.165862263870705
87320,16.31778750040644
189063,22.516547010911317
294862,18.558308072572196
246372,32.425028705297194
163428,33.65460830001374
190420,30.710201368129255
69374,13.819065029517507
99956,14.844319147940777
263982,16.900557930994616
82693,15.112149354234255
108642,63.56754397193392
144359,79.96897540466668
186109,28.83178146761684
20481,24.135063871208075
141462,24.237687986143953
90229,12.525724535802219
265260,16.362456848662173
176222,12.822266183793438
217207,18.045541538940952
169895,24.401270342248875
36982,14.096283462251769
63845,19.092510337862535
54066,24.611691969349796
108537,36.739412406750276
254116,7.434186141872736
82580,16.35605720799597
292709,11.936786541196199
108142,18.220270194004215
243500,22.11194593980866
267606,16.44455287470344
164446,15.057278844022093
136527,8.177266198466132
58530,15.432354234313912
103493,16.967970611748186
22089,17.648517053701436
48471,15.742806887820763
124292,24.634525693490097
239626,15.754001607720483
79533,12.33833209602874
201853,19.887594246978814
264131,10.8478983082932
252618,18.858661376169525
242967,9.941082047823166
248221,13.488863242747176
290631,18.478804473184653
250290,32.655515092956186
228461,8.664761228787686
238925,13.358681137705293
211850,33.70224634118801
62494,17.156695782695767
125023,19.605377553442587
215021,19.905510880500525
89798,17.512602358437938
217051,14.083149236069257
259676,27.69782091718757
35417,15.471845846131938
62616,21.584725421776014
36850,18.518106133986382
290406,12.969620907611855
193998,14.95159979335956
217581,37.94179591016687
255760,17.360469494050616
231598,-0.6867981025794716
113529,18.77386413471961
79179,22.61259213661416
139749,19.17521255845108
106256,23.501184464639753
222636,19.837784011760462
14732,27.358263503804643
200166,11.376442552634227
78193,47.54257512999344
227711,23.077394391720738
244565,27.79398086428155
27987,8.987874248898517
280186,23.399397116398557
178521,13.265676438480089
124944,24.183619725194674
67102,13.225761769735666
54625,11.895029106543543
172721,22.953438154545466
184241,18.55450775711316
106999,21.066469737679657
96409,14.49198561356613
151442,18.578146195124145
163718,10.602451714908193
40718,20.758135602473335
285793,13.21063248655069
1751,54.58704022956602
15623,11.628414583296667
187160,16.755050856738087
237025,21.064396236758654
166554,28.268724595883246
250414,19.788637544703437
157948,7.094839457928298
50401,19.471303380783652
8643,15.865449916963442
148009,66.90334857359429
61113,14.16268969563777
51203,8.451062398204062
228474,25.27445459095849
105585,28.720390556414987
17674,8.870189418443733
180215,15.802354413751708
49876,24.709507730114527
39653,12.085226983818089
82441,14.326256081828198
151633,11.484615689377518
7412,15.457855808468523
126517,27.534896849542186
143339,22.205723323706756
284045,16.002579981029548
182110,8.255983425558092
57230,43.574467383307315
199790,15.6649085406873
11069,18.49800350719967
1436,117.29854442577422
16408,20.710724130519235
264682,10.516580121580908
293180,62.71411632574145
36446,29.0649541919189
39894,21.14601469938148
123641,85.70489886070163
146441,35.541109346405236
12752,32.71205367557844
71703,33.78278179552914
220548,34.44181875882871
43824,19.43559677643816
238215,32.77649622534428
144844,24.18468597984527
89168,22.811692253869236
169586,12.342403598191275
172553,15.752544296413415
246394,31.15691631219191
187708,45.96300767100344
236666,25.981311435162606
277893,17.320729689695597
157127,143.52557344609303
54738,6.685700823851727
273571,18.166367684385037
197562,17.079966373373477
297773,29.88159046115814
173594,37.5605624001928
149121,54.622467214707385
81028,14.926749707552712
145710,41.21941544295331
170749,13.98770731136597
215195,19.071290772112373
35350,20.493746672524104
143120,18.734695696614235
18394,23.74499450356599
108063,18.208871234396735
93391,19.343003546041277
78019,23.4727624829474
266330,31.439973191516394
160023,19.55174418922263
148949,67.4245697346282
290167,14.78427038511721
56147,13.819033995909457
242623,5.147648139841839
210970,15.215691187165437
109024,25.96463046647201
7626,26.910603064263412
18721,69.08722438095185
24967,10.66632710335973
145592,42.109434918500206
156684,7.307950884500778
240504,17.895742083531218
82334,16.95984997809619
186766,34.42041467747197
231586,2.699880324055216
202757,18.57617646841991
64575,7.659401434508501
167189,13.792314228119324
101453,19.59435538953782
186046,11.8598060056894
87599,19.60226244497325
266717,16.129193914816497
181474,44.64285228662203
162318,28.32569731142273
176660,14.378056917833774
59013,24.25794832938596
74772,15.555523806340418
167600,12.984803197584107
53629,16.498144519194334
90674,9.741095024392822
279194,17.93658268058135
185267,17.169274971946926
15702,17.851447452999125
220146,44.97820739908526
293061,23.270351901607857
93829,11.622751329061508
251785,19.921434610801867
105488,9.910691634983044
107693,16.374131482012416
66803,56.48199605959996
195039,16.954478212472637
81473,17.062512357221095
164203,12.67403915777017
40515,10.005482461566245
42516,12.447936471112193
108613,24.570382107636945
245493,24.78810778676047
6953,6.921043556456045
26110,25.111211882039417
97897,22.90856426701644
35075,18.713716054821486
60690,7.36549363080568
213248,31.683114069898103
236985,5.002190686649393
124738,10.462622853408705
33257,8.778660941591099
261946,21.432575270141616
261646,28.560525604727392
164228,27.915365837213784
206378,30.3804247726396
242601,14.667423858170629
256710,17.86140514934129
132700,22.64579490266822
21450,19.931771414103117
109031,20.034806848173304
16192,16.825255137286696
185719,12.680398784841497
89482,31.434940737625453
211609,80.92312338428579
201361,42.87386062063819
291340,21.141015299832485
289105,20.900143394600356
166290,10.071435190436326
48449,17.119249989238437
96157,12.9323696791384
6221,25.74984171269623
5299,34.223948299443315
114374,13.62021175949399
40819,12.777504359944992
121086,39.00577297762819
172831,9.264108283123978
76519,18.82089717771919
198661,21.76586293523362
270070,6.354646398009253
202873,20.1534727694667
233585,29.519822002495886
299178,29.07440136191746
174806,15.565694174348643
26729,21.33246087289648
146753,50.005302750236915
163946,10.914160577036878
91987,19.660177867683025
91366,21.871733895200432
219450,62.94764170143939
195439,62.733762161979875
136223,11.690225237929937
237076,26.11122950138402
41481,11.795427905500787
292029,12.785356805633274
145949,52.98243705014887
247528,10.167725307050524
283956,12.003410765743618
249074,43.390480895172466
157675,64.5237697331957
295245,14.038393243574859
95279,11.994688511926675
132360,22.54056769781246
251398,8.362128886666117
148097,5.974725988537266
63118,62.26271227236963
49355,11.661967407316414
259368,17.63814232337588
92320,24.706654220341047
208328,21.62614865978246
150746,5.8051522491789065
94643,23.842582838916965
41223,27.75482284831645
98648,16.64811385861831
223230,11.18023040482544
290691,14.28870195969396
14938,24.196147484692727
270558,22.908254099792938
1694,57.304061181280694
102269,40.62235764117883
173491,14.494248160912719
282960,20.622485251271
33204,26.589658424718046
180667,24.761646481289247
292527,19.311572210084194
80718,14.87786880526242
43314,19.461177379567275
15094,23.889105523929384
246756,12.736196140141494
99716,17.046215210743924
18223,82.8545755473038
89392,9.038685018205326
93554,48.480345215473164
193450,26.27761499694921
263512,14.90926292985706
262654,23.625992514733113
261606,16.682979240628715
203426,13.711219060538376
257119,35.305062667110775
230520,27.013663726898287
71620,29.48828003102224
24012,13.272401982068157
232101,12.417743312782758
295126,14.210034486131658
229852,14.779161313316827
294702,25.102649432265576
239643,18.194247384848552
914,18.164266967189683
140107,62.349103251343045
78524,35.90229249620935
37674,15.83579040350659
54099,23.01206950376355
264910,17.91921134775059
53478,17.44039425032414
132775,18.734420362643466
25159,15.436037141698236
242704,34.352617076239014
176367,26.912077726029565
80472,23.455558858816165
272818,12.109988284873829
119920,12.093727562602181
375,9.885188459282245
1234,31.353982490551644
200194,35.20986215078755
31593,8.971792280501816
57695,12.967197482568569
63447,17.086152929739036
226647,8.93466924795399
247155,20.826554577945707
47427,8.787499607442108
231212,20.805763345187792
34585,11.978942243473332
227776,46.7015042416303
84948,19.935813116849566
212177,38.760118675593155
27322,57.14074715269546
232711,22.37399531186924
144146,11.620255088480837
259870,45.86615685214771
298049,20.878734351431646
156122,12.022154909947256
41795,14.475507869570418
230385,28.304851702304184
74354,20.604187955117244
163970,19.32493662829294
225655,15.52778958724144
9903,31.54416100756046
111924,26.728087294907965
298310,24.24454121828836
180305,16.746999986476368
217236,20.06474048094097
168365,15.658161312282811
17503,11.652200224081042
160140,17.159959337226397
227377,11.128182129279919
293998,18.793371382887862
229779,12.956885234403789
1709,32.92583348074452
27947,13.21422685759119
90915,16.763285717402923
247340,21.35034703301706
179599,57.38978831496453
14576,23.95722302101229
299318,14.70611572202224
290286,59.37880593023922
238712,20.295764676722722
228428,6.417137709202505
253598,12.38591433723167
113873,28.16972373502844
65120,17.98779485130322
6871,14.403238454552032
165386,18.681898101569836
35179,24.266462799198262
201920,12.483732688624327
87406,17.673622687430935
224591,27.67995325861836
152264,32.65661977443384
139372,10.91885581900065
182996,9.355291870099453
125450,11.789066195859657
52511,15.01472680086237
147377,54.00100669528042
30165,15.941388893705302
58677,22.72639961349227
49650,10.80756519939898
164250,18.447089207924734
223053,28.50133817778805
197067,9.748627722679494
126662,18.728450123650973
235278,23.08305000671139
11772,31.428133541589993
223234,18.524118079525643
130121,24.14489759844528
192040,20.53126651828362
200139,10.758818580848333
276580,15.614188407873481
248833,20.99698701882635
15261,16.619949521301223
107489,20.353614719704872
185554,7.745744083323391
179455,22.62312023254836
148933,30.943258824872153
29108,13.367686526716515
23019,26.765989269804685
60177,18.164312967984223
200006,35.38502092743317
215847,24.054124638001593
297752,29.104282166068657
88171,10.940349324679737
176189,12.912964770718332
206657,22.153620773242494
5559,59.838193500785984
115414,33.723246540599106
201391,16.199792843415153
55161,19.430341057028237
284631,2.907948027805057
24887,21.123287395006518
253569,13.215306327420873
34744,21.097439473292056
98714,11.87293526120984
286341,31.322542678305794
275637,13.835405673663299
63686,18.724422964709653
178926,13.256891310405384
165714,21.881078999971127
82291,12.447549292410493
299392,5.055403018064951
115835,9.158217686213197
297044,31.73142683348636
256213,17.521275806357423
79017,19.366119626179845
44084,60.06227151186966
169375,11.948409278452392
236995,23.106414564352775
230656,59.285317896875334
108951,17.686591352606378
44731,12.120840647828661
168857,15.554601635013505
64560,65.51425403150287
4306,15.586905734914659
130851,61.520811271898445
229495,17.38300101769393
178679,12.459438577562803
36625,6.746193032421704
125598,17.169333954826367
187213,7.387791386971431
217746,10.444455048296401
279420,17.593958559592295
146505,50.225977756820406
76943,66.77825030785695
153600,24.505658074935305
137532,6.485504908896404
13094,14.462231310333703
234905,20.282247745783366
92746,41.42686811892579
257973,10.166870735974534
58888,20.284674430758912
203372,30.249069105870113
55710,8.322015695108131
19724,51.663565147440785
70080,16.784083189159766
276607,20.436220633889008
52990,14.242231353335022
104723,21.765088946397157
260888,24.608700558000816
258400,16.912896481121557
288289,32.84573250679356
150459,10.699856566226263
78418,18.074432145538985
123619,10.701062648982173
182021,5.1217073908839925
264374,13.490319880706531
67682,15.285662101847269
17450,25.922041253120916
172131,11.921932040935843
213421,21.850874874269962
210379,9.505015779123383
55678,40.955194022559255
120547,17.588084001855417
283647,18.43967121362887
253283,10.55437473881396
225647,49.29671611241867
232527,15.84163908068291
145901,20.97375020344654
7662,40.557816787381704
197141,26.742887166515764
235169,29.658962547938337
23206,20.77165354936486
165203,14.144470419261697
80599,19.1037636490016
98292,25.170398268738325
75285,15.885283993883714
89006,20.75290124667563
291653,49.971183113637515
239893,13.295074354882207
239129,11.372627095534561
150661,20.57236686301711
35564,21.272313881698828
242415,4.962087489720481
144633,14.156750195215288
263850,81.33202965626279
134213,17.615215895499283
156176,13.946226395542919
3898,21.075391604276753
13203,13.1589808898878
108413,21.83246657343536
223116,35.20041499166482
142560,54.26302378429475
275212,16.856710214259856
218061,11.957666019627291
232585,33.82241963002068
202379,25.217240878046056
256936,12.159074728288527
45061,26.80460306601332
138675,14.335466567294787
196773,21.59481365745866
241552,10.64434833503749
157300,6.130395266666429
205624,20.791759734791032
27586,11.765089476807173
7375,12.420950061620186
130222,46.956960415315926
257480,16.887291318862616
192496,13.734714598165539
55576,82.09645951407751
175590,12.415893746739803
130446,15.339072156081013
194868,17.915900752789902
123447,29.354084810774022
196785,11.116256651837695
34898,14.432484243802769
159189,26.508870211952317
49601,15.038635999721986
232087,12.804492767696809
149773,9.153846700190662
108885,9.259949498203813
186729,12.02139638781069
126424,15.299849844745388
207919,24.42663213778247
44891,24.491720687621164
165598,32.236587378520674
168619,9.707586817995299
229838,18.643585793336833
297672,9.459001899762704
171110,12.521400455899212
221196,65.26101638998759
57899,33.841840631715606
115270,24.303396587596744
116617,36.76255065982268
80349,45.057045152930264
289315,11.902127100059763
11163,8.653032738970843
241906,42.12577801855425
164859,66.52803234702864
273907,25.955878988010177
33058,27.10038966785617
279275,26.972904566822663
54580,25.298603077701692
18770,75.92968124864026
57868,40.83814981760094
121436,21.68935278402847
88394,18.843315803920675
57539,15.481628951824792
106772,24.606209457377044
21377,25.815740217902146
291687,33.594825964964215
195000,5.923947846585053
280787,11.173024628121212
249544,2.961189211798894
44215,16.707158095397265
149896,14.326862394881566
64790,23.34748442910854
191946,19.266926869314034
267996,32.336876415973656
124788,9.686478497526435
172221,34.81587454805449
137692,42.39644927172011
17606,22.75329489849217
195660,59.87670079213973
278289,14.493177855382676
51372,8.748397294816609
228101,19.018275166997743
50685,37.87599540505667
89558,15.614982222488855
81116,36.48879033763381
246050,15.81364143355352
12874,9.957015437315802
161210,103.37240998755743
150627,9.959587704954227
143852,74.14100536732374
20801,56.700287225685706
299393,16.97555781199243
204322,21.712854391492943
207405,5.182530436784756
1921,56.20663203189999
91350,7.152606647327794
157310,62.90237998156437
9850,22.4154660588082
39930,16.047419684887196
162116,4.061026584305223
266974,18.68334269974713
293646,15.837014810537326
283715,16.409134664660854
174399,15.125347506250883
25760,17.882611830174532
20701,35.40246294436507
132966,21.05468367191212
14428,13.47797399777878
37551,46.74413872214684
72504,21.42490767364111
111350,23.514213495851386
18806,54.60899521320557
53225,21.039047115632435
37514,18.733832503876783
288750,8.10213021767838
206855,49.30358780077473
269615,17.911060521087087
75493,11.057580787268673
116856,26.831870690580516
12769,34.14165569159296
220106,25.946217290680742
157187,81.87770885584084
123733,18.671249165259503
84404,25.14591420039538
222678,27.162538219584544
141446,23.942395305670345
239906,13.416956191916377
93086,21.76442136485356
188410,72.94424504482114
125629,26.051419242771452
259712,12.661873045966164
101280,16.616722740822496
105340,34.778800536515504
25357,18.845989298068346
282517,3.658257930961261
296152,14.710385404946024
277782,16.405828968709077
78387,19.58741640960642
272260,15.140062715041054
147926,26.904918640209033
182540,49.33445725497413
5158,51.144202047599514
158422,30.12093818584409
293794,15.528565216754505
76110,20.44668047045912
112768,85.80627003011321
195579,107.65319769758327
246358,26.493594053495933
108448,42.00581596900494
103601,10.007395802981378
207782,24.08962932521309
73363,16.540973343801063
227723,18.896819119164476
96026,19.832862343638972
69263,21.204117083468613
32256,10.058274578786966
261097,17.601131860632304
53919,20.921967522988652
184109,19.59787449355542
6144,26.730283371521473
287086,11.549084956413957
142110,117.65214374010861
214564,21.522488739193875
67407,22.964568098693427
163986,20.20893434933908
275604,9.328230389252695
281930,4.156185959825905
284740,5.130888096302586
181222,35.82346540941278
156076,25.507797936717033
155389,19.949189416739564
25999,59.81331489613189
122619,12.37865551925697
102037,23.33456550500768
268405,37.48423513575195
268055,14.917456197946642
280182,14.865207302454891
46210,16.188159720969193
118384,25.6921568212552
216198,13.5811645002307
102176,19.526555282340553
646,15.135304389986288
211871,24.428993978284502
18020,32.80414070633922
259523,16.567118588216402
227982,12.713014573291119
213922,34.12048605756799
83426,21.272972843476083
171667,17.904429085171877
99207,35.11708728128744
184939,17.89698086025549
176988,13.353597454531435
113530,30.82202118233875
58540,12.728688022662606
76814,10.509164005734743
200586,20.02539126502349
106634,18.219527613707672
56426,24.319339306088544
94309,20.943559933329077
132530,17.04507710886986
172449,14.91701298724233
138151,5.454064844220019
20300,38.21865622475057
79628,10.381545645276343
242029,11.40788356083308
79103,7.862129382333812
193200,11.172329075139613
237808,12.409882639647169
71054,25.885087866085208
89273,22.311524728895392
226060,33.241585770678775
13796,15.556340117933818
72567,17.398031791136653
218180,21.122975201668154
103513,31.871843297198815
89837,17.242070139081378
196138,80.44303239169426
177311,11.706468363559194
87239,5.906316107144654
187067,11.614326667294021
187368,4.815450286892993
139626,18.232553353034014
163625,14.921641485286589
149808,50.77052930030498
172092,11.033975853254368
45694,17.250556488367906
80557,10.459152936892362
239130,25.273460904453945
291241,9.643677241721416
10849,32.749026757925925
234910,24.006695148470953
3874,74.75040093793973
224226,8.519288009761144
95155,20.52148698778094
72727,27.41981130838581
80303,17.557262877241115
278168,3.0791852340291594
42654,19.472373925417028
70368,12.243287255513714
104877,6.386511322350923
10205,29.46715946097102
44204,13.595369854396761
2158,67.75714647711897
216907,7.232357957515012
122937,23.373101329768417
203364,18.224825414074026
275847,20.957770897495696
208752,9.386239746399657
124429,20.60402102516056
82198,12.750420853582957
6531,21.017863912255848
171019,14.499056733449628
160511,12.603917063211927
174395,8.036042480463424
111962,14.728975650241061
247949,18.905389757167868
114949,10.176945358343502
84188,12.692501269916779
85359,11.370429156151646
243355,21.71285450205289
223267,23.573059313800115
20416,28.109623609787263
105274,27.747309318956688
160269,24.45091654416828
55487,14.291144662092272
274688,10.460669470950288
231045,44.35638281748667
226948,9.103130684562203
133761,12.604533966741027
97081,17.57456424998656
215871,14.73853516283814
229590,25.602881846785422
288509,17.08514402116275
238113,23.696823021865562
34550,50.3052470425205
292937,16.73478338629769
69563,37.36421135940518
24441,15.028108757141784
168370,25.33685190198561
137715,23.492975034769888
29426,35.579203944001996
123413,9.29160789386301
19059,23.648399149139117
179299,14.447777677400502
13953,15.057358804555172
289393,17.304473128992353
26073,16.29747458589363
290322,13.272989449026458
253461,39.269527521938
115879,19.16900360910045
47692,14.694766667786215
221212,56.13812241721498
65964,9.808966169187004
15788,21.124207491292537
246272,10.300099931917341
79411,14.517845959486152
157796,11.240297718469586
264433,14.573034964855939
89180,17.424177775491422
201085,15.761042750520026
52664,17.57545136326574
167140,18.802520063980534
47175,16.15974514692813
74232,13.286700779680789
41165,32.9531103426708
48787,24.52001622735246
40549,5.500932022856476
286576,19.204815466103426
277121,7.250171070701146
62534,37.47965454949854
98928,23.866179025996956
272442,18.849089373700387
202196,14.426243442911108
16122,31.086878298690912
274101,13.247599243834895
266661,19.24939217755858
254257,19.749127081889178
262034,11.982391412204734
104444,9.47580978564298
130525,11.06666420555889
45896,19.489182854498956
147215,33.17766816382385
140085,21.3411143698695
1791,80.01288921106101
142537,36.39222414543607
50896,31.311772062221984
119853,13.883844210855692
298873,13.466654223072936
85335,22.318051859743292
32811,20.67478328006785
298076,6.822310412815417
41371,15.753395573856405
295893,22.70183368965781
86097,72.11711566855564
236164,109.22885972332338
298924,11.394407113172704
103655,20.764192122517358
158863,13.378602246321563
180240,19.08954757484573
20908,59.83797236633334
17479,9.670366795555701
145453,22.363790657900786
185222,23.565609563242624
286212,25.08463738147632
146594,54.96036077408182
160351,12.630009063885321
52858,8.307880098555318
25987,19.188217248519997
37606,21.796410332319446
255822,36.09847543309791
66007,24.943543761575075
232873,17.96887958941391
183560,10.018569833805184
217338,18.574796480242142
275293,17.98097996173346
234153,20.92566849761212
233892,49.956996795524226
27498,12.062324403269685
138569,19.381842599464036
178052,24.855391682746696
65954,39.38770411109368
207409,39.30923256489656
178501,109.07123934631187
259436,23.608849760854746
163668,15.277629953272612
47468,46.622519693276395
190346,17.855448165913625
283474,13.111361181488155
58639,21.691761806735855
145653,59.80975188914952
135939,15.751259747408703
290978,11.45651913858972
231368,16.802621168533836
103676,18.911526919237104
145108,34.58033743867744
205102,22.40771609983969
137708,15.999255863101517
201480,60.084805260309224
129028,19.55467536023408
285780,26.408157109640563
143680,54.95234739054161
23507,64.37731236923173
17235,29.565830731834044
145866,13.242927431129136
80296,22.433739936021855
198416,17.73986246057377
104521,23.39291158713397
137804,26.55322576376519
111260,25.365283315585955
46328,12.4382315380008
108985,36.244380991051166
28051,22.19265670105791
224027,16.937073355160454
41515,19.84229159283253
97210,58.71027312224749
287059,15.485448085713053
142017,49.34027934606997
233131,11.286827264186083
165231,20.64746524759161
191067,12.617348362305222
36089,17.58023896453268
144342,101.26354340604243
85428,9.83342323648601
193729,23.22016432931887
153236,58.92391117605792
120406,13.000478705233345
78243,26.439563009370964
161666,68.72832499757331
204287,25.94007678403726
241306,15.064824715639936
220580,33.12171441444091
197516,18.374893775087166
165824,65.3974296999184
108572,12.854253748895928
155717,10.881363726018769
232212,19.25230161024742
132010,25.226499041084388
236944,20.125167075174183
23606,43.78370434578149
201722,21.06545712402776
202610,23.513086502385377
298811,17.079647052903873
170486,9.676531768114543
25552,15.921246458526152
9947,24.523777593090877
143624,37.445302281051205
251338,10.035154764152857
224564,11.529796219928201
11091,34.22068706197013
242313,15.51751556590693
164373,30.422043171435213
147393,82.05909176232151
64049,18.56929534212781
260353,17.70502651927786
60371,27.198848427086723
93032,34.72884828521243
179976,14.000060574426335
43362,16.892149949003493
64428,72.64822807310921
148048,22.272887129239226
19407,42.39809281879022
224823,14.767337327769539
905,23.541281349391223
249565,36.51728923411627
87021,9.296273808491176
128523,51.3850868826576
287825,21.48856661955081
147356,55.1531564948831
108145,21.482155605816022
259090,55.41574464540325
225816,34.621277090262915
227229,34.87095949759344
253544,17.46061190941952
205742,5.358849506768325
202171,22.152694623648756
91377,38.1953405791455
277975,14.555464050962495
78545,18.098131681752292
266420,27.59936991204067
277941,12.450958299696971
66732,38.84538571516011
115858,19.90290746763292
197215,24.534513324596507
229203,14.212653503498295
187444,11.201331827494872
61168,34.587630834386225
54005,46.28161159043847
69682,10.505184835432194
159709,57.12607598048938
295510,32.07614198468058
149142,36.533627598138274
237328,8.711590241512656
235818,17.668695203847832
177391,2.7948276917214505
198930,17.889262267831676
75631,10.113360451005324
37154,20.430411479466212
215556,17.50408017788596
73114,13.083831304933145
276911,20.152602541458634
34504,11.241317291654362
15068,53.49586397505375
98146,21.894433542736714
108704,8.381789872813407
136394,13.109418944784185
65376,21.760171356629574
105359,24.848515510923903
246089,36.87961608817051
245793,16.730087216793443
296580,12.442049282646188
141184,31.6534319844722
293863,12.152266884707178
198580,13.790810311617232
266778,52.76293600012516
141244,16.271237437656765
63185,18.11974987878193
188045,15.033684239797537
106483,16.179550616521897
239980,20.359014275319492
287929,17.35125208904121
60505,13.121173757566659
104214,19.397841414980142
267639,22.348683230146783
264206,15.74909137855428
113860,22.921853261745454
279651,13.899825709258533
191326,33.83034153773413
220408,15.77770562709
163896,18.933469807803185
252889,11.69439608719047
264452,20.612003544838032
170458,32.96264385476455
94394,16.231460034038815
108490,18.881531062926992
14760,23.360348956895095
128862,25.15147200544314
290867,14.784603806256044
188241,7.653426627675808
211309,39.10401169250387
45780,13.67039255887056
227995,6.821849447507402
24301,26.771396321397397
270886,30.716194675320168
278329,20.084247646262554
89239,20.469036108159948
226435,18.95551518711025
41819,19.142306165541665
178217,10.662720183311235
227046,28.253061775175322
76184,17.893413367978116
282923,10.311583954570176
170023,17.377353834695974
210295,13.751328156833665
143123,18.460265938305618
67917,22.11183979668966
85141,47.687190543662545
262480,10.85651846865742
282932,17.7724106665735
244225,31.148461732133676
259316,10.521389820162312
123877,14.55151654792219
30957,13.999207117690506
248627,21.323677399087778
177172,25.852812427299057
234266,13.296813735279486
222205,31.735455168238666
213250,21.861550063603225
260404,9.054351053187922
247266,20.704994984122962
151038,11.537742949040995
184868,20.258617849561492
202383,21.69965062868349
88200,10.30011623861067
139624,13.363223605282727
92947,15.70810784452135
24541,26.108799493649464
198722,13.20470110816942
172038,28.859963533217574
92027,31.95533179763354
154238,65.65331692408088
264116,20.591221333374
176521,0.09138000566774451
27657,15.607111022840076
216955,7.684166418528971
95644,18.047838405851397
104589,15.948645180749352
165109,25.71293325671458
172083,12.677432980207211
126704,17.50134637517683
135884,10.934444105714899
240198,13.653173083835139
212583,8.989579692077342
264466,12.559234871977837
179025,9.156647361734247
130699,35.51996833628527
117411,22.26303878911841
244194,14.099693342364482
101275,28.063895898096803
271488,29.333821746091793
97892,10.907061223151349
130040,20.569378234169537
69226,15.229619957361948
251846,10.379835599997808
141290,17.10725712686881
166938,12.838192231895839
268219,16.062855248656064
6502,10.48224838939252
54284,35.861359640238156
210320,9.463549140004138
56667,29.573169877455825
201363,26.24686567131037
256964,14.595704651470584
260377,17.604968040137173
272117,21.742485152816688
246459,23.398468702343692
205712,32.663176002067985
39364,11.552956486766384
152480,42.964619184687685
160061,54.72506591467756
76666,20.50252086264391
136928,9.107765147919462
10686,24.930528832332378
222821,35.468332877828786
146054,80.25864385622648
176501,21.936827379402313
210618,10.431175320124407
296044,41.190013199639964
158511,9.253095338932042
66364,19.104593146092753
233783,28.10453834482132
57210,21.60479313758077
187198,17.812394362799264
226211,21.71736740979387
280276,18.211752418488423
293045,23.37688397875086
113954,42.53856314053086
178513,16.911695648907067
264576,33.078297307778456
97786,23.005754092808615
200633,18.30841239445657
204028,26.774523519028683
30776,11.985692542427579
192628,27.63240716416553
204787,20.762214750101883
146237,9.468379208663016
281835,14.284320482777787
21310,12.19788368484543
110413,17.283973883983748
39944,18.736077663658968
225317,5.904208396661101
289942,11.112896523523661
232245,12.407076925743375
251270,12.330666720816417
264490,13.911578444281663
88130,12.145565580927112
59673,11.65800562979472
244443,15.618206481295335
63481,33.330307358006344
136449,14.587774120760926
289108,14.31931650777969
115028,12.18550012663743
205853,13.5458032706687
2819,12.221850173764317
78800,11.90661515839136
175297,19.716966957395236
145745,81.52421686686606
141586,14.232216484454003
276191,20.426599957960008
18286,54.908069038606776
112334,25.488144373528552
270830,28.13383065834963
206953,17.157483878210137
88645,12.267008037511859
138776,16.517016066594408
84517,14.751362123113932
200651,68.15835945038583
250206,8.001384428151693
186519,9.667792122521716
113593,0.9106677794808746
187472,17.250318972364717
23255,26.078163607406893
220741,8.199656979040114
34005,33.39312075550691
19785,56.77481853086695
30638,22.058675882073977
16821,50.293800059283676
141279,27.403459499642114
42469,15.30599314401973
106962,12.659585604090587
206179,17.510884939107406
289299,14.165288174294655
133615,14.101218772088657
172119,16.661404519822337
251445,14.115986752789322
279470,17.033886528031438
149093,78.9603269555675
171832,12.440123054880402
207537,36.7397276581322
248860,8.221492541035964
285474,8.793110841888858
210233,42.27495469324091
220501,7.544204837052716
71828,31.045657921429104
150116,11.362998184020597
272706,0.9490222286856316
31008,16.31917914258206
176983,6.811638391269861
278788,15.874431416580325
151171,15.460769974069269
85871,76.45958632549215
45697,12.824466098099286
208229,23.08143876059451
68476,40.137539774430955
97104,12.687241341235701
261569,26.19604174254183
212702,8.581425584324453
10437,27.662698030042396
297711,21.70311341582533
225057,24.21065050697861
194897,3.6157009830112594
269639,62.85144460109313
131506,8.938720431365613
287909,20.523425581944384
212552,17.655466328667718
156704,147.4624844134094
150237,10.04143910999138
130271,17.456656654375944
267730,14.632020497941312
14459,18.706592053981623
245516,15.039885845287024
110030,18.830917953452012
44056,17.160263393763895
14208,7.11701195907564
86098,23.48527524624813
211699,21.92305305440111
124249,13.737858770080358
80684,12.000240041940682
175801,12.002071805353413
269567,20.793890658922557
150019,19.82378104040752
139952,31.367685939714
222911,23.699295313872817
228325,20.126354499434083
63073,11.407635000806774
234823,19.294876171291996
232986,32.4278898447305
130501,11.612105905064537
65044,15.053390766210008
93706,32.16139182093042
172199,23.96375092293996
80792,13.500037873831326
136641,25.61339918499678
199653,26.957270946023087
281189,23.941929539627317
182001,14.49672535588087
16231,11.205303047695194
62189,26.207694021369463
191619,32.335785573695
165116,15.712933883887992
120771,17.857610618827994
139529,24.865446139938605
85237,42.14697148334099
150307,24.006466269605447
138471,24.729210401608267
159304,15.56977229896781
114864,18.56343298342101
176570,21.254890044631047
292973,16.34155740339144
242219,26.700893888338094
128564,47.06710370769341
95792,30.725621038065782
57874,11.254987318059701
176431,120.64726130543872
219783,23.95699807106982
114513,12.249613023230811
50120,71.81600510420864
87601,27.941941371553604
116601,9.577599675830308
51925,15.014215993479766
152066,38.86894322435359
208284,21.62792901240784
297253,13.002588063568382
46187,11.546883599925433
180489,9.740415095984819
125379,23.970715507075077
275854,10.399133484699663
10546,27.533130065439742
91456,13.99408959998653
116963,54.61090628152909
68004,36.835102095056506
200627,20.235200100200586
286116,8.639470090110581
287808,21.956470846380185
225991,30.932916674698532
148295,23.910397424610487
297083,19.576029822068712
197421,17.88387359269983
235517,26.160964454663414
83839,13.248180753268713
149642,22.630888344564113
276548,37.86370188087826
66143,40.4242200990514
9430,17.074349454761922
64835,22.93966307849508
129314,8.94261771638459
264455,17.66028191702787
274129,57.33454114200568
282310,19.386268457368775
23499,52.50485521686601
45097,21.35826764939963
184165,14.059209164129491
176057,17.778861865524718
29600,18.04266583173454
22206,22.58331600208127
272307,24.11693527895138
142097,36.742737808340244
195064,26.759493798552676
20523,14.35970715267592
165739,30.15353342155963
2339,57.14681772205918
10317,13.062142713901025
123678,22.930315830776948
109488,26.369381518944913
299362,20.096049441111564
201046,34.93038365027993
172525,22.648685920107056
141453,7.572229396096024
258978,15.048826240643063
116328,20.095590433549745
198075,7.247886073722766
132639,19.569108864396192
276647,9.023657462499632
153035,15.798579262641042
122801,19.501587480526165
7490,30.04005487119303
72926,14.637936069034534
166201,42.92766437865642
120796,19.785699348698557
99926,10.335476201600876
186299,20.273358285019633
231288,44.74511343676774
230942,31.975398657815354
287499,15.371094483281361
255609,10.043398311638267
199069,18.567207770263884
275038,22.200885693406597
30044,14.670501960223142
232545,26.687230338401235
104608,15.952162726957773
53716,10.652186096624018
295239,14.514121963791322
50001,39.00249181755302
25102,14.165210252109574
155798,14.480116336189923
156714,110.38856619425653
15446,18.262959828732125
13575,22.133712831518814
53031,30.34019393491453
292631,8.857087988848978
143074,9.760307960108813
235799,12.180529835790239
295519,18.619458717991446
116703,16.29343667197768
138577,29.771508510993122
80289,25.365924399651973
89685,11.808595037001384
37122,22.147426198872893
275562,11.543472796602622
271593,20.053955623365574
257626,20.58085075014128
244098,28.636594201646517
137014,25.609036902481236
120805,12.420342524480688
55200,7.282347900403286
80394,12.32235890839911
94371,33.709130288855484
209163,17.304824804108463
113929,10.180363757102867
101506,15.08042158571233
149340,55.6519829736967
93841,20.971263710129882
130481,27.71277549432022
92962,49.59941611336732
31276,54.61714091667602
272947,52.755186525075906
218273,24.322890555836437
73474,70.87717684777178
120302,21.489501955648652
84864,25.0442999032294
87004,6.526607440366373
274579,9.71449259006659
44003,13.965822739009532
286922,23.604991184185486
56911,14.583374421904537
92099,37.97580333757217
186222,20.243771387160763
91206,9.995937789268208
145129,32.76859553899906
12807,24.486785590275183
62503,16.768439969519132
132020,21.479724171885074
277958,13.965889131073538
164719,20.5496660371026
170197,20.88464973795938
148098,28.515555510334657
265435,10.878136391149784
209794,45.49727717637548
171220,2.297259476814892
34568,32.92534692833311
214086,15.808856870805343
227271,5.756267323795184
43733,18.681958635186604
237766,25.41134548093072
2524,53.51176321248955
153465,20.043946303635998
59619,23.911079835457898
34739,12.448848846066134
60846,21.033100140121746
84925,19.39033277225822
37607,47.99132752632743
209517,16.287941292700506
207381,24.00613074944959
272458,10.745563034880098
246453,7.259973876289505
7057,9.405394358701972
104317,11.102898379340392
59011,16.666621714854635
15130,35.181494376481204
197553,25.17089834081736
205414,10.071884076255003
107855,15.503794615705935
172956,13.678740129962794
225288,26.83895334958754
107183,36.68355967886611
211766,19.802812519039527
133755,14.621056410814745
293073,13.728265225319525
30503,14.906507778317906
29682,12.8400425116985
173036,27.069636048883595
229075,52.096189239512306
188852,16.816719043382832
165742,21.70972875880595
282120,10.375700729835662
145563,50.505811434626054
271443,18.39241221270171
7587,19.76543095164193
249893,20.532117690525865
39001,26.912495555034376
424,21.80732153001202
25293,15.034025310380965
212144,17.763682424841015
9104,25.4579239075301
289800,14.281362681930187
58062,22.126255868359852
95311,14.893461075076445
65917,19.73754429455247
235158,30.33814632102741
268105,20.286118681104753
111222,19.356957585430557
49372,3.1304095371500615
152956,22.26275101567737
286124,11.37978059129646
205835,33.511860614710244
52058,19.02602519126724
119087,3.5044247194742066
250166,12.823210619763696
287088,19.537210355034542
209869,9.280619366026666
229444,17.54370183067928
285433,7.8565806654688135
245373,16.246052290678648
268561,20.442371581821916
72415,37.217090977092575
284919,13.621959984632666
33605,13.835156703540282
30492,18.766086830029924
273849,6.410621736585538
270906,19.7296926399682
123322,11.336153509280106
102389,11.054574266153091
116574,27.85208930680009
63418,19.566329794953532
184057,34.18288527128813
143679,42.201112153062745
99595,54.60464506005697
53341,44.19290688932957
255428,11.050068191066241
294133,22.227047879802658
135844,21.548190118957415
207780,25.4503984480124
169228,13.351003394850395
248925,27.943614131061814
205512,12.034443587848653
65240,23.125305398426388
126657,40.688922595330816
181043,17.759471886680167
135200,7.171957550598098
46943,13.503916041380528
226502,12.180745084275358
77329,13.929856635887916
253847,12.059613448223825
290813,20.677954792933676
118754,14.147407739707432
220440,8.885028851564316
181121,18.562535842928064
119871,16.60024625790015
68261,13.27891220503733
248212,13.863922124727512
290734,58.13033153723776
215930,19.613255657803045
25220,11.255797266938107
214219,20.719177490319638
173288,13.311889857617285
211522,29.603906834771664
181655,56.222161123140474
36380,41.79824145599148
64078,54.73823075720199
86304,21.729556765337993
9880,22.878845461864362
196944,9.791611585483784
116642,17.76736592636583
189443,22.539220584438723
171717,13.225449776765915
265483,1.1702340144679155
124289,26.035151734491905
129867,19.793327373368967
142087,42.05610121212623
243874,47.853047807944584
1745,52.65396666603541
93490,13.982266786769017
91132,14.85071727205711
86285,18.294193545370963
58603,27.477509839450484
116471,19.63308553263893
27555,15.110739776735794
85668,11.779543497394688
231075,12.850182417376825
90092,7.479692425963762
210712,12.12931821205007
204369,39.2495887552797
153291,26.46461592886378
47762,17.66716880060151
116120,23.252090867248157
214773,18.719007501359428
283726,16.48028914764456
100218,9.2979778261736
273719,10.457743270541165
33519,19.144155750617088
259807,12.90462726776261
117001,19.90737946419685
100807,11.119976089792214
222243,27.949788664049898
183885,9.315300707068516
140033,18.52110697037672
64997,19.57755931421923
279258,11.394459954285143
29568,17.757666405734987
10862,25.865714901446324
244966,32.133887663699134
73556,15.615799530892083
143869,57.35683134320569
46558,10.89389944919016
99229,17.55541589663996
131426,5.294934702362802
210870,9.777781577833323
264446,15.567352648369656
178358,7.0070632118021035
123828,23.23433692805012
298213,20.252928989790433
13740,27.636047502128378
80512,18.316409350280814
79844,28.657891508842944
203646,31.347484613838823
164621,45.8533241513451
21756,15.20318715194717
53735,13.11869644967779
17211,24.61986783015437
131468,22.576539270603597
75318,21.334921553258393
210285,9.739112660065832
179077,42.97853522337054
183423,49.82263240813669
195948,38.99744513562138
13184,24.39995939475004
113712,19.719905331565833
122520,16.230125104711853
92557,14.87840479292046
90632,12.701029485580033
224316,23.095260273331526
105815,16.868188648764487
176633,15.494875005273684
134744,11.613543819030966
39306,19.39327188539689
79495,20.59763031627597
119161,43.468226060998965
141920,14.705717039128444
231176,20.635839472638644
87999,19.080395953565876
163708,18.083381258063916
134291,23.563102493870964
106669,9.404668690763636
190373,8.060865208153754
39163,18.058437249807877
223547,20.271735656488303
57758,23.146012193928005
91989,33.6223144879745
130670,12.527443962893283
92996,20.408424855192273
123743,12.317632930440968
205318,42.50352525542978
239332,18.912841698821374
278599,13.173960649114367
209492,31.030030080790844
235133,29.503836907784905
91917,21.639191246987654
110770,17.00795503137261
78502,13.025413456019223
213232,28.362057741554842
26437,16.553225152533198
23332,6.149326683563666
138745,21.99381415207793
277784,19.692424236316448
182471,11.149215512558794
90145,28.409523967207438
105035,27.97364445279939
245686,59.06977206601339
172324,23.480382491961716
62092,26.786201778992602
237138,20.247166732280355
231377,10.368868199987023
50986,29.161385206815822
77922,19.930216411812395
42783,11.400372939265818
11628,18.304883979283883
272732,21.572423086087376
153505,17.75904393055581
51044,19.996826521389718
46673,32.71018474682409
19468,36.95116634653538
1990,54.440321158474084
135343,14.210365266861977
63109,17.65095270058083
273910,24.226096220706786
226766,35.34131970087427
258035,9.305868368895647
17952,29.38201627710997
128739,18.992187001230313
113637,19.76075091330801
276031,7.181614237198865
156055,12.814964519327805
27088,24.555341955356575
85160,18.959953664014904
197335,12.479435826606817
54696,5.402423998236646
296067,13.35488906216681
117933,24.281781888209633
25169,10.577024771910214
172000,25.250832332021574
62512,7.751394904150496
27398,15.024662563678081
44757,37.41612116957081
295856,22.971231991977675
49611,13.912754348768512
101583,20.674923870275666
280390,27.202880079732022
189416,8.49407782271526
29837,52.09108459927799
17630,14.385023715520273
216526,30.526130835497902
285600,9.357744227839161
98515,23.82081274627891
53138,26.594344038380726
167667,12.318891947024118
155480,22.58863599886228
25069,19.202749346790174
72256,11.861118587079972
120956,52.03408822681665
86485,17.28451454183468
26212,14.24067510469466
227027,20.758725654997114
285368,15.198840552473435
129904,12.18289309830346
145770,79.46673206419297
285187,4.357463630180838
34597,19.747748603919433
233188,35.420361844994716
143851,26.240465561312114
235746,20.684279103352566
278578,39.8536245865973
213714,13.040136799067309
181058,12.02514358346421
148404,16.971402516651423
82410,10.16306251050079
289924,12.677089788855572
232488,24.185517429243532
194739,14.74678948386321
215586,42.29292673155275
165012,16.509638143351932
199934,15.817868082329507
54124,25.81168926328532
211548,28.37905351163791
38395,9.840302665895406
96162,17.259720688327214
146627,77.58468308370357
82996,7.387083420392717
214124,47.4634754491362
81740,18.461664205046965
183994,25.866858072131905
83026,32.463773833598474
178224,20.455298069936152
60433,3.3225767063817493
1551,56.37915057366701
56879,25.23265092569275
57146,18.212922882821744
24355,11.76601643203021
125441,10.915611614683813
238452,22.067867421611226
237478,17.16159083790604
181580,5.678640286924033
134893,19.434750327470887
84908,30.671451234888842
220653,37.17442962097945
69040,22.614511924913792
174546,38.80464143362361
9145,18.19182269069101
32788,17.787276620220883
104382,20.534561177123706
196809,25.132426237900287
271429,14.919558617004093
260931,19.656672590498523
116051,31.696544486064127
216411,23.315704910291434
154164,26.544028387471208
207950,34.000113867411756
164001,7.420314991717046
259606,65.85886145895682
28036,15.135551918381328
226848,19.336277323257477
21119,70.96170646744591
135497,12.262296688862929
203038,14.251975791419802
178275,50.26381308960446
165666,9.301196404423074
173102,16.35952563026105
252767,37.487490035651014
288913,25.004852778376858
285797,18.419549978560386
4527,49.429399825273556
140110,27.535232375423817
20636,7.421978008201597
150900,12.066658525376921
150425,19.755342830824524
101627,23.9235042373721
150630,18.46997257177882
208456,9.990997169406473
133005,32.101811294884754
291903,22.824242664308994
182270,14.925700071272864
237802,17.144124632729934
35351,18.663901409878598
49752,12.480544999184602
142951,61.628924142981795
6110,18.813868550992886
54500,25.025197295860544
286876,1.5847442141197563
138946,15.612307439485598
272782,62.2796537626541
177915,24.30030689397668
191925,9.472068477489785
185202,16.189913499963016
139239,18.592959961286983
119220,21.756170717269434
187826,21.49784257017092
136822,8.588830795058772
258679,22.598842165589602
4280,37.37062349393266
1447,33.69235570825088
96649,1.6440749344158982
47404,27.81453166026913
143757,44.79863274387623
169195,14.162975213813226
90476,12.088736181421636
147225,57.15568449511202
263978,10.474171172524901
192757,24.553217109385642
84281,13.730615613731526
73619,34.463362113191515
223842,8.82070830402846
46238,19.046384172995594
267051,20.35109587377848
3274,14.395103763075735
123129,27.702837861498928
200578,21.08501230851803
148998,18.128662418249526
171293,17.883936154162996
177490,14.640895208941874
125507,13.621889450963568
243198,25.22518726936388
156155,16.284075991976366
212873,29.063105176783402
277421,21.080143932049012
215528,30.09372260232977
275773,24.500790243417057
101723,9.469292094926146
245647,18.551915772866295
126744,8.244150007727086
265788,10.996100111692222
287338,10.086697721889433
16662,24.089825632001173
137389,12.106636155597815
99989,10.470291393770772
283974,20.434870159461894
285838,25.307867632291604
60347,18.37965696113841
190376,22.835344215688345
222971,25.79021411836444
271901,24.20298789480904
29490,21.853879316793254
242014,25.155000952806617
179530,21.073816765072685
232968,10.917034423518984
270602,19.44747433579375
181223,20.26015335452871
268735,44.56803897987121
9045,16.356284121603213
51466,36.88196827912548
85456,37.61379588101851
15844,16.039359956411673
133103,20.530612375382667
211780,17.61027809507351
38634,17.92096553074663
170712,22.086579679436525
267412,33.47792257053933
288337,12.57184363260579
139205,14.93523883139428
156110,10.533647171402672
77668,22.813032659172606
18256,42.15189551967817
288451,17.87588515890593
207215,25.65546206156729
90031,17.935156036517398
259850,35.278801752942975
157245,62.37053533190771
159349,15.269454815638053
35770,7.941332985467065
72561,16.97738723492683
192288,16.89894706634921
4368,15.545469631685055
191417,15.41264106011252
86339,18.567092552021098
185793,12.03865250475309
151317,45.38944657076594
193664,25.576365683190417
227759,61.48792120767516
216863,26.877557955694975
214238,8.268111833062619
51159,37.70427195042064
191956,27.35873756913336
237165,19.77428571079531
276832,10.883064440057385
276667,7.767718430519718
94034,19.044769777541923
193822,34.38658997390677
40078,13.093455075859914
95350,19.26435830527123
152829,22.97004156008165
120242,17.88579626163987
289411,17.767212392093143
295983,22.381888271854734
299315,14.439776686542587
147831,55.19662474839256
229348,11.927740940860541
274455,21.077372062180537
40602,15.464484142149871
108827,5.861338092872975
171513,14.18702278871481
33125,23.882027808676803
232938,43.32201169999578
260794,14.755192903877969
149829,42.19637879185969
151722,15.03759001458365
69120,14.791621109914928
286611,25.11721447321088
33835,17.556090860082406
178190,14.03605980818552
245643,13.379964832937665
142437,27.848961358511957
123252,21.936106666956306
131045,11.508389855608277
149771,20.51626004210585
175639,39.764417949109976
33803,12.80138160277937
209659,15.424091686261768
44297,23.01883707730743
176843,19.56863853214271
228701,19.572140572753046
294247,34.31761880733337
86444,7.058224598228996
35847,30.625490558502598
18436,25.948441221335973
4149,36.05785255236774
170202,50.71854701647745
163730,13.47929574995625
86378,18.782580201935744
141215,10.550265697639984
298196,37.26675444831865
99328,9.31187863591483
45887,9.867550456752372
289232,21.576788109877448
133089,22.58320392587422
286877,8.43676727496858
121303,13.797976085795579
136372,14.451720883953719
248758,12.768678695235808
196877,19.25935945328159
32250,38.719930135637924
236276,35.06700828027491
76476,23.41442953204026
199874,8.403202610078601
230861,26.69497664222723
285975,20.701357865645225
77411,27.613170082158135
251233,16.287794855311663
26094,8.710084339956879
259899,53.740492366886365
277204,15.084261418183722
69946,42.43393153808838
188555,10.014384490008926
106632,18.98307797103886
69681,15.907959765585009
23302,15.277326960849475
141174,65.10408274941557
47635,30.720824888162234
243657,0.33749510200794575
34075,32.50466870499835
94785,14.547578328669474
244888,26.059897858987526
285375,3.2611726408496136
3371,8.894031099977298
257441,13.258245629177623
258463,13.89382400493286
135440,10.477820077684395
167317,20.07215995022856
222145,25.89288127583467
270281,21.328542224461508
14141,10.316167688449816
230258,31.89201642252408
29152,28.553514788899754
294520,18.02433481603425
23719,17.63413958153385
93532,28.99982075589369
267676,17.915410110215902
101408,93.64391575989066
217067,24.631183492973555
274850,114.70683868027393
211343,12.452322700963748
230086,23.851971096524107
95035,30.649698064543713
103558,12.042265694016816
213619,27.379541958108348
61947,16.42204484785892
123271,18.289231418176037
118891,13.51316217188279
181962,63.79358441337626
108227,28.16795503401584
285318,0.9905170959670682
223918,8.072738767860308
265800,38.887752161608525
201120,24.423156158566364
2125,115.37474372930899
80535,16.448654572183386
186926,13.226070001595524
22471,9.82402508314841
242419,13.517780729294174
9331,24.15505495636155
207209,34.38667152950658
184437,9.9571208749105
243579,20.70494019548873
190097,24.054276794434017
284637,14.971615918433827
218256,20.650995377499797
108316,15.866005686333459
221375,44.82589530803051
193637,24.776583096832887
124803,33.14668310835142
170357,17.745479179212587
127062,6.711652649488254
142499,67.2166216899619
251877,20.12534217328971
61747,21.585803252680993
226384,14.009780332987706
177578,11.503608259487955
202858,16.23052422703434
267134,13.74739541082807
168260,14.761292166853082
88957,14.246798620263004
135256,8.564432123001069
145833,26.50724403533031
188932,25.06669260248011
127205,19.48558120426562
174497,11.898368105785858
121581,81.30159352184674
166273,11.114533872332771
113703,19.38280243541503
268900,10.61654992035206
45724,18.88648163184761
96553,10.505542940432674
187192,8.926936687402058
203466,25.629979091506243
297901,17.394924043856854
253644,27.546892746488403
55977,16.903039737196252
217711,20.431255978954226
138586,18.694369847509194
65586,8.23028405958367
81454,11.528874181854798
61415,28.341993998884973
58176,17.961343582259676
232853,27.676979481930488
53798,15.769500249747857
278416,10.782765529094277
278728,26.520423858541562
240293,19.825969404494465
287913,12.069626876498928
95859,12.677699098406817
73599,9.005421944921224
64462,51.63070141520348
252605,13.967785273012062
296486,5.657551796105402
23,25.344285188407973
97967,22.96098149487197
41615,9.921939601222185
3702,18.479573740302317
28595,25.391318808578294
218875,29.018880728448053
172922,11.924404779735628
13932,16.366068186974235
154750,24.01175114724812
298157,9.29582576090333
201790,59.516334372650455
176306,11.275032212448583
13536,11.481317209774756
43211,9.362441338698394
85404,18.703356557185604
124974,29.803847156628002
37822,23.550022627950533
25564,17.856861228837417
83828,18.90338673067421
29211,16.841471034590946
91332,22.894542115876913
175869,14.106707509333745
261905,37.249496256468056
163617,17.492552915936756
163348,22.542390233610377
131928,23.584456800586345
275756,8.922712393877415
29795,16.02406182415725
20343,39.05905096946706
211148,24.249510782578497
246194,22.709494044985192
92468,13.017106294227514
3844,28.951727031683145
173693,38.054067036166636
25769,34.56588711927207
252936,44.63070766288386
212751,32.25154896650956
105335,16.491671730052424
166988,17.987568387563144
90910,13.591328630129372
221841,21.978863399774582
190013,19.79304359416757
80309,13.724776356676642
229366,16.749346546038616
95160,11.217831508361414
12481,20.41369896751914
219017,24.020252812761242
171902,26.80134068619503
44434,29.953225021002105
155490,14.021069985318306
222900,23.515989163727802
216455,14.095333373124255
75044,22.835583750455797
71709,16.405609425869542
217071,30.048054223891747
166710,12.86561549979967
162988,14.741762510089519
158436,64.5338870167702
104974,15.459950665792693
169447,11.546569802435805
178579,13.892206397742743
232564,8.531858429509747
136965,6.094329213710559
142786,36.73131212238338
8652,42.418948617328276
198673,21.160107810790176
139414,21.466775360036365
276857,23.228971241278067
267003,12.417017135515907
81330,33.069663099637104
152202,33.57147606384202
64085,24.978006564703225
93525,17.361636529691108
228274,27.854117205429446
234720,18.19860196719162
141081,14.784020386777271
129485,107.12670242379639
173946,25.072978181883244
294565,19.7555487009598
248254,13.526762051333153
158898,22.570244597972405
98579,26.446879850511547
93593,22.830070256526724
41229,24.127234616685072
7175,17.319463199227954
275719,9.97282156085667
226653,21.89810177023451
278614,25.646975005227397
174221,23.356589136097796
165026,36.78051393310003
245113,8.528479478400012
259341,21.127691509119913
13057,18.292691833511263
125123,18.307082825949767
126152,24.87268044215826
168783,22.89706084352989
114550,20.038231918166435
278702,15.596988794727032
69159,16.661303184925004
379,20.09319176277441
159623,13.181925582606517
198306,35.15557464570353
56692,12.194297740172509
7983,33.04189300343298
9962,14.348173781016449
125288,12.283785238136568
70375,26.927639890597405
271551,30.297141500446536
106804,15.863167511815895
297866,26.63927268280268
257314,27.981832326457813
213450,27.402035398459386
285933,17.136024862784794
53367,18.051536655708443
163792,12.391042800096201
99828,6.931197067562271
169434,42.791225986153215
41075,10.455300509780406
147846,34.58349008289431
232559,37.226372918708776
67116,30.920384036915486
194447,23.53265523919377
243649,13.852737035960288
8350,12.029955770038079
51546,56.73523774196037
80172,20.31940130210622
174090,15.04055666845921
163644,24.691093387360635
219994,29.753075610876287
99450,73.98284399321724
258117,18.098987732819893
177324,27.67755389487034
102016,10.082130216062758
227257,29.373779993754606
44138,15.440336430857759
139541,52.86548934296801
70782,31.08682351209915
223827,15.071550896083178
114263,15.824228554629052
203318,20.278437952212624
145081,54.821634595663596
265301,46.1638606565119
158400,9.045671420397976
277285,24.388214467818756
36505,17.303849166776352
220634,21.501392957739288
101364,19.961922859783225
175714,14.617741392180097
246582,29.77344560257579
222902,23.546972317247054
8608,15.558602517679756
282221,8.753424621788506
69257,19.925984618187982
269704,20.928460975133262
122731,21.20687200200578
194663,14.045632973235811
266158,28.874122527822177
87033,20.68635790892896
79490,11.132794270904466
162613,45.18799690114202
37273,39.97419964114133
184523,8.91912153381718
232816,34.2889710381168
287470,5.271643738122212
296502,18.272951727526916
132572,11.068017238983941
149525,59.11813249444125
273909,25.12923916432654
285876,39.26455740985989
23561,108.22439688092285
148456,10.522866856639702
23483,32.89040923708113
121545,25.859058083402704
8224,16.59580128612494
285326,18.36062994392322
3692,4.869979495900525
277427,16.34467516927004
235689,34.8509247323225
74771,14.632849023115778
261260,10.898748592656375
206638,17.102163251286164
133654,13.486743593555836
129917,13.202803937554915
255063,18.182189912633863
46917,26.25570252891893
29341,22.359965229920185
156818,60.18732331443641
30445,19.176786312576127
100860,21.467156582128748
228585,24.47697888509654
103995,9.16588816045646
139758,23.00303523166982
126880,5.8887979919368405
161955,28.41885282632389
21549,27.882383152695066
298932,13.11576295113555
194805,15.300276165159726
34434,17.352252328301688
213027,35.678013522774584
112106,34.59976079539775
142737,50.553050961196256
61079,12.469602054204836
257058,18.775502444189147
69507,17.822307753703853
91504,23.757154503786737
190476,12.143609617056743
270537,12.972644012790461
111749,25.963386256577813
38099,41.200754337484405
60015,45.12893974734828
33392,19.15052667199076
86851,18.915581503357846
57685,11.820749035563587
124387,44.28845412232321
181756,11.439949104065878
83078,13.048925073218564
214888,40.945645163895044
71344,21.481633857590865
58442,20.339012648258677
75222,18.255036187139435
240483,31.928337081284496
287927,10.006605409729456
218455,25.52984456392211
152394,34.89448065454855
214834,22.000159988527635
105777,23.60762373891416
16381,44.65407490593985
276684,9.882730384973707
260373,11.981606625543838
188147,50.71651912320024
5376,29.3850516476108
107750,22.187028048742647
85845,18.588243646764518
37998,18.99844249665331
163326,13.411354562383941
100886,22.429983485970016
107813,19.257896758412777
79712,13.874249255825177
88840,15.855183517717233
123188,19.21610268823931
228019,44.07343558859403
189571,11.667954549378656
250082,28.363412295732857
142976,22.11520878392135
48033,12.971938965244533
100147,15.338784871054497
101625,7.409567621134515
114140,15.933646899766096
285653,17.218718108215036
58266,23.083469415607283
44938,13.461250917613626
93728,20.93960977778157
92209,26.42436083132847
92181,9.688460313552406
112085,31.67939093129059
284882,12.885254760013726
52832,16.507722237772082
299336,7.086679220383925
288721,31.463631488120143
147795,67.11747885440516
131674,6.529442406128249
5655,56.258894643783925
45567,11.767458172609707
101655,19.21580426169163
227921,22.81690917713993
214193,23.405899261661087
90974,17.038763305676863
83434,16.87910162128518
284216,6.545576252431543
58633,6.771843812297718
187108,15.782838858521522
2317,82.92760769913608
145789,38.352696967033545
109658,26.71186771803145
201748,20.713239321993843
207380,10.291111432431679
111125,25.493398346743568
152228,10.003694343183653
191352,23.463867348726815
17467,29.561549823451166
135133,25.00630193335609
133322,29.402726739692596
151960,27.866039967398578
217038,7.663044978997137
265797,21.084551230201917
233608,20.912643025139165
63987,29.68257258413354
129293,48.79247030111856
177155,5.824892272728549
27273,7.077905958021061
224562,20.742073491715086
200439,22.987826663448246
288070,19.62241930295692
190082,9.223861433222822
66263,26.952618966195264
204470,16.3300301791393
287083,19.44949723661145
160086,14.581293686564386
115076,14.909595299079825
152344,25.26889247069284
153791,16.538144852905162
224528,22.47266441744435
243811,26.277261673980348
298528,23.94327760610129
292500,21.243114545240076
110540,37.01386331093045
92518,31.082833426203486
178611,29.132855308425533
249621,7.0004157523394746
87971,21.97592624723903
173351,10.146038544861478
114340,25.57905543079606
70633,27.266411013521314
69633,4.777863798029801
208968,13.332302760448473
215706,9.220340916576884
288842,18.21091284745936
206925,13.117612887205418
180336,19.26561093918594
14945,21.108385145326665
69324,41.41725209997022
292338,23.743000866061607
217349,16.839362590372794
158993,21.07157464820022
195950,57.399899125933864
123072,26.70121489631291
119249,47.67339412474796
37931,18.683342889825454
142004,71.77383692416649
94749,11.231696516843547
556,9.477415038697691
122257,16.018071463135826
99788,18.833677012335393
216317,23.177166935612185
287303,19.29540879719643
104658,23.48226648858114
124253,10.781737178776487
135730,11.497818885338987
134100,24.604582480973868
160956,83.80891682781905
45085,22.00474033784328
88737,12.474636701494152
63836,21.786654989952236
249290,21.703410955806216
28888,16.928899235943177
181358,29.275285601553566
297145,28.990779198673746
3020,24.99891416149851
156240,14.28257796158788
128219,15.188701381024767
267843,38.5526238063003
79909,18.607169639519554
72374,19.245896064819657
179372,11.884503047151588
57587,32.17790180309961
43070,13.115374502410061
119549,12.761802830824365
132590,22.14841314059487
246209,49.98433519499274
28248,21.390981578365057
27604,10.992435275022075
73680,11.18361924173924
85948,52.66215330921499
285323,7.025076663693586
57161,8.872541274719241
111331,22.41481354328033
285856,9.600265912326327
195795,42.2217340578148
150556,24.410606208244282
94241,28.675099768737695
41690,13.154215945957676
131722,49.33265856193815
65309,30.268318342624433
77765,26.40273534538065
290429,12.041212074628978
161223,55.23146614685987
281233,35.75689176735954
248387,24.057245984508377
290580,17.83985290542747
294813,7.155163231618008
175391,55.36834619612425
282245,11.087399344171587
185567,30.262602547189047
169161,35.40116770982079
239144,5.694446509684591
33412,18.468373003746223
102340,20.470831108065884
111289,32.20692974284949
147848,36.00308155993849
3878,16.22079307410603
203007,34.15631894182342
293365,16.4399374146838
209643,36.30643235234466
250690,19.45692287675177
70118,21.93016115820757
289679,17.454072934407044
98330,11.246778950208801
188330,20.710303960668654
177685,16.034409198454565
246329,6.974106270738027
251601,19.216787430976925
59729,11.281128126397133
37428,11.466161724681813
36294,12.713772761417033
99670,56.635223209066304
58789,14.680048392576918
21105,68.25134675610767
221287,23.333527730945132
116212,23.961330373777994
196973,17.114677419390684
148509,77.00045463992322
78837,20.765441184036945
152373,8.490091321594058
188389,15.052051416119628
29044,11.936502969200237
255014,58.13181615521341
291057,8.217964286257697
147778,46.57492543507863
69490,41.991743396871364
75624,7.0297091243461765
246495,19.764880546932485
11566,9.165752532960731
120574,30.53034504890156
107175,19.66532497408049
108330,52.16634839132775
234666,25.47263954144848
164100,9.402426512814303
153290,10.174051430465017
174562,22.270142803025546
37580,16.6264961561574
288378,26.666041514252388
26242,23.48738451723003
71761,9.017067060870765
170864,8.502523011880086
254297,14.131188299365693
62342,29.60497623844276
91204,21.721526770394156
111634,18.87425709022198
116698,23.074249820018323
141246,28.19705524340766
6838,13.281442228854088
207693,17.85365233846731
90718,25.92811326531058
268702,11.085004783721695
188765,11.414797100632775
16851,14.364129748895934
176906,14.627700609120456
204863,30.33322440293314
170450,14.675897910756202
81169,14.870729179421872
79190,30.827182412179248
235190,31.88939767532822
65416,17.99453960179522
135916,13.93789083112663
85023,24.643695141558702
102438,52.287726745248044
195591,57.606066984211076
120603,22.179034677626113
26527,14.038093139851135
92500,33.847748215600895
263912,26.945739337993196
152302,34.62418525082831
82895,20.565125250239383
232551,41.94135886265927
208003,18.666654176311372
208900,23.489706164767185
261405,15.673294499350767
21923,26.492822174155215
48999,27.583322956641837
262236,27.084131301574907
238017,26.6955826300251
113567,20.69918962501786
126183,11.845517701596247
15813,16.235660283298643
262444,20.402483906205696
187024,25.526277945868006
100183,20.784166512589618
148987,18.885907600314123
74900,35.07844693762261
118844,19.654659093379777
125852,25.708294880780386
45149,15.68865017659936
238546,3.669142345584401
186951,8.528479488604948
208384,20.456403806174723
53886,50.65525625081913
266548,19.206303496615902
115419,26.642810490901372
167029,36.27545607672381
189681,22.206155776470005
238979,19.243054338564058
62284,20.570725039044536
279353,23.52833081170121
61,28.296456803756932
178491,13.081523565320438
245871,18.05473323750457
93117,16.1073408286037
276942,21.79311196052368
213540,22.740932069216097
228999,21.27418975865544
239956,26.502860152696307
262056,11.739560768133895
180463,38.245198546599084
122481,29.520252237766908
292330,21.128538966458276
270975,10.064650531132479
117642,24.23266318315214
279517,22.179555007569935
176590,34.861643504931955
240825,28.295550880518213
42856,16.903220266679376
205030,18.150903337564404
109706,13.460146100800022
211605,25.15872090800604
79949,8.674733918446838
123971,13.692460345094794
116170,22.67225897726503
216855,21.676838475054108
41818,18.567207746504096
129078,27.592214938366006
73139,21.26431026172675
144006,57.65833743624284
49344,7.384982004793475
56230,23.3296282111748
274103,23.69553340002749
29115,24.466000303257484
283061,22.3328985260789
113063,20.894144191734053
10843,17.714184862790606
106767,17.284500919710325
199500,21.289825987245454
247076,16.009110684576985
283190,24.98383838789031
244649,7.826276190861428
89959,6.9264621810788505
217519,16.37749611172469
78809,18.567207972780423
157132,109.92830518582767
122969,15.482454732622259
125253,41.20055816112607
197788,65.62619827986157
297144,44.80996218079721
197221,25.305645623614414
100505,23.300334160460483
281689,9.828012340898276
290588,14.752846047765352
187431,11.56878623741057
22560,21.70697989350978
274536,18.442173249262
204370,23.203456702221107
15301,10.688033377869019
114203,33.24567605913805
236355,40.70338672117289
101343,114.66394241665975
161712,18.000103447994533
37812,11.176765265197922
215823,14.97430282869066
40191,11.572284315289828
201807,29.28802979475308
148071,29.963496056133245
163274,22.831897970775294
8841,10.90243813529785
209138,19.662421522497453
28577,13.289835154504797
14320,30.707941026786834
23101,20.07165294033464
183306,16.014764139032554
242034,41.873411939690335
8656,5.77932919099014
270535,11.450358712836831
101593,15.640210722372075
162854,62.16893074169662
47380,19.80958082533208
31645,9.837308740011444
264435,8.690842537522407
200836,25.253833233620114
267475,52.07085916182125
251141,2.2779797500190027
21823,22.84110279358424
80682,11.219612042752754
60917,12.087498977973837
137013,30.89943907930504
216258,15.551442814495744
292923,15.276063388926861
215856,27.54108176603288
55442,22.090813369495443
26946,35.591996324237236
267523,21.471006852586548
220117,12.950948358895321
32193,17.24845732798641
227934,21.349584802696583
49384,15.411081699932652
90849,14.29898974130236
157096,54.998935642603975
264160,9.414906344853033
171977,16.741564053583524
217944,24.475568026056578
112233,33.312369338260275
229554,14.05377720193799
62167,20.287677086884784
63152,20.789845898057212
298422,25.6082658163356
296526,11.074050479840903
67413,16.97843663608293
280042,10.809592303513494
92659,14.37046361203706
12705,42.059884282914865
65696,23.76293538909229
229085,18.668730308231478
267146,14.430669639139548
229430,24.0468073447282
50726,42.71864313429333
232595,23.36830218511289
74799,22.928400496287658
187168,23.863386875433612
26340,15.74654663072609
92899,18.614443842935998
238374,21.567080895950653
240264,39.73263506570459
34635,27.96773123410101
201507,65.81319466775301
169537,36.765588537466996
138903,44.462279663312906
155519,17.336414744963992
35150,18.968817899408965
234494,38.629115462963625
165130,17.762670093572233
169081,9.951918515041463
219163,34.00070941423046
6432,13.361862243688398
40406,6.861416967854634
167774,17.437123057378994
181458,13.73698974554636
257556,13.108818808186307
91180,16.98698692890555
76942,20.570130926044683
125546,8.914239459946906
154360,13.934739470992781
94232,40.671567182859384
101719,19.631102108223228
12363,47.181784305632455
114598,16.666391318111867
254551,64.26006234125379
284624,11.382050200478353
130453,49.82019241032658
11406,28.503506835649944
95832,22.254924504743876
30969,21.759726655099556
20428,21.20098743129677
91877,16.805989354756317
272375,13.136472992275657
66208,63.96462682882923
151167,11.956896198310627
130913,45.627306594932726
188563,12.214250511408345
84787,14.563586653794445
45817,27.08485412328382
271168,19.03744125878252
122083,69.31277577554894
288723,16.685017594108352
150833,17.7707722228933
106212,24.06954952695001
278666,31.52935053984693
229943,21.15706894041645
179187,10.807960184038713
283426,2.1224657370220115
51034,14.801712852595152
192046,15.040091519089803
140891,25.06053463272122
76716,26.840953024960648
183801,13.639925211918527
266580,18.660277525496564
179839,68.57921768054166
298410,15.681641844351034
163804,21.475632872912698
242055,26.966327141569202
164559,17.63517413297543
254826,17.45014898084674
33815,32.55936734675634
206306,21.83108366704426
69820,13.218227217752405
189497,20.502119768336453
48035,54.1543304284781
15923,17.86736927224195
243794,28.988428402974872
174190,14.043881454365984
108767,16.861760462246103
268221,26.303566999431638
58413,15.377554099784728
17734,15.85232388756818
125091,33.148750636582626
220075,18.715426765119602
224161,8.157003182395865
255693,7.848505604012635
269855,25.330072143381486
43568,24.03300956944337
25826,38.8801330916033
271658,18.558552753553812
138891,20.310232703311602
35240,36.733581027821415
174797,20.33398734001493
140548,14.797491728228696
103303,35.29997336608059
151525,16.62649647858953
164466,8.176128375168396
62701,11.77119128456069
115246,18.432146451054283
74632,19.12989240907539
12381,27.575520431281582
280535,20.643739285612266
236510,37.99767976965102
175057,32.573015508413455
177759,39.62363844148562
276273,6.403722401282094
209582,14.978259595603397
163086,16.626002432244178
247342,20.65935176095411
35782,7.619619217535778
15171,14.615535102398098
202011,17.35589896414685
117312,18.644100878659415
107958,10.74777719387231
5510,9.137281101734139
236014,12.142540437939974
47399,18.34820450532497
134372,11.172692648556072
233512,22.95532505457406
535,15.169434579236885
296471,22.657028437709727
168290,15.673030845105746
57165,9.388110790143948
255122,54.14972274409704
183694,16.412352041542857
162742,29.855668904628068
266590,11.52486785500125
10017,22.187545141778905
118134,70.97144606081815
153434,13.257224432143154
19637,21.44896113961388
164812,45.124245020143825
232176,9.860439912598896
124629,30.499363669128464
148457,11.814152555353584
184154,71.1160077798678
25647,12.748278939262132
74435,10.410090105289044
280909,8.072616233951218
106320,18.314727372001357
166450,18.336867311737016
120169,15.16064670583425
261707,19.286468707541772
229626,12.729016875791519
221126,25.372525774266016
42140,31.4810835655879
280964,10.53697561896406
62685,31.161634735726253
111379,16.89365041513901
133349,26.80503721976607
67734,33.40937861381769
268378,13.092333909890039
68929,23.856809743648242
161317,16.88702680631515
278761,15.102511869778589
238444,12.809635139505481
10980,30.50619768547994
143439,20.654634361867625
120216,27.509334057747957
36915,13.677247425168598
287989,41.61821501939919
58197,23.20991498495073
118323,24.01075895430871
183391,8.328758588454363
150982,10.683520758221704
37557,19.101449569482913
175190,19.40021012993681
23137,16.820305763160796
189288,15.082464473037327
51289,23.156915650941066
239584,27.711368109372152
87460,27.692258202569974
91686,13.8244900695382
97424,4.684183188291923
55461,56.45005124464408
263909,12.77159645253975
199941,15.25486874634722
24388,32.87745379114347
102573,90.05701687217561
146143,53.114846388964956
179617,11.093802639302222
154084,25.79119780727261
145394,30.234521895715517
284453,4.306945090558964
280970,35.46918940808851
162441,13.83150762233948
279220,20.900672893059724
155696,33.86214591009931
245866,15.378373793873557
140341,24.360597579961492
11614,12.100163383709411
276726,9.763667107818474
45897,55.186543532290486
177677,16.278106688871354
187356,15.330294083447306
93468,12.904227920705004
43046,25.94558774484342
297037,11.176920605910762
131745,17.29371626007285
58906,16.18635894331998
172378,25.249903194256177
249970,17.433977814351337
64263,42.158058970480695
161500,22.57657978797873
45048,13.208181876195134
165477,19.24790467725989
233427,15.223837950852381
258888,23.716407650579107
211095,25.767589174398875
132241,25.070752740191907
24372,7.837871035312716
179360,20.24615879617364
167952,9.350473679897927
187226,12.468604074815747
18029,66.44069181764695
182691,15.451846620555752
137295,17.677388592790855
2371,42.432601458520644
289065,5.084680084196954
75432,8.596902933160491
225274,27.57627177635267
188991,20.14788874415577
161576,28.10887746275485
1593,77.08226714562201
276575,11.614778213762015
165324,10.33754732105238
103935,18.60048879474661
32878,12.352306144553218
278039,60.882232272403435
163047,43.67189166564027
246479,13.650059086843374
12364,13.959117889196598
265443,12.03112168186341
111097,12.39387154749495
246065,42.315621919056994
274660,10.521804729195122
174333,16.497877638930696
286953,16.27465204344643
77497,13.480702231108538
194055,24.113321754177115
210424,8.446631243453854
128842,14.953981989759342
9672,29.556422746749345
15928,16.9633356258633
236324,24.112399667982224
289814,17.81706961730434
11813,41.62004865387895
263864,12.063154331055635
13239,20.872163436392853
104935,11.4883661361802
295907,54.77128296896385
298871,18.49168751630069
102800,12.183341596063801
299038,17.049570491244427
274577,18.30403547767006
239878,21.298274915079887
48950,37.037515367884104
124318,13.817344256964894
150020,16.95323261664704
257019,11.911869393244716
247322,26.013384416557223
34376,13.480699304931273
281707,5.797091710171985
69497,22.130303793453464
148391,57.941062440081446
85964,7.240765842513174
91788,18.857776605421464
207001,9.649738254824946
89298,5.328870807206423
132121,32.780660818990405
278255,13.741887081710647
219042,16.362279136720254
1395,58.58788827122279
5159,72.13644185193874
186751,8.583239294192255
187430,14.711839877392904
132586,19.747955910604375
134591,17.321230705290866
223686,12.611788645703983
125043,40.337168370168605
199326,12.03110183912548
258460,14.405427285961643
257991,19.3249367832899
35295,19.924696877567715
208623,22.596038946356742
49076,16.146449498992883
265165,15.972187448102638
64897,23.911000321811017
9352,11.965120457511262
148107,22.71176703970418
269123,14.064135941979774
280216,16.093165710216986
63344,13.43973957872926
13994,23.62786097691001
252803,13.541093668249363
183503,23.886906696598004
181774,6.005873232987911
245764,36.09614070330295
39985,14.82932602361749
115599,30.632538982717357
106381,19.689024811701678
68251,46.75562288726658
76964,17.284753519000844
212141,29.646888396477372
1371,31.323030729873324
286632,16.73884914600143
266175,26.60612263418378
116727,35.086381795974226
211869,33.71569196468203
193363,30.510170972181278
280552,18.42842653699313
228162,18.18543553894214
298159,27.649584913998225
22013,13.995098294625855
271949,9.847590293039339
55400,23.365276565846077
195320,62.975603272743676
245818,13.559192947839467
262638,10.701903168590821
211724,16.319729680570866
208428,39.430438581142916
60064,5.170260044601324
56678,21.818807810091315
290634,11.338514936357416
21227,17.86982987003998
189206,8.498487775340191
291,16.540972186923135
204081,62.62281870844151
259234,4.26441163629033
298649,25.526997246796615
292109,9.936500724101274
74349,30.951465653880625
87899,17.684290212824816
68286,19.733115310123473
291839,12.487043650988108
119411,28.728787389064934
261592,15.920273873505469
101303,55.35411337751014
30251,27.532207513250846
97745,21.605408417795225
262588,15.829462643717228
206621,29.071693267707534
233127,19.542446354399715
177223,13.237414965097987
200924,6.8748842442512235
209215,32.64643527866148
256386,23.23132615230395
27834,27.53675671691355
13107,17.77275939057003
132395,14.003461156056787
273064,32.931636979909364
260797,11.655421997418308
6175,9.28482240571466
213053,28.96113000200821
4336,4.844524254428931
221949,21.9512197172397
201854,10.191853277807802
123428,36.22050057395052
73910,26.936728757425634
47287,13.637045283436194
36896,29.322379151675687
161150,68.3844897786191
221146,29.533676735394057
244644,12.505165505102433
88890,15.228196706394801
142174,26.94440122930027
178709,11.139176070263783
228719,24.98228624578151
291976,14.920589681844756
88107,25.509941952414657
88211,8.05520961374286
65520,28.42930143676613
284354,2.188816653116172
68558,13.131363224912356
122428,18.74951309438496
134853,21.023509447021276
134312,37.72558607594861
66550,37.616222116407734
151806,12.401173024274105
243530,17.506977512440876
260029,16.670421736219904
260701,8.233430880385846
189392,17.24125853715197
33342,20.62781304119371
166726,9.738813489370052
83749,14.317926300337014
107599,31.647746722272025
39452,25.191365556046122
226957,22.8030539734339
46563,24.075088131812176
118807,28.859051320934284
146279,29.494524495849234
261714,31.730219984896856
239428,44.01906160500349
134878,15.225880165024837
258422,17.47237061705954
184845,17.717926384916932
200988,6.544881400709514
102540,6.034817290720591
120162,13.08556132170023
40683,6.765972254498804
88403,13.08052801836023
235930,29.99057136314257
199894,17.427768580343898
275330,10.786303350779463
142820,59.46779851889837
187587,11.266901986375565
205918,13.29532902385026
280426,23.124253561460637
123666,19.131701259831118
145463,25.39096057761902
269311,17.961398748666575
165008,12.882785222516524
251168,9.265154581005252
81065,16.455185043751527
167212,12.789820799761888
270450,17.40784553696891
57818,21.278511933221942
191976,10.20888619662016
5780,32.342685877893175
184287,29.70446352525434
16793,23.151434175290532
120270,25.078187310446765
84606,20.53034211435443
236181,36.85184198359388
71047,32.3901631488387
105272,7.56599862821046
128877,20.54785905491765
200693,18.359228907101375
151931,16.039863805887435
247823,14.024913924807741
31113,19.77587686954164
159823,14.476566800359524
49274,30.303815051386685
290197,34.0721139562456
208176,23.90881115519475
107437,21.155799896105044
108190,9.174750997989293
117940,5.955592759623526
227815,21.476565343176095
291588,18.219560996782548
242439,21.799738166654393
147484,11.466639743696664
212598,11.12860031173263
31072,8.034689016554267
263837,28.696032533445354
11431,15.618256862309678
154909,11.21157067094644
244564,80.4327095610897
193867,3.626871687497532
142387,33.51770421418143
297915,20.669513869372793
285146,15.009473059480896
30008,10.522238356123614
236095,16.69403892912568
167257,14.437406612763759
23427,44.93251480295175
201351,4.686575402299316
285406,13.261948153063035
199866,17.005652873580267
220464,23.36276380255629
186369,10.050164456844492
129713,30.78940671053939
161083,64.44008565292313
181566,13.293963617494839
137694,36.217514075173064
48145,16.205618780341894
284318,11.427553875065795
263886,14.52234068849701
14471,50.78219155416343
194628,6.235279530414699
35576,32.373628103591095
9811,18.55383141685067
98183,14.354980597292013
1756,48.08937593656399
85811,41.98828382550463
75183,17.594353312269476
204724,42.33705479723713
41046,16.640290248587554
219895,19.86582523070213
143414,22.782924097376963
620,12.554792355163361
287757,33.88640531855425
190336,18.335573961447842
287427,18.543881355847297
193252,15.77712534968878
240771,24.085384669795964
90590,11.247040964405468
296379,27.99000406288565
189471,22.10793525701338
252643,12.356131135201046
40733,16.870376579777226
260808,20.091111483365246
142856,28.04643223332775
85426,13.24420720172947
176194,19.860694635552896
15636,2.5822990044604417
194385,16.201222193586062
243016,13.846760894657649
265585,13.978520103758022
196590,42.11709742520937
105347,59.107893168842814
97796,25.30966506550046
259330,8.796984342869546
281137,10.257546718819984
255352,13.151782559202438
47318,14.455912079178407
165891,15.87626189317995
93409,12.29633053755178
276037,10.984885542568998
40711,14.843780444098769
34460,19.943166809335636
47077,4.416571053765388
193920,17.972269150952734
210102,17.933898583886176
25256,5.244382227546202
192931,13.795257339953316
161883,132.73250880180373
291601,23.641365713771904
61127,16.156403121304702
185779,13.80359523506862
217591,50.50690912698889
11265,15.953856238320355
283320,38.85618454159933
89971,11.774210527848908
35580,12.438643092184465
260405,17.50767440198203
247108,11.025128247157912
26821,8.979000013466194
25745,15.351123598386216
37590,26.55556287684599
247059,29.336642364432784
196297,67.63127321310421
251337,20.792009176458436
162712,12.533667898323245
280936,19.294564161650094
152552,20.147862105806144
168607,22.470549553027176
180573,24.16597871501166
224209,9.570926038136566
180021,7.073188494620544
167135,15.625831109951466
171824,15.104557872682335
54762,28.52557466040556
22650,11.125730093150388
27481,3.823432552978332
238818,25.93030255893153
261245,60.73398902867883
264956,23.882636580597804
195958,63.08076464188159
83349,11.817428556748304
264844,11.45616311709516
191510,22.83599857708772
65383,20.115859085970357
200873,23.037949371971372
122125,25.770975448847842
268754,3.587227152308632
144279,40.28555797247475
201644,19.051992713778986
159469,11.650509122451247
228936,15.099014961803569
236307,16.2813893859183
244020,20.40933448157486
88842,12.276993518726629
279135,43.83360595642919
252018,18.551100084484585
200116,13.533455127003105
290034,18.085789044708722
167267,32.423168537999565
114036,24.71265141398505
227293,19.847127204709633
282381,11.099554720542098
107932,14.944209907865993
195859,62.65391496632784
192455,20.274395709531827
105466,12.554363725507889
8642,15.619607527359921
32518,33.842489275033266
132567,18.079095220510418
120724,14.622916609561862
20628,24.18597524139916
186316,24.96893371812907
108619,19.118152497700905
133907,3.2171689084825044
188709,14.647182405389703
54183,20.391366597079298
221771,47.03065655486491
100471,16.045688551158968
280697,16.225562517493955
236869,21.266371385451478
196100,80.44303203529739
254457,11.235211091396172
152440,35.86297961875579
63445,11.565171838636818
222172,19.469717532739065
128844,22.53021035949442
191606,9.558968865179615
115633,34.96657678778047
85425,19.20477643903581
255207,10.97920383878919
106525,23.926068283103792
172069,34.488184368219684
295858,5.749659985082644
78493,43.1604731142382
563,14.69246742592971
193408,8.565218220498352
297176,11.177712359962461
134983,29.510069512386004
256600,16.188576466811007
31514,11.627445706686593
275899,13.05514234576914
202607,19.976671597005893
94299,13.260309882452905
72057,18.09496031823216
30096,20.011130669658854
270924,38.52016509207781
114929,11.85985371201853
243121,16.24928269991869
65163,11.276086133146709
84079,18.623029508688823
263419,61.594956529899555
272822,11.603235796550273
240995,27.77354449947547
268087,10.501815087586717
229601,24.25005700238983
153498,31.715365782092327
250467,60.027329775327864
254616,7.323968614371829
28388,13.87692072972488
298562,15.930222508444952
157685,38.50612051296468
243757,9.513219054284777
141522,14.100335339019328
146667,54.0299837035739
23617,11.547245779577368
94013,19.271906682439727
92753,15.712933883887992
236549,18.503996883445087
275461,13.70284671579546
71985,20.094997727328966
96188,10.170288281111347
140914,17.4178848835881
202083,19.15486344135031
235378,20.06565269053589
33718,24.70372018947039
243044,25.024678103969954
179441,29.062871307522332
168305,41.06893209152263
96333,20.40176698598627
114624,15.603424077637314
294483,13.1758918424731
32232,6.240446946496846
13065,14.118368007114032
262942,9.713818976155586
191384,31.429623600889585
148449,13.838527497637088
285482,5.49960818329032
42937,22.795927502970784
273477,17.397595731313146
27126,15.916212776292248
277110,18.952129788499143
118848,23.340651947277316
240149,25.93094908532737
34764,15.098676127492872
260762,4.2717234943239974
9333,31.52063581889667
138959,14.887793584584728
99118,25.927077109662832
291266,28.914536754490122
223666,16.297376869246115
28578,15.8704028123056
28009,16.74155447630731
125136,36.07307201753357
131330,26.978286773739562
243393,23.08528556261526
75026,43.37492448971667
172696,16.156857923311925
243683,15.883820057796328
273827,4.59558106112539
284993,12.13973168453697
270716,4.745881635537783
269407,17.584061432284507
131363,17.937853368370202
194399,33.813803589612746
29058,11.648188371829166
97483,14.77013174764732
132751,24.818544403782518
211683,33.53021118166641
43144,12.068369111783756
238357,18.598423665684766
169954,24.705941737784915
67426,24.395332352025328
231088,38.192125855282846
241373,23.152158348658944
9970,19.76354257339134
103873,11.034886196007696
114484,12.87262537207641
223367,9.773193449523182
1144,23.19663268624729
281464,12.10216432446739
146710,34.70333234842362
193325,13.707213119249516
220388,12.298782956539773
190953,10.52785769031778
197394,10.333981470599358
145283,62.252725123212066
195273,70.1948267852813
25698,15.42981410043172
180721,26.398878908007468
171038,47.37640463062111
169210,19.728146101500503
228850,14.994706471602374
134586,27.4074721111745
39140,10.96203481599505
165065,18.637040392123588
56845,19.74155858258932
99615,32.86390330539905
62755,37.23921371432065
16714,13.35944280326536
144660,12.973643780838868
37319,19.139756160246115
139761,24.43949610103538
217612,22.096400810965214
223073,9.697728491848917
294485,9.554259506338436
37024,4.491740209996854
56320,9.735979018141796
65521,9.461521142744687
196317,62.66350668783662
264378,23.464091008728914
171174,23.568207037329582
94086,21.686583144357925
204158,8.02263747744847
170354,24.340113856239142
103410,12.960977566897956
292446,27.185682308121677
211039,34.86587343884641
191627,23.078925176820796
77427,17.857250618305635
179218,16.217255459166328
187212,40.452920007893155
288819,16.19386204798335
7404,12.972131366290554
166889,14.272420720744101
180578,18.952442318269878
148678,100.77061173508886
19836,24.317281869272072
251905,11.1878479008981
22699,27.959384337306787
142582,51.12812807257591
225926,17.50371273475193
221833,16.995385486387768
286538,12.745064786016751
157961,64.20426360717713
104198,17.844114384845
260973,16.477611433092058
124486,11.252205704728759
200049,16.23507718314106
232992,17.505780098777226
214012,15.274962180701024
36352,20.973312988407088
158442,12.43633436991253
221458,35.38122981723021
18369,26.442392355932707
190972,9.498867558342887
18385,24.664164837680474
170640,9.746363979023851
83280,13.792025324109073
174913,16.359806149236373
38213,19.082098181977017
281425,20.184342692885295
139333,27.297063402971382
138350,8.638532214857662
265933,10.88355621030849
143780,43.39266588093989
122129,16.446589091547164
6978,34.77233504004129
73936,39.24036133519212
237535,11.655149463153148
12271,21.33487331601699
67004,10.035635670308462
23135,16.366964642651837
176592,16.03988851302829
182895,13.323365834542917
25388,32.19053356809935
159940,12.141853424353965
73024,41.46253984465451
208190,18.604936042249
69037,8.438925474116848
56531,12.721125889539568
196539,58.35106763850414
125268,17.918990847364825
5025,19.285996365088486
32065,24.2098162871901
52926,57.02958059427176
56850,25.3834271041219
35762,17.209710439852763
274321,11.431203405343432
168456,17.134512020509746
49369,25.1712930256479
133685,16.079795869724713
270107,12.65254355303109
290194,29.017970582550035
21657,18.972233472992123
41198,21.65066251229876
277040,6.7176503053869965
45656,7.393707417629173
120351,15.418519562124889
122164,20.998072162483915
255136,16.27498442229638
161114,115.55195024811033
168079,15.173715013634506
288432,7.896978799845202
97570,22.957844171611157
291960,13.02018339016978
139925,13.692456463957978
286911,16.563466525222577
64535,22.012547754330818
58659,10.452223605874767
220841,22.553429209945143
231463,34.408916194785554
138358,18.39725442374425
59218,33.4132309793409
112073,42.841902142725324
257862,34.08703444824488
10456,12.22420480970567
283354,12.278373138999356
30247,18.877224277528654
31340,12.30681919143723
153088,10.618851671501677
195827,79.2234144668513
253797,17.058005705308023
128811,10.651242843422713
166065,11.714351828678685
84066,11.420365127891824
271875,11.537439932399273
279546,19.515669922296098
179680,7.835001361502419
17698,13.944592410851897
289576,16.58920723960849
51281,19.292342271656487
91928,22.50125350168284
171201,18.567207841543258
234124,5.841590441438013
154680,14.295804527121668
283609,17.251301880896435
219320,17.12192750003705
209424,20.953357569192317
292221,11.207877143816212
176625,1.4260457887013995
112758,10.208206540104442
28402,12.794439536044443
47410,15.421755071197222
97997,16.71564306437812
44340,33.01168852411917
62926,31.476809404551013
279437,24.577339467411957
43028,15.627821513091984
210368,8.446631148414692
266002,22.47606703837006
268225,9.329871961194835
6119,13.629787913413189
271981,5.994707101836585
215305,4.736370046249798
268347,14.564031849743966
164850,9.32090348309536
122142,16.55182379054324
91812,16.189293307368196
55586,4.940076522307161
135708,16.509444593031667
34313,12.733401060677433
235989,30.584334553039326
290288,16.264569922561574
260629,3.345562107939898
33669,15.204492759762946
36882,19.250801736511505
151428,13.63532070995075
84012,16.753757152267816
192683,40.438315372923476
228233,23.915821355175943
270814,8.738846729037025
58839,35.553765720566595
158912,13.69668848963818
86850,13.750575718846193
182719,29.89086883343755
86627,39.19725238623102
95461,6.818492737539859
192844,21.452325276367095
92986,45.04091537380275
260817,14.311877689034752
2274,41.04419994675925
113389,24.97814055070564
82988,8.79900549667458
259543,16.009386598492195
177239,13.202013692476214
258474,17.47202614647928
14761,21.526237426174553
178064,45.792314332278615
124044,34.17514159432562
245347,38.664396350769
105818,25.663555515210156
177643,23.699458779633456
117494,23.1058998862351
287293,12.935477467320336
258933,13.53355246714516
103980,17.912132741682925
131219,22.795667649547458
76147,23.309110472587555
17564,13.77753573145825
139908,14.313137345025883
187924,67.0292272996441
190256,20.924409218597653
154506,12.745600615255743
43077,8.01747208579933
218288,20.598005822619648
82801,33.30276368402429
227719,18.802346302180034
148214,51.72645773379143
191497,4.514637917253486
82165,12.0228753680035
97654,19.050882534270457
128940,9.784515541897878
217343,57.25536810740426
250009,30.827915424371113
31096,12.840158893144192
218625,24.518468617628066
274591,6.673907332049456
281926,9.94050755425054
252385,22.57363733116414
229448,21.594307490307614
172165,40.07413140208008
54106,25.289045452641737
299173,13.445418812945134
50121,21.96610520879513
252818,19.1852089222408
85002,14.550568799186536
68014,31.840602319021293
200699,18.88085317878329
241083,10.181213757123686
145713,59.71800186825821
66514,13.817062892055194
63241,38.046765718493944
182025,14.401267853181064
25937,25.040302315455833
201031,22.247990430266455
147825,62.426561741955375
29041,20.066276064722977
19274,19.817337877749544
124328,16.961159515045487
15528,25.151238807309856
31622,16.176786164548844
98434,8.505648459576413
268721,16.806065862114576
215242,19.961220666875974
299021,13.274158466360007
273232,25.74176236534899
241696,23.18201139721205
236282,63.374234662860765
248561,46.25039158762764
165442,23.42130419011831
855,21.669962497016126
293621,14.72002921869736
159050,18.31926638295845
273078,17.09249874243605
230558,18.932300663572097
172690,17.479985842269055
267024,23.034386019984524
195666,78.69348372952228
74487,27.199050848533233
287078,14.41215411329036
128743,24.08909005013124
208640,27.620811315077646
14875,13.767921234104627
273536,16.38965686693107
23783,35.44334061266134
11355,12.80471391574331
188959,41.0413509270247
124309,10.83015522510144
281471,21.66484735008827
49440,10.447600159820453
135066,20.32857947678133
45981,23.20910671615576
89557,6.818627046146354
202174,12.411961433987088
80852,34.59836544970005
9210,12.525112885160889
46399,11.860940373088559
206790,25.350988354352495
179951,13.58574878133675
33908,17.046661225063694
239111,64.01291513405116
257131,17.061745793167777
126156,12.43997690253533
75146,27.87381739329312
223630,19.88761177378452
24249,20.085459537514126
143393,16.335099055428607
225498,11.461272080035487
195732,62.599522077331564
278709,16.207264725642304
20883,63.274122803228515
102725,13.118123201215539
20228,56.16192603756955
228049,20.76745240642964
98477,14.347711908380195
18843,55.082995774086065
176167,11.321540922981697
194826,11.85587807969309
192710,14.87488032276839
119481,17.486693124170372
264190,52.5837702543401
73261,35.06702655181672
93623,35.357037863436815
85430,18.15225070904243
52817,25.4955480521541
25407,90.99218295223534
197400,24.00219755510573
40435,15.13648562645847
84277,11.963567239118895
108552,13.00293199049053
53458,28.570638374690144
6103,16.00085539970325
103366,26.670129793833397
36678,17.17600986045657
161216,92.75670303375696
11973,12.146910901139382
108426,13.397098086939561
65401,11.922561792775365
287963,43.73663812236753
179616,12.806169096843446
252442,12.249160877003478
224146,12.480530921860009
225315,15.72101964447868
37975,17.085144163721495
257890,14.834646424781695
34337,21.579921834475
807,17.299754846199328
270302,13.590629073705173
157955,56.20054846997832
136862,17.050567344591666
283008,17.2482216478197
245594,33.8286457747838
181270,19.96813767876181
288840,25.71690036116356
246243,12.221067014895175
146869,15.93444038957503
286034,24.490263597083622
261438,6.517949805984504
22703,36.77996610242318
155817,18.897389584919367
229497,14.89261807052301
56203,23.673863932299515
294989,22.688971849940764
145803,19.607905827551797
275427,17.646005526226336
5089,55.93299289205978
9116,9.449888435321107
138440,17.557184383312258
89368,23.832399338678513
172185,26.5338619727073
75120,15.131768827494128
290761,26.489447996027288
158859,20.058510638346824
56354,2.9384563833796395
11978,17.748354227985224
195547,58.55866011215915
210513,29.78228077297387
109010,16.659210756900546
29885,26.415165645763636
139659,16.79686321986722
108571,13.100956421078507
19704,28.368837109956715
176114,11.83158232140243
129602,29.771985106768646
3168,18.761273306905704
105543,12.787577974953903
193929,16.06425037976098
40620,18.41104900726809
169282,28.22201711181895
243871,23.158621355217296
93893,13.33932022138038
189429,29.372493283402637
270690,30.336555365789422
9412,24.0376168840639
36798,9.752036054294159
274245,17.729907775386756
150977,18.972644792879894
181342,9.017023014723346
36466,20.95115067457395
294522,11.805812969488855
288593,6.169778581131464
293984,18.914742743938746
70561,8.69625054353694
253253,14.431609013393643
4469,16.860772658598457
87254,7.230808147395013
233030,61.79988307081397
96445,9.1220433634446
282675,8.753410377647459
262369,5.2979117628756605
86189,40.090457817446826
178437,9.052947079067591
265672,10.5605438949809
114459,54.532592088255605
186960,6.730273524351471
186302,25.687424377889204
254828,14.036754585560828
250436,24.129094911363705
186517,20.60148935177959
148664,18.283485022592224
205649,26.446267790275183
167210,15.104576508343378
80971,18.68204077175414
238702,40.046571855255976
105881,49.952423640985735
63424,18.025816879759073
165137,18.822311042936292
28781,20.415979201648618
25897,17.69856723794736
256463,5.47644292650367
133140,40.68438851576877
70479,25.068013107096874
200163,14.266578406945357
58274,21.51329187516937
44282,16.794254360171742
168046,17.998586971599188
209641,16.290823602258786
35917,20.05129927314336
164549,20.65750954873408
77844,20.542503558683325
117178,23.218036468903556
149631,11.8419472048129
74488,27.199050848533233
76581,24.12492838201478
18562,19.423593363450586
245167,20.201744588906987
12399,22.477095422127594
227438,27.491427806575167
68998,17.63238778532903
227714,20.762723245372346
292236,15.14346415509312
237893,15.19264620939179
135533,23.29560732328956
254700,18.477944555074274
63571,14.066605592233998
41106,16.508184913432494
184902,8.371807865697026
22517,5.846213594508882
268655,36.33377994135196
210432,27.849279606450573
169090,13.677168660593331
79959,16.452672577271716
125664,46.1737778448282
279210,13.19999055952636
112585,19.10469396357896
108610,26.90497148908789
256377,15.561618497888965
61711,18.799217889269144
213825,14.821378348309516
36999,12.369089837631803
14216,10.629978741382008
7314,26.585740220164958
86912,13.882244967949198
153712,34.515215297422884
75640,16.332567739808624
123533,49.71741524240165
21199,16.490020520706057
159968,23.23547949541581
257039,4.896339327768054
187621,8.436023598404237
81341,20.810039770093027
39136,18.492917684911504
275614,12.605651061823437
260653,12.521375667212965
213999,25.074173954289165
118151,44.093961024591636
108350,11.489000496982737
81703,17.998487925779596
113784,16.894644774106705
141166,10.39343939216646
203940,37.05406193636875
48372,24.258049645033168
5086,67.36009321137828
189298,115.19762547085969
234303,20.222656917327964
205061,33.57856681024347
143801,81.52980691927053
90356,9.78254125770939
160530,9.286009472892383
51575,17.612454767136047
179439,10.775562853188905
293192,12.02556820070849
25340,21.36032909342921
49502,15.393314970215883
183277,62.76054860761992
176366,21.973546539168687
292821,29.952508718634043
40953,4.78622692282607
133091,49.25441851104272
156521,23.456362148485987
251442,16.23791689665457
254907,15.268283258126583
189386,16.689382963453948
111875,51.02828819560888
212733,13.18837324368307
61307,42.134377406399175
287713,19.727616331832227
279209,12.768670854544496
198479,20.117419475558194
6419,45.08443649431684
176394,21.432601892436345
261822,22.412417102258118
219240,22.29998464140324
76647,18.649936332856242
39614,10.843720883954472
17653,48.10528902209678
250793,14.927748314369389
9805,4.81883754679358
68956,41.788311759477956
165456,8.908906911502715
96934,18.567725907828812
237107,19.84397214640741
132672,11.574030590171944
36498,35.32768200241846
38570,12.116090222982123
121193,55.506972718959815
87377,18.184910171054042
135088,16.741263412005626
148902,29.01162156176241
9153,32.63105329449977
94548,24.280434634932217
157374,70.24879569788794
229245,34.80687483188062
112416,21.817646110914772
141555,15.148789285703224
73848,14.610227171495595
254629,17.59855722958217
207232,16.416016371247558
254923,29.11666712312416
227578,46.513270200291075
10263,30.811014631281047
196024,53.93291249488759
139736,26.843342122063948
46726,19.871392089334076
30184,22.170436667447227
211054,30.669910465557926
173828,13.835114309237689
281691,18.673777279902424
430,45.86538787934573
114417,22.470040673273054
161365,10.807837891554321
146983,36.5446920541041
20289,54.17619863520661
251470,57.261582993045984
83028,55.38982816249183
295896,7.041500817961978
115941,22.25427368201171
298008,18.631183969861397
67868,10.157221721596192
270559,11.086728073977728
214256,16.96543227401527
281068,17.432768668360914
263011,16.178321062453236
78443,15.607421400160824
212147,18.188236607980578
109980,38.28228896190593
111912,16.860142397204466
149507,37.441970398962525
189726,31.059265264806236
295128,4.971291520603311
267520,31.263579035856388
135690,49.24213976774465
121463,28.00993108126344
133833,17.1941390522245
43697,28.78057516622215
238611,7.821068397896557
259264,29.170700582495726
127768,14.949978997672776
218120,28.214778269868226
270522,12.418267645003702
17385,28.055666762202723
68762,15.949592911586503
285193,7.1416681234394765
71519,26.276760288322848
178290,41.20887407320952
297047,21.6269297777299
242730,38.43008397868213
156949,75.05333768252444
118421,20.961765538521647
97196,89.89150358865214
152475,32.27193268893463
180151,19.08244033238354
105588,22.975078133164313
293620,25.770633139022287
288983,10.075432576592362
79775,11.138514971856104
219286,19.774464204873745
182965,17.25983136702485
192928,28.557065007771598
120516,24.499757994400973
96595,20.10643509886453
162924,15.739166301214944
51342,19.2048159310943
211440,45.64380757924483
145504,58.52565045827378
229933,14.137430548012365
124626,35.40662454909961
283131,20.947855270661478
210265,13.164581276845247
94203,12.823232797023604
243,26.64118613961007
295537,30.09889121443363
133906,-1.797324103044252
226050,12.145085926745706
26733,17.82993642920234
291569,16.737728822751222
47910,9.928341583063043
88137,28.359930096486615
271432,18.513890278588747
164846,20.51386228966771
78546,19.63443526670497
124098,18.48205286949337
217838,20.736279415475295
33147,16.147267328210027
77753,19.207391425558644
42816,19.536038835007755
47320,15.540924296450797
266868,21.896017666101496
40922,22.10790687867705
247724,12.863960721486313
85559,29.254277860022178
171067,9.526059433684138
64181,25.029797042610006
23878,19.80387500307163
130725,7.790079179857084
4685,25.59277502323266
72818,53.67076131936641
170497,26.805306727112
253885,14.244244148312394
209130,13.004586941270782
142196,27.563246619188966
191801,22.825950632767984
221176,24.355391606327238
152251,26.4531517187972
53626,15.359487650500508
70134,12.035504116211822
63917,13.892336422549317
141216,14.277200120476962
159540,52.89199355772154
43973,17.604219444804258
5443,67.70609840360399
265115,7.996976187224583
156967,77.89902833058662
188540,22.530470110472457
239853,19.426141482373414
75414,16.82932114455641
35352,22.102788501220722
176448,18.384928120991418
197044,11.398960259012332
82358,15.499909045324817
133597,10.844533756356892
47930,23.838493274034875
260003,21.407045411770866
124907,20.83583758855334
37064,14.011677541505314
142593,27.42134311658663
74047,34.543316092073184
283818,11.817324477791153
41778,12.425804483667662
247925,6.7314256389367575
5732,10.677238131820236
48873,25.431734065973608
269435,10.550573370665912
230067,21.074930359484092
1761,50.380878188780294
254512,9.77543511052983
155059,6.792312317274593
119606,11.61898322753676
112485,15.321501283005155
94408,22.818102169681158
121063,48.364843123499206
190737,10.376863758362026
77295,10.551685292204757
117510,28.412197142246704
224538,27.904670752437355
210344,8.465743559809123
29326,18.714696351267442
223911,1.9890843713745898
114292,10.641088286460405
291650,45.151154383019076
170843,17.20167400901339
90019,31.613354078464603
209118,16.213801229380195
283523,15.881358691129329
16909,16.93033382686147
122000,9.29391271213372
106586,13.428705409742749
240861,15.54265404645626
142389,78.46255777095982
83854,12.525335405496612
8877,27.20681029971653
67855,21.65900365750897
29728,15.791072689613216
258252,23.194827732603457
186065,26.683186713392242
118904,8.064903067588293
285930,19.951831776199633
282433,1.7961471589742342
121080,19.72777030136862
289965,14.709841361570795
26937,14.944035287469816
104067,23.849049561080903
118497,32.34993610918357
135474,33.64905993452448
202326,49.067187485164915
211804,28.06679988300487
63783,21.836728108940285
133130,53.133638872304424
258981,24.96213630853436
181499,11.333021809652525
110681,25.99218743308841
164597,14.84343742104167
298750,19.467807774288836
152032,34.37583892041047
153319,19.219284520253566
161921,119.96945161014185
217733,27.524709026415387
25271,8.335590913252213
238365,11.718097159737525
269008,10.899768711506178
134138,16.7892825827164
294255,22.90596747190132
25652,37.62988625298409
190299,42.48847104320667
264173,17.4217266224506
298931,27.5717388180589
82244,5.668325768708781
101369,9.094531412516544
65762,30.899389843716854
129652,13.359015212664016
10213,31.731285616494446
117537,24.100564648296004
190894,21.53109834038043
40849,17.30637290698904
47314,13.464175731065179
225010,23.326736498992588
101793,14.828363792209188
170955,14.712662418161635
275642,23.420587816014134
211496,25.323796113642004
34676,43.808442283691136
102527,17.848476526685126
144066,59.11637020822535
133727,23.72755334543676
121249,14.828861374270815
97547,44.550079077138825
187802,10.181088595045686
5185,19.19286589405672
117164,20.400642210336983
256479,5.6437650828592485
25295,20.679603381860588
157712,15.171342914632667
125111,9.226239289639619
298314,19.186303472078585
232868,19.729449259434094
196466,55.50327244251005
14263,16.073605094148338
59202,20.254086446703404
82931,15.049734443900181
194134,22.096066747010724
282382,13.08210300643125
296194,11.797123158626157
244154,5.944000787399672
212030,58.22242665751915
183213,28.55122202405387
104922,28.315330766622267
140768,17.979755920016533
84161,19.451714187977345
36681,14.141880846607094
292478,10.209992750569498
286730,18.080440570445244
250029,35.738249352685045
17345,24.549425796942007
28205,12.00421254518397
90289,12.41490084332451
275451,18.832493481166487
78173,16.5594205682283
191645,13.909162691913146
172513,26.01062556967699
55747,12.377976948331284
217743,9.926609706462486
193835,28.284901770088638
217795,21.15387047833929
1863,51.77812107860374
13275,29.047745655191314
162424,11.317425188820835
295969,8.471199612135937
82758,16.286138230791174
129746,10.786609782100971
281881,9.345525781843769
88632,10.209620200973283
230551,19.70917391833157
6193,35.489173049135545
149159,19.075044622091376
20432,15.596169838401313
278384,12.518167306933737
74785,21.65321647359361
284322,11.102792599373622
289356,18.723852137610095
971,8.706337467476324
183009,27.158493790091782
270252,21.358357426774276
145950,51.188764829882224
75413,15.1219217184738
182189,45.35662032301282
125089,22.43040483637651
196000,68.91703162335236
279339,11.969909344987137
13957,21.317393271864262
103520,10.365413024856487
96068,12.389769738574827
139561,31.786511764423103
148209,14.837493965362857
211935,16.794222883287457
142969,12.491934165184215
97096,15.99911172464465
262578,36.05978815510043
196222,57.84927429985505
180350,27.40901941388615
288674,15.078763803415299
288408,20.960780747059722
172753,10.017973588515463
127187,29.806408877056683
286649,7.674228741757467
228161,5.931977916255899
5675,21.88619789689528
144308,58.68650397053897
43892,20.539604106317725
72136,19.894472991780624
84248,13.564698048911445
4955,17.432731008688034
6478,9.326142703542018
37549,12.336544558981782
230333,10.091691692895964
66059,22.613470825337075
215267,19.974608782805376
268940,9.664361026794051
76349,18.600614730524107
275474,53.27780498809379
57521,12.404614251491402
16581,27.805769779317107
128847,24.34966887823643
128265,34.64866959767292
230530,25.353735465445553
127858,20.196665306025913
163233,20.313115835293473
191174,10.48928121209098
118967,41.96507957781913
135649,15.672208959132714
19157,43.40753471131506
2124,43.88874869159988
32817,19.35856162250463
298187,12.12973958964998
70506,14.018284610157632
219059,12.914276695341258
287952,5.201275539514987
114748,22.139766206173363
112717,48.15044116333374
278521,16.117967856809905
3900,23.515126860876904
142638,58.6000264595982
51620,19.844330234669265
20356,32.52376578869467
207361,32.43290421983771
6066,5.818138424529426
195946,58.16936458525384
293701,39.94052430665632
259780,22.11744990820499
247281,13.36402195452301
251284,14.725603401346156
66144,22.815660077380684
203296,16.945109256290248
28187,19.74929727075621
111618,22.740497565260856
165905,25.700516632953864
129769,22.26628498724758
11742,11.312889159975942
43498,13.409620768382183
295467,36.38468183773557
59593,17.082489501299477
212298,26.343070669273523
85427,5.975115451650337
235450,32.32414567350978
263289,32.4187481635796
55130,16.20766814112339
190886,20.024136134436194
109506,13.869789041207273
173056,18.595119864255302
81670,17.353148227683715
16320,10.06463120368953
78958,16.127026503565784
172189,14.10980172152701
35650,24.824261005084246
250547,17.972770161994813
41483,10.569086376937262
233506,22.955325329430423
217933,34.21684199596343
259846,20.800463175941495
54623,6.349537976940201
114118,9.265094164491313
76868,11.58841049561372
186422,7.899380103904388
187264,24.418737264066714
51478,13.576843057085238
195559,94.19248445601434
186073,16.159519740099398
288040,34.44359690309101
194311,31.433615307126175
79877,17.68223358155419
213699,23.523004221156867
277428,5.137596266480065
218111,13.358109650344577
178322,27.46380362299083
185931,7.988943899085179
123097,20.173407731795642
271777,22.063127146594745
161191,64.13492125200241
296482,41.217489723881975
139221,27.238839047177223
213446,27.84302252415298
280985,18.518785874920635
278925,17.15674370188278
204934,9.050619352467747
295419,21.79311196052368
176514,22.16691470798606
213837,26.215248970635542
103004,20.095791437374274
295685,11.72059773448203
224088,9.82969514777177
196205,57.78222350009475
89075,15.443369655358161
159021,12.504115697723783
14249,1.8329704218737577
56708,24.212016023502017
275923,5.905424128773781
183347,8.950113783930668
138374,31.005438053895404
252002,32.68342399780352
117946,13.47330269253137
40825,14.005180660190426
54616,12.589151205110593
148139,3.7450559077870658
170406,17.1090216429833
229872,12.757701502188963
108358,13.848062889246865
210589,14.987812827741667
60881,11.0840783534716
178682,12.03119471645509
185346,19.66322318524326
274500,23.77263794972358
36055,16.86040840832254
147234,31.67492876993643
291794,27.74883615724871
31757,26.35833154331823
92748,15.712934431662692
153647,9.367149853420042
57072,25.361395500548007
267117,16.247638593307478
159355,22.457289990678348
24224,16.968286522069263
280713,8.510764593280724
108685,41.15878355555953
124858,12.539749459912798
292889,28.84827245116795
285592,7.278221458830043
289473,13.411694957507788
271182,22.580713507394456
270460,30.64594545654697
281536,34.10392671407495
89211,56.17135215201572
269957,30.161695348859773
137124,22.260244983719097
74217,17.21001540597978
143530,23.059136211568244
223012,25.732928329827025
2993,16.644275066551174
103258,18.02545737692179
648,21.888109868915876
88373,4.975948233208517
283966,25.632211349183926
266971,12.792288306614346
171149,20.110492836562994
244953,11.341486561901414
247880,9.628453723486288
239475,25.752424940440385
118008,25.19504174599131
41313,12.630756317138054
49443,15.782686553633276
292241,14.212119071820148
298248,8.073602786916961
198878,13.080456893985044
226273,28.137860916623087
177138,15.941874754550568
272526,46.19517877253222
145879,26.302466358402135
100611,16.466289486209156
145385,23.714405706879642
79028,18.567207866419686
98825,10.729639091534697
259700,21.024758648791003
29976,17.250915738024386
136594,5.137639522093217
40954,29.330161756216583
106135,15.227583602309558
85384,23.849002299372437
111824,28.240318752244278
227136,19.070793257069532
187853,13.06935649248688
248252,13.883350308492965
20243,41.59805068093838
183782,20.677411562407887
99946,25.10288158532333
213967,12.102397512438
195677,59.93430210109078
46420,48.056794328643335
104194,20.24637990145737
69755,15.424519126591282
64500,17.32643655134932
230565,12.01122906292376
108798,19.663379246033326
266818,66.75822751233136
286878,15.212825302894593
123499,15.208790715871544
149354,49.08970590246867
8763,21.84970814059962
196511,37.210050973627176
273196,24.80150689782068
147181,17.676945245018487
293485,23.304641727179863
87283,15.568503907465477
82613,13.856684536249762
139486,24.72630488983227
149717,52.92862942063527
297572,13.21094435882652
47086,16.98585914268265
163791,25.976070980235157
170500,24.683231903960603
170545,12.716675829787253
208457,19.965716940148535
33116,17.2399947043129
249520,2.560410477025032
272662,7.086207066565372
225017,18.498500531449636
192352,20.80464146398247
112266,19.139081154012747
3623,56.27461088201331
282899,2.0099156822045803
46198,7.701575487910464
215453,29.496725002576127
60789,32.11973827561691
59982,13.669520598215037
235187,30.900166039618412
65946,39.072836313863384
287090,5.642521889243973
124640,50.68850123319232
270209,10.588439849028727
126159,15.916469427406614
175962,110.19203909192149
247091,47.14868433497178
146822,25.91774440774737
142294,32.51283636499973
292506,9.474986766061132
113767,12.525249666396295
136127,38.856882682376046
208422,17.00403034356656
195610,60.474170261881305
873,19.514636166529563
91109,19.099210437004345
267465,10.60937151316303
206625,8.211744441621276
207064,21.31774950244258
113906,9.36022527808386
158996,17.751541753442538
169252,42.403906496721746
194024,9.930790759211412
138469,18.69639026698329
191436,18.48255114597561
37539,39.76486118746204
152364,27.019235226296075
177492,40.939676422885476
278982,14.051880884680408
24344,12.870942540154648
125761,25.154667786053906
225268,23.368091906688623
250193,10.250991569035541
97505,23.092733060034764
284950,12.672459169872567
130218,10.738573468137186
69906,11.128791578980845
168040,29.560001320537673
156262,16.369913859245717
16237,11.02590710942931
168026,12.194417269218642
37556,17.336878907589835
116552,69.53619459564638
51470,21.743482583146996
171488,23.47931760824146
113990,66.22880696030893
132520,17.578428194818535
165351,14.640017234478634
204417,28.33954331698981
231446,36.149966021466945
9119,12.51550890552273
92851,11.641521293448973
9857,19.789093947305957
232435,21.856621593869846
276963,16.907407787828376
196203,51.51549312106261
170423,14.385033048142713
76405,17.574862760873774
24815,19.886510526827564
228085,22.29934731289426
287941,14.209620316967793
196378,71.34596483641556
233386,34.45899081681315
112071,26.372404041473995
236954,35.8169953049324
197439,16.313245998528643
40320,64.83824706322395
112173,26.390371182534338
247826,18.03796021732588
262256,27.606487242546116
69408,24.80414774769504
115809,21.813834747133193
17435,40.92984759524753
126751,6.527877762788044
12727,19.575773652812188
44457,12.534076486422954
144872,76.57949547217962
255075,32.394556448753775
216794,9.232527831614096
6796,19.04058140212819
50478,18.609678706632344
278444,16.586688496804523
198328,61.5700143330193
159296,12.28487219370937
141123,28.983090427865974
248440,40.753936217023835
288347,14.934324265316285
235721,25.835887651298577
200562,17.750016009671107
152792,7.370787841735158
216244,14.573931589289806
64425,6.7532366265262205
103564,18.554008351235602
197766,65.09361324059734
122799,40.2137254121787
17321,26.494174875029017
80702,19.14705182884891
186435,20.61559263209891
290075,11.683507123666077
210256,11.025090521995171
11128,20.450612271797617
140763,14.855379941091666
252729,18.082996844468266
140760,13.663486241987155
147751,41.97182353999958
287395,6.098088019395638
296128,24.584876256159443
246639,13.575082990305827
76708,9.910217982858827
143171,27.137854298753233
217479,21.88457959703666
158073,14.035287029412842
100713,13.660243715085784
157476,88.55900413646305
125765,24.651533297520352
203178,34.012262110359345
16945,47.513032745854794
120814,23.911253937740284
55408,23.31544483159372
92419,42.86861680297891
53890,53.62300691915258
258723,25.857007497689274
193054,35.96412598209544
149496,22.488049347309484
59311,13.65018571928858
170294,16.053055115769183
229851,8.473122986989122
257632,47.3346583682926
47162,11.824544851610431
37787,9.97715637843981
174297,7.657767958802054
248408,19.723464294731265
215054,28.636073015369085
63689,20.71027618990471
11266,16.391738649983065
192837,33.66268012869128
62605,16.174557474749133
233234,27.924659171919565
224331,14.693880398196892
123825,56.13833829817944
290225,25.965968836680823
173723,11.52186220609632
36709,15.407804414662309
239563,10.133145758645728
189850,13.117441814376843
275122,27.225756366131044
130892,53.22630027794159
252629,19.780111765970698
47402,29.940659130807596
45972,20.31426230659288
137220,8.766571699402283
101907,57.79646218484239
56021,30.5770694079294
25335,18.925384778570916
65994,21.209241654308403
6016,9.516311182285072
151304,28.4031078357671
294558,16.56062763062934
2559,104.53028974128807
95911,21.289305927723753
193628,27.907362657868006
146940,55.114544258275345
286681,18.843536507183074
32914,17.76142121875216
67519,19.04558989534504
21466,30.92873798476483
43230,16.407229702959985
184534,10.05522533698888
190905,19.030339598469475
264391,11.832931150329621
289404,17.316200324317396
8069,13.475577961192315
168181,12.605717896305677
18678,10.63927386227974
80189,21.317358824263223
254539,13.00565335757818
197403,23.145934775205724
45116,6.837170263888348
124724,30.4527625431435
101119,9.19705663701382
58070,24.98526985807687
122093,14.336236514169965
286070,17.030633996825312
127406,6.946498503456752
247424,26.533614783019743
234434,14.186788574423986
295020,23.27056441013781
196679,72.99532065138425
14654,27.801487752393776
204633,24.339081880800336
63861,73.7729742080407
149658,18.57262629899933
109119,25.10661793755008
104013,18.922906825002208
230964,19.969033134159226
138340,17.196090747110343
285865,7.4987351340667665
99164,15.568423779825828
28533,8.300216483204743
286156,11.03126863657001
59171,5.68028975989793
10776,25.164779047046125
171744,7.930583348393805
110157,35.215524443084
51958,14.9867900904514
204526,36.44888482535464
80197,23.995563882013386
279229,13.387619205859332
135701,12.52797981801264
54934,16.34799339879853
236512,35.57824512524838
104495,18.861269066088227
81933,18.567207698984515
56672,16.890442305626067
174856,12.15182990253834
191049,25.54174857078675
235677,23.41414129343236
224238,33.82348577211956
81807,17.976374770013688
238455,32.01083372930099
156893,62.80119416948147
191090,20.55888628654374
101040,27.845904876774377
10695,14.721402683904795
224740,18.215540149742942
222115,23.172733670029494
2440,58.51636179403833
212108,58.82928371514255
81665,40.39300125727833
7206,24.85149625457143
16904,19.784568413512375
59223,19.44180237524793
20324,42.83396676960232
243939,27.027678644906786
218003,19.944667378774408
263592,62.97097748345417
67444,26.37779023921287
143746,60.41389957950786
272068,20.100078277222547
31850,35.47477122245222
24399,99.04046424585692
6505,20.24284264357796
294784,23.587547253687347
192527,15.015995160132434
61962,22.393223694695983
112201,15.017537929923435
64944,12.455161618022553
146529,58.015998444379875
36698,11.607212634799875
175473,18.866343983219412
279559,19.851591847990036
86268,24.73353354886946
221762,20.33974769340331
267246,72.68763540169633
244334,17.721630868436517
98983,20.94138313591499
101053,31.70779744073389
583,4.50483223519827
212604,22.41198123688718
161454,33.146302865248195
5125,37.970084897759484
42231,12.782817953603216
264816,28.507355896630976
179188,27.585916363118287
203718,27.99942609452266
59724,49.68470214806393
274132,12.346737762589058
13358,26.7513952077321
12470,8.672179722347202
32253,7.79952579961248
245162,28.316724404399856
111016,41.078833994053994
199772,23.77371321399678
183020,14.019314144831533
44072,14.981800302287713
22646,16.98280140247048
214457,10.210797061816917
35471,28.714692379951707
136214,19.6596321758797
23432,17.97663893112785
202927,13.042912062394569
170264,18.522659933765002
14455,18.086403955185357
22081,18.41638744607725
224762,27.088907385535556
177225,18.103572784315094
15988,19.465621643262832
228321,21.029377176920214
178768,10.623628462203264
233415,17.864173557064767
130478,10.844810449761281
290999,20.263190398837978
283280,8.820813349052393
105387,28.536160212057
204599,37.495294173570464
77766,25.92939217566162
109674,21.32238690654075
206269,55.1029314287823
134099,19.46850741563351
167895,19.78988151758343
240230,20.12809082115541
165642,12.835830990441966
145992,89.929672992679
261148,25.50859423236716
206767,35.3084714247352
208279,9.330352336692801
224958,22.327553882327244
153159,14.406012956850876
216495,20.205939692578283
43709,25.52789781099229
150400,11.593479999229936
287616,23.29529757600739
154712,11.600645643393712
285111,45.71351880661674
215390,24.062529876397072
288657,4.132139203442916
70060,26.897510080686068
139421,44.30875810355369
272615,21.547763920011114
6250,24.873286288811926
75741,11.458312386585641
272928,72.47342308546854
22762,23.495323273372243
78318,13.99159997117706
273430,42.28506443182268
44279,10.331312024761171
286396,5.118349736225817
195655,57.760257779565556
119506,30.637371717464262
129154,15.822733046779469
206087,26.163508092958118
125129,18.618154979919566
224104,8.43527701897348
174330,22.803588300550423
213608,29.22957645353778
97949,31.48083949564188
260896,17.325110243895168
210118,26.20362199518592
270233,11.151370949410293
14307,17.668514868415492
50579,13.629762302792667
59107,14.117568477444586
120489,58.38147571181734
281749,1.3539591697367328
263840,15.034764692651493
200950,23.679094068463506
275254,44.46196523852717
107526,17.23124092461699
30754,12.813821768183494
110914,16.580825093044613
112070,15.334742959191047
45067,20.32398041342553
273602,27.524585437911973
29998,9.837772045006666
35166,16.034182907033816
297681,15.874587276336886
29923,17.333842993511848
182173,55.673309307806555
223618,27.613815642696473
280323,41.66540076315347
222833,17.394911973101827
241485,20.042037570727366
57465,22.540577874570616
106977,15.809932384130882
241907,13.975231682733146
47326,40.88028621681648
3260,10.120041197788073
175271,18.910000945910582
86276,13.173625917203232
17111,13.864297462474056
28069,6.690295876760041
195476,42.15010272030391
39927,15.971509948479675
154654,19.196384656937894
223110,17.405997218938623
53836,36.303521809870226
281178,19.133169442526523
251118,9.632120515464933
265184,9.68452624568595
20817,41.527704438904095
216629,20.243107780791277
89146,12.435207757162573
156191,8.61871578671293
148851,56.70505216957036
68606,10.91618134227256
130712,15.7359700671301
41089,20.07169038493405
247640,37.78876151583543
222834,23.538298559052294
66305,39.901805902082685
282582,10.216537683318684
249147,11.240615930734748
14934,35.09839071417022
96170,14.907619843859035
52937,36.588998842309735
153339,9.797486637955146
137856,17.02771691230805
188417,119.7122484698611
199397,7.409282484226576
78654,13.583865866067832
33505,15.36466842288651
55889,30.406616794421232
32439,18.1142652033109
92914,4.659371379502675
248109,28.316048744853262
115818,17.898936941383983
19214,50.02501872970738
40470,13.029068107167515
180238,25.022829979088115
100065,12.017126426931249
64393,4.074202598456693
18586,13.372402673304197
197390,29.375799657372845
146051,27.600628788721984
139027,13.65501582788644
189078,16.371680698192797
184778,28.978271124556137
43434,21.729074535204496
39512,24.69754755331276
230362,17.263374576242978
25132,15.88809682981762
165726,21.129610232290993
15007,57.68789928735952
208330,12.004876666166414
57381,36.546124288182895
76939,23.119650227376663
11354,17.242828576418823
48857,26.59053478632489
11478,18.98365067907048
112029,13.548017381456754
158102,44.87932156359435
52288,22.24823805131897
295975,25.77961010114965
21560,23.16171717469738
99066,20.85031247262766
138016,5.872515935091565
9699,47.83248141120331
236208,30.264710509041812
61535,19.292310805758213
285553,23.861563792811864
30507,29.78393483443689
177140,54.92536387578799
10609,26.995673511163
13280,12.279533568934385
56071,17.474285900228814
207930,3.2244635413745346
82,13.604846180487815
186969,10.23599290637733
226897,19.445486152011505
207091,16.65384952229224
126361,37.26636534498426
279015,17.71139536179807
19160,56.247466553391284
139918,8.638579479268925
27588,19.540784472916627
97535,24.388204379295715
249000,48.127234805488825
264180,16.035931871310574
259335,19.624852155169982
293832,20.61800357560081
247623,37.078347887105835
237695,13.86258369607458
116962,34.635106769653724
81699,18.03526990282073
162371,22.684562017756658
276884,36.32137866141624
45668,13.208410214016146
31800,10.839384309238737
278373,17.01412059618721
38630,13.012138015241893
121007,12.271978644589893
272722,20.947862073659074
268917,27.224939882629393
63561,16.563485226733896
153113,25.289162734583705
123632,87.09140656618331
146944,92.78020416784915
112132,20.44295371503206
270637,7.759756376434787
58040,34.08785765084813
101807,41.2986807606079
143321,16.58467504662353
30769,20.424273038125953
268001,11.391380592959534
86655,13.061974868787587
190874,20.719966365893338
293954,15.769483841493908
189767,40.45299986700364
249513,12.966174080246915
107070,30.323367111261426
282873,27.384311316316523
3546,63.98518180620764
91361,10.896646870866899
256334,28.172754438643928
94843,26.760764324813543
153226,18.06018251584459
202761,10.281994091428047
167868,20.070197054391954
58185,19.86087453035917
68848,21.451868194270084
55427,5.053354220820756
53197,27.337092727456643
118613,24.394595183223437
286394,2.212053160592621
275929,6.345873698648337
79478,18.93535308836193
241863,33.50642381377114
189873,119.54542791580005
28787,22.761409544577276
30426,26.470158495629782
134300,18.734904549999346
270498,18.061956689447587
293958,14.683835346420153
2350,43.90130456191118
147765,59.40570196314547
228975,12.117621607571248
45793,15.17363954626493
254232,8.299647683079739
39574,19.516491312083996
151257,7.788163754414123
187506,11.398922288468754
119733,13.867856516319527
265876,17.590992940800156
226660,32.13107966448741
282466,12.44782711339218
273808,13.202016076408079
84268,12.376634441417771
72808,55.748785649314634
226224,18.340786498011703
17530,8.80407206283925
89767,2.6788276356367184
155382,20.85518658686387
7806,23.240258159274312
4051,48.7894957222398
80009,15.329558672718086
125286,27.013198004877285
248888,21.30106888916359
111110,6.950802065567739
4290,85.09652269261375
157676,122.23283099178195
20866,28.947539217418885
287891,13.618995137493426
150047,44.24292992776862
98775,18.734420469004203
168873,18.798215494456123
140303,22.911091614301334
146348,20.53457689057999
136397,11.400382313639884
9324,14.22504087613773
203733,28.534076822167094
132054,13.758349166419265
83509,34.03143555184197
237862,38.090518454531356
134937,18.22786780592469
289277,18.283271665377356
46627,22.045362025329553
284245,24.173795823598624
58531,15.975529931654599
291246,21.340313633971007
92325,26.592332478292327
50782,85.26589684457429
44503,51.01336381229763
113686,30.213539591850257
262485,5.893860593525355
103674,5.760158121698044
39013,12.868766579567101
107624,65.62038209711574
41104,9.581484383559415
117561,16.6089117178027
65408,17.856346011634646
92668,15.735676376262738
34616,16.529299107826205
252245,20.441932545268504
39043,24.294203628172333
157179,134.28889536882727
139522,24.942438834185708
283252,21.35631409086183
86808,15.143579715048766
39433,28.424685678728142
18890,51.20075209432439
118383,19.537376058195484
250227,15.66767710138383
181811,23.4660006324604
235188,28.894486778807767
237315,8.753224585530791
87909,23.92932897516828
42792,25.38815599121225
107475,30.960925793494617
23861,12.647134738423592
283572,11.454262369990811
156669,15.650932718589218
135117,12.443285703144674
250569,22.59649935336104
144982,66.23769476836645
295253,20.03487467814337
60920,23.703326342845834
240305,27.20009936630784
60997,21.31556880074515
24960,12.443452163367766
67607,21.06302787571486
185794,21.858565555129474
101325,12.30609934006692
118210,27.540370448549503
226342,9.752915639537648
55001,11.130954008952042
208464,25.767999714263908
65880,12.98233332896714
82044,14.282911573655369
281331,12.574820257621397
290234,27.54440426665665
281748,4.594357994425975
109639,17.639539355017774
78924,11.403840627023609
244187,21.027463235079136
275570,14.216754355225103
118794,6.303728453313456
89884,15.981227127541512
32082,25.60725452646234
149206,17.823725674204695
115023,21.828569794364363
157352,63.310415467475885
143501,12.447852134548976
261575,11.295264885057927
184511,11.827089818750832
94405,18.567207722744307
173496,32.48915302592423
249899,9.897493567987308
1404,54.231536149167574
132165,17.595644507764675
216657,20.14087112084153
167675,16.587799819111577
122805,16.857769747847613
232237,24.410137202942746
50113,6.477693821187891
216925,17.733660971382392
147099,34.077961554676044
91709,5.095488928623904
83991,19.58428128059746
199068,24.857154562138646
103488,14.63301115804429
78029,17.18362314670832
206399,39.48108935489116
115367,10.958761667040203
197262,22.528118795025126
183376,34.245054271280225
120412,11.253351096697028
130404,17.85478850009637
17725,26.02553832080236
209384,17.432425095388837
182373,22.158629768273066
143256,10.502067954544732
291481,13.86969705441399
283240,24.252875593626012
201567,31.61616989869335
22064,11.078934526450656
132291,11.428880873125642
219848,25.66628615361447
3552,79.35707568656667
6555,7.408306049505727
234602,21.352735162429262
19966,58.80700609624654
276361,23.293825588679375
147078,35.35055423457476
52174,14.12928280362253
156208,11.43940688189484
265459,4.126395963098558
30674,18.874879821761787
289357,35.59364573472824
260030,11.483249211845134
135128,11.48827949801894
41804,11.283617831702799
215010,45.357928567108196
12801,9.387715033855503
36628,13.414595476488543
149933,54.98221206519782
278760,13.802282559280933
202112,15.114840234247808
187199,17.07998229676908
194193,35.897425486212065
268028,28.57240146203427
51613,16.05591267222844
89117,11.991597842488737
202739,114.88550551458098
26966,19.85643829951768
44183,20.858700611096317
264776,25.47128223756327
239361,15.53531161253676
22402,33.05107201946553
231840,13.809773722085659
264609,16.690962166303905
178562,19.292074751262014
18748,62.833094789233066
172899,7.962556725893103
262209,91.51639054464371
109090,42.02885865524646
166361,14.68132281347783
179023,19.657927743689182
96882,16.012847217111172
77119,18.895843740964107
230949,31.97539774660779
90154,35.56608508305643
90888,9.696755745896352
57923,25.185372357430367
229440,10.943116025632474
96676,27.28994040001688
267262,9.46119842533773
46459,51.2874339303521
127050,32.23055313140489
278213,16.60585494743826
171656,38.75886329064555
220364,18.72868408113154
80580,5.354671579218648
276521,15.086425104160433
6575,36.822141931549815
49740,8.832379822477494
81683,9.934643104864453
70482,32.51402895906585
287914,19.982899062177054
2720,43.23513705578539
291721,55.063045960947115
84718,18.155966558634038
13525,20.686262912185168
124261,17.014053239830602
249235,24.720298246246966
296732,27.85673159683527
209421,27.149152304808972
167890,22.082519783966305
80033,11.745047225018762
66073,27.928794105562133
181739,13.89769636877158
226308,22.192654844284583
103567,29.960955651432265
60403,16.260828783801486
295368,5.132159811197548
39789,11.428611507158742
88758,15.974374762366796
176024,24.284154666315928
227337,18.411784965546836
160995,78.28497663658445
263120,65.70770050304884
86941,10.100503214612335
174640,11.414757325515195
116788,13.275960669174856
104866,12.203276674475326
126470,29.864949763831582
236084,23.00387408426254
243608,17.059864326738357
286603,12.178049850274025
20803,46.13302378591806
275837,12.021629584673455
255567,20.600009725274326
251052,51.60829979556983
35852,25.194947543121785
234261,12.83858147472299
118585,19.14098392620827
32293,12.722839233170603
206414,20.216540676693597
180096,14.1668091615239
286579,17.17541262770032
73463,6.594736314833863
184365,21.252590754902215
87838,13.779250290675236
211698,8.342471712898558
9178,32.55227437170766
298942,12.167012393482608
226068,11.979625902872701
13344,19.34539126497935
12654,11.994742283268607
56262,19.228903144312728
227930,44.11391998056663
10577,25.26921177860189
91091,25.71031070802903
47758,15.010902671368108
171294,9.899474399178654
1649,54.64670820452064
64635,27.931841508270256
208313,25.576861709404987
285927,22.11107101022437
22945,15.140910347727711
129623,13.05181548870172
166224,16.61668015149423
75151,15.457857362587184
277575,7.226217842023814
186209,10.93201830717753
222695,17.403405035720773
141049,25.476510003958076
130076,10.980518799878745
142828,55.00354946213128
250368,14.83116697683218
215983,6.284181809126965
198402,18.935041918781444
297909,16.90845388263071
102521,11.163919596182264
216774,15.733074236170658
256693,22.68119064623589
220112,20.89050068788396
207331,30.446584117572364
264518,14.827971439189653
18288,46.416077748093024
7283,45.621214748198575
218518,17.064521216675182
76725,10.082002740671136
202458,11.309851988011186
260390,12.262152808077527
218689,28.129227586804607
8969,17.055088532428748
173154,10.952621062661812
216927,11.458721152571135
261777,25.67789861341353
126302,21.902943176898763
199217,14.519520275805654
187494,18.738379451975888
286388,17.86868985597541
217818,13.527908369474043
257166,15.840063527846745
178060,19.106669066337663
104349,20.3960860062731
170581,18.470733675773197
9537,14.964193742187462
268332,11.849405424916664
146037,24.943163528236695
34508,15.760230527542753
150332,11.589367484029706
907,55.338963062606645
114750,14.59505284478628
9015,25.943587401291843
177511,24.267127114944003
31843,14.319120355267849
170398,22.36741672052106
32469,6.815992588772687
256611,15.712740159696917
236035,22.277261707329174
196552,47.824981924217774
233601,38.36174711385153
276174,18.216646438337108
141823,28.8743890398099
80740,6.307626558618402
202496,24.897098969744967
37077,9.07686246676417
123069,59.5949483269566
265394,40.94962813185924
5581,77.61447789582604
207690,17.07966133488706
90729,22.966816555356775
216222,51.49452925366216
1441,83.81888149482734
110483,13.416237436416754
252788,18.56720800786179
249175,16.49885397367467
227048,17.01642077633894
106548,21.182437242758716
73440,18.37530807159028
104431,26.689877428670925
145655,32.1546106330264
259565,19.82986561599673
167018,21.153774137217376
204069,26.624769231146622
102314,26.593106691490185
22963,6.844638216345967
172540,16.668980548911826
162345,12.02261321621527
268506,27.555557871867435
264905,31.323560227467233
25949,17.190740269372604
204330,19.296091312662146
77878,24.424985762741166
133182,12.975902345982945
80981,13.50921706738364
185687,15.036003500238387
233496,21.195111230334845
150727,29.289638321954893
12358,18.237158704882766
70534,19.63825662084475
150082,18.029655687369
70941,29.82076797005407
242880,24.366976464586628
201760,20.32641222645973
283123,27.563258239892
119893,26.9574534346351
107780,24.39849684275775
28139,20.95311343157222
133735,11.380627516093586
70635,51.906303695813996
123793,3.586674673475766
294743,21.2476717191607
241157,18.976813098674754
240988,19.48588234925253
191771,22.076156327836017
152213,33.97122270530802
280100,29.10612892361687
205613,31.67790185720579
57994,28.234390456468425
23613,10.975098557636347
120702,18.219318540475598
232271,11.990798373964061
11320,44.160588977295966
41368,12.51518732494955
22928,15.669450245220162
107104,18.35261431400422
5424,54.10495149211621
142043,88.94190597789148
180818,16.36923605758369
38777,16.559728441790362
192335,84.19037178184504
116805,37.88215969306541
90598,18.68249999133515
194689,22.346701124074496
293622,17.88807682257798
259912,14.46970991447466
223768,15.153465172007625
113228,12.702767569900175
7576,36.469059653152065
182129,43.9569029415247
299399,19.750986592889696
118045,55.59445584954393
239409,14.142652086067855
240242,39.732637557687134
141356,14.65339030105487
120180,11.229490249305126
91050,21.708642955161455
174723,17.09737411997265
201142,36.01668262879193
193837,18.92655412509798
285882,11.32834007188002
226295,18.89204215557318
37068,9.604849628317435
179714,23.309717021866028
45520,17.816888895954634
27819,21.23469636826237
102014,20.5104934593151
53605,24.610287561533276
255634,20.459775602052005
3513,55.621240196376
45652,12.554510888746915
28242,15.697235911017913
74285,22.03295988778805
19243,9.973421704836326
180773,20.70839293893355
29427,10.333504307928685
56868,22.370483316252724
125492,26.974509915107475
84917,12.605480398905476
165643,53.43033149046354
226792,7.507679216961616
224095,17.35937376119983
79923,11.438543340449575
31709,14.101437540546158
207826,27.311457254615416
202129,16.520689358324972
227418,10.37713448959046
24333,15.786414171746884
87389,16.751808891555363
205757,25.408527460322254
221553,16.678955250926744
8965,16.37309441861883
211758,50.00361589559588
245938,15.762653416207392
217376,11.667357230239888
267421,31.95712848804139
60555,13.218212609123423
13193,9.521533812813242
241237,22.40234493145107
44166,13.777535623980874
114285,19.521556071517693
107447,13.708656294562196
9062,22.179529998953047
7344,45.71092233153653
215015,27.132764948634247
105204,24.27071440349993
89175,38.6181735656265
210410,9.526055816410162
77182,14.950339289375957
298501,21.3580155785768
127012,20.501410191376053
233233,11.522412814866076
9512,16.754508155955033
178200,8.216031995660206
203812,20.387116854055844
188609,13.502813876045957
232781,28.338568139282753
131738,28.38710637315209
250985,13.210444624493443
288313,19.20481597861388
41930,19.784789150087953
189913,89.58593641205019
262177,20.40705160792274
241112,20.822008422174118
163435,21.182242262089588
174035,39.97563258591398
65821,17.159495257373706
51804,26.242503700478167
211349,32.428261269056854
55580,17.7119027286006
183449,30.69230118438417
64173,43.65387049733273
249231,27.25574111026578
136893,12.847854283926011
185787,9.483916460409409
91426,17.154845458711467
143959,78.40691523746568
180586,55.91579657445388
97814,21.30790832345941
41088,38.018090579200724
74572,16.084130988603977
79320,4.443682464448646
255164,91.22939275144569
264943,13.094990937497592
247270,25.93138975495407
164330,13.765190899592504
56746,8.512980220916686
85527,54.69063871171236
29,16.946129028158165
288501,15.360467093826653
3276,43.69977680917411
197509,8.93822235979204
203791,20.314828227584876
192217,69.93525702673892
76914,18.639620568772976
180828,11.233717822356184
94247,9.433887822434267
266647,17.70331035594598
99047,29.572390017202252
133604,9.11652055675816
267915,19.738205216782955
80835,14.37881398452052
267052,15.62612279653678
87539,9.592075364819975
254379,14.592010621938794
5381,33.19460488423993
117370,25.578342695450118
203089,19.323165607797876
278320,20.241072327089785
58951,9.853432172981552
105560,11.656908729225382
246157,16.655323587817016
293147,11.355281096879018
282507,4.658103203317265
11444,10.629832897720453
121672,17.6999185132018
62469,14.510555793433682
172640,27.768134298059643
97686,34.44773047683989
75800,4.121541905026637
294278,15.751032037180508
171412,29.792274669253366
259501,17.606442239411912
185258,30.943950382599546
20640,37.26084904143102
200777,23.861714284636637
232165,16.634760184002044
204973,12.168808420031658
59507,38.81901364140364
146421,40.72025208813051
111773,27.554897147414344
77189,19.59211190845044
2529,32.929988467255285
109052,35.092673796889464
71711,20.548767039789304
46245,15.11801449930244
169122,27.229046175852247
172490,13.81936050391587
151212,20.872874644620364
183528,15.361071703650431
200196,24.053678916170927
102735,12.38831048135436
185380,15.328549624881244
145766,42.181250193702446
289222,11.844685293503925
193361,33.820426281170974
267184,4.609946607450496
250809,58.59056446818702
94595,19.19505744463502
180185,14.613408692373024
174852,12.9239463888898
12620,18.20751526573582
195615,42.7865349040821
271188,12.140530909096121
19430,43.4075352475853
197913,16.92303691353768
163234,9.94249778959086
85734,9.76842804663362
238489,25.32599895952565
23874,16.54081813678598
158195,15.38506462753164
232089,30.510325395417176
269542,22.843308091967565
66452,35.67982738443043
21610,17.293913828720456
176804,24.657727590592025
154829,16.12869028668822
214976,7.911291190014353
153338,14.583112822337213
207850,20.956356764553774
20067,28.029244158185158
79710,12.687038141988083
1093,39.99233264389424
172611,12.736852294398979
191221,9.313239486736935
173741,10.70620688458582
234140,6.460522982652845
226088,16.72735880743294
179639,18.06684163071365
248517,20.677683036299143
263438,22.829275997958497
28569,19.5587322638006
240080,18.587655561110026
235848,23.62913657312426
127569,34.48395085453672
139430,13.571469530141645
299332,10.357596021280338
155239,35.884049519665915
288071,21.381025501610054
93868,20.683291594713527
187810,39.60316387750583
180971,13.320714696359705
142474,54.964055994759306
252127,48.4696430906966
183526,22.297578788174995
208009,29.75074271474604
79443,23.15037144994042
238161,13.754751900805903
176534,7.440908120409116
265894,12.83736010515711
124775,21.70930327855284
133008,17.135029693688725
146385,27.593251677611917
89993,16.431173864914694
238988,33.99299999900804
116644,29.27443764318968
114878,38.29830491088549
173346,14.372736124651318
148301,16.72314899205996
138014,15.912259108564172
141780,18.521460747346445
146948,35.88203588769053
210700,35.008341054991384
295407,29.198980284729515
101812,12.747596664145938
191559,8.60964311962071
201038,22.140452880724084
179918,33.94222587904023
79471,10.310506224188202
184724,11.02435151851207
123797,14.644762219349342
124409,28.916211852302776
74619,29.9619997560606
242980,29.752210241506816
133147,19.204816003490308
100869,25.014310098200493
107733,9.911135505346794
122369,20.3711654573281
232929,13.352560083324146
269568,15.777393554654708
53994,9.926258320080283
129479,29.642811082217413
59956,20.393031029331503
192906,9.94984443262901
66547,15.860179907601147
73274,4.518136973291099
274040,4.67268694824854
46802,11.517375834208258
14109,16.089116834160443
3329,29.35906638961006
30974,15.583284150719848
268122,11.336022611215853
235241,12.935233752539752
239312,16.962196748094833
134969,13.362177315892746
46513,16.104403487437366
231936,7.564039988861962
282208,4.04011345086463
95429,17.772326335663447
150856,15.862781206718758
192749,10.802877937100721
123041,5.151960763324287
187892,23.429802067358622
88552,12.25537801462469
77270,11.33998506359428
26922,9.368060349807223
17812,19.030857701813737
198437,23.544075666684144
286060,14.813981163314292
35241,38.696802898314296
17657,23.525295503540917
168544,15.816319773050772
208413,37.09785424369497
122938,16.114893210077504
191273,14.68579798090844
62568,23.373058516019263
128587,20.462178088087686
14558,13.63199672554435
177433,13.121312593852586
176002,19.119994245503733
60205,23.756811457452386
50372,21.545700077380857
182610,24.960978856258514
199260,15.171020762127185
79741,9.975986390891748
234362,18.96524504856655
41784,6.610514160445941
205942,14.24224286317731
26605,30.132027743874296
87108,11.820199668036905
26359,16.55810629608829
99157,8.492249378888143
176978,11.963965192120483
48833,17.96836552582078
192239,18.85323283337425
292614,17.71236690187949
122549,21.637436475130336
60037,18.948947417503504
115434,20.56771118069706
70255,14.747956926467104
247854,23.411401034533768
272064,25.673553327764452
113463,6.130605528159544
116335,7.7629337803303855
235269,72.05422980923231
55380,13.677100467051496
117637,17.66649523302673
89274,27.39751139437562
39302,15.523021010353503
278717,11.464623368769523
227042,19.034208501651975
284961,20.055711190200064
217737,11.623452656278896
56105,25.211374938723008
193025,24.786261007737327
29357,11.869559614744599
268542,10.428815641845983
266300,12.707638784858533
152603,12.978464886105979
170700,12.417285144781022
261324,9.969388622325216
189184,24.30911691870717
34082,20.339778070170734
123583,27.587047980473464
259695,20.46094195429133
82429,20.035393937100736
172265,13.836055466582174
37436,28.10127055036311
277265,7.942094864014994
213515,32.002054156487965
286421,15.235860196436867
189486,14.649898796989888
25399,19.575133078764342
60469,24.123113828069894
49889,12.150660682990477
107811,22.343705097481084
131547,13.890355217642387
187611,33.4471806735882
103211,25.548706856707035
298271,50.93068785973
8851,14.616870511805647
80655,13.202575147597937
225544,29.626249739617464
72498,69.59675639755667
167364,11.268972522958268
204032,20.913202046032765
140886,22.259220971949592
32979,4.471488651273028
100182,16.551963281299173
285503,15.832285823114013
110080,17.767098418005904
36047,10.005097107395844
169567,5.553096578821959
237127,23.091973395361432
84837,11.706873756913502
122842,7.719908802476237
18939,19.48927082604139
47829,17.98063710398082
248310,23.445036504937153
258951,12.416423916948727
90399,12.778548005145451
24206,26.298293974571166
247947,21.009970950287908
267917,41.275218909071576
250407,17.278954030543073
275745,13.456777027871473
226753,25.204075016023182
187968,15.762920599764783
178181,16.24760938092083
16332,39.505251807241464
4440,19.725445515777594
219021,34.76244379334423
36486,56.83017128159178
221665,41.24282291949499
130449,22.029719853941597
142683,42.439311446231756
18454,31.863884841842726
197012,10.156772677692764
215090,20.41714997009837
42077,14.3374886262094
266389,24.227295472478687
22722,22.233916819288975
41330,20.45981973483353
238325,12.876841954145103
294456,22.252066315597986
291944,27.616858696155685
65193,25.02938072667302
238647,13.60255283245354
285651,4.694372094394382
104670,7.086172133570297
37693,11.102744914609907
83274,14.332346185437977
53026,14.67080117119471
232201,34.37410196900631
133496,20.21516015319038
46885,19.14491985194768
114824,23.518353651843924
84056,8.507632137693708
14094,16.532881064371793
92346,25.124324360270435
127630,23.55717473778464
86812,16.071547706960494
94599,21.034201702971746
218376,21.944230559103552
28879,10.526079804233767
295440,3.4178911822191775
287512,8.847595568829565
90101,5.649654046151108
198884,28.691939543921066
93616,11.207453238386933
239949,18.357741731375214
295339,7.278909447548575
2807,49.73201706424741
190349,12.363281052543167
165602,7.985258000074982
214026,26.347641714176277
237561,32.08757402396145
164305,17.610278261392043
22320,6.839103359518839
245922,15.565217842402554
264764,22.25551899490734
288474,21.237834239468718
256456,6.031729820407639
106853,58.18225588640215
48212,19.908211963654246
160799,15.098349669028487
294388,10.872883689754982
189675,14.866552530959638
189914,62.92199368889961
113770,13.439734299630832
86200,32.47874576020588
40400,6.619092184260527
74641,30.900086772886084
235740,29.729996985689105
206204,8.913595112291775
50827,14.108901073035476
21033,36.45915070599425
181259,10.151823965793213
87830,10.0265029625441
55,9.687586928268614
194058,22.31210362520701
7184,13.505280054385404
279863,30.293977667034603
165322,17.730276025927765
268742,17.71691119817622
69911,20.107399828827162
69196,15.567143477099876
61751,30.247245862654133
284019,23.104055595279828
192336,24.171039657568393
172965,16.62126949422109
155954,25.314535374584047
170154,16.4404161561544
6094,20.653297771285516
6758,11.260491236724839
17059,22.4542575985057
47750,16.402362713367506
82023,19.693528488151955
109003,22.771922744025517
146003,36.05104506264538
257246,11.85590318417075
227403,9.070694217502778
54133,20.260053181522473
98112,14.09007625873361
233425,58.13638931295328
46590,14.777603282124439
66577,19.74663816719083
293391,17.785643188898028
282019,20.404522283842525
78865,36.508909377687495
65573,38.31635542582698
59480,13.586798834455795
227457,31.651637214233126
257695,49.70979863308407
95810,13.950016247590536
165982,22.452147155470755
222675,21.5018987036443
163711,12.656946332976306
185743,15.647991958670204
226282,26.83040965845428
10807,59.47011096556526
46449,10.276310224544925
72753,16.69493386359642
119403,14.755387315746635
179511,10.439728574231799
298145,22.582395150276227
265239,21.481609978655527
260823,5.997782563507981
264969,18.55193076325395
256429,7.04673649235507
124127,17.320532025434797
162412,9.440139462044815
209650,17.47514241580265
10267,30.321689390920177
4577,16.87542315316835
286847,24.3572189082928
278307,10.266161640971443
176432,84.76814673492473
13472,11.343096224420933
29663,19.994020693857205
255157,15.191016744613975
215013,48.28534930132243
19224,61.38111655346594
279671,20.348411427231248
210499,17.909949679766736
32589,18.221387559432834
217939,43.60970325471196
134598,5.485821740658727
134515,3.923229513458506
249012,34.45301797612283
